pair_id,public_id,split,eligible_for_binary,eligible_for_multiclass,vt_days_to_visit,rna_sample_day,days_since_rna_sample
85,mmrf_1021,train,True,True,60.0,-29.0,89.0
86,mmrf_1021,train,True,True,150.0,-29.0,179.0
87,mmrf_1021,train,True,True,266.0,-29.0,295.0
88,mmrf_1021,train,True,True,336.0,-29.0,365.0
89,mmrf_1021,train,True,True,427.0,-29.0,456.0
90,mmrf_1021,train,True,True,532.0,-29.0,561.0
91,mmrf_1021,train,True,True,623.0,-29.0,652.0
92,mmrf_1021,train,True,True,686.0,-29.0,715.0
93,mmrf_1021,train,True,True,798.0,-29.0,827.0
94,mmrf_1021,train,True,True,883.0,-29.0,912.0
95,mmrf_1021,train,True,True,952.0,-29.0,981.0
96,mmrf_1021,train,True,True,1044.0,-29.0,1073.0
97,mmrf_1021,train,True,True,1134.0,-29.0,1163.0
98,mmrf_1021,train,True,True,1225.0,-29.0,1254.0
99,mmrf_1021,train,True,True,1330.0,-29.0,1359.0
100,mmrf_1021,train,True,True,1421.0,-29.0,1450.0
101,mmrf_1021,train,True,True,1512.0,-29.0,1541.0
102,mmrf_1021,train,False,True,1645.0,-29.0,1674.0
103,mmrf_1021,train,True,True,1736.0,-29.0,1765.0
104,mmrf_1021,train,True,True,1932.0,-29.0,1961.0
105,mmrf_1021,train,True,True,2135.0,-29.0,2164.0
106,mmrf_1021,train,True,True,2300.0,-29.0,2329.0
107,mmrf_1021,train,True,True,2516.0,-29.0,2545.0
108,mmrf_1021,train,True,True,2699.0,-29.0,2728.0
109,mmrf_1024,train,True,True,106.0,-28.0,134.0
110,mmrf_1024,train,True,True,185.0,-28.0,213.0
111,mmrf_1024,train,True,True,240.0,-28.0,268.0
112,mmrf_1024,train,True,True,353.0,277.0,76.0
113,mmrf_1024,train,True,True,439.0,429.0,10.0
114,mmrf_1024,train,True,True,522.0,429.0,93.0
115,mmrf_1024,train,True,True,624.0,429.0,195.0
116,mmrf_1024,train,True,True,683.0,429.0,254.0
117,mmrf_1024,train,True,True,779.0,429.0,350.0
118,mmrf_1024,train,True,True,877.0,429.0,448.0
119,mmrf_1024,train,True,True,996.0,429.0,567.0
120,mmrf_1024,train,True,True,1052.0,429.0,623.0
121,mmrf_1024,train,True,True,1129.0,429.0,700.0
122,mmrf_1024,train,True,True,1234.0,429.0,805.0
123,mmrf_1024,train,True,True,1293.0,429.0,864.0
124,mmrf_1024,train,True,True,1412.0,429.0,983.0
125,mmrf_1024,train,True,True,1538.0,429.0,1109.0
126,mmrf_1024,train,True,True,1606.0,429.0,1177.0
127,mmrf_1024,train,True,True,1681.0,429.0,1252.0
128,mmrf_1024,train,True,True,1741.0,429.0,1312.0
129,mmrf_1024,train,True,True,1927.0,429.0,1498.0
130,mmrf_1024,train,True,True,2119.0,429.0,1690.0
131,mmrf_1024,train,True,True,2263.0,429.0,1834.0
132,mmrf_1024,train,True,True,2704.0,429.0,2275.0
133,mmrf_1029,test,True,True,85.0,-5.0,90.0
134,mmrf_1029,test,True,True,141.0,-5.0,146.0
135,mmrf_1029,test,True,True,247.0,-5.0,252.0
136,mmrf_1029,test,True,True,365.0,-5.0,370.0
137,mmrf_1029,test,True,True,477.0,-5.0,482.0
138,mmrf_1029,test,True,True,561.0,-5.0,566.0
139,mmrf_1029,test,True,True,617.0,-5.0,622.0
140,mmrf_1029,test,True,True,708.0,-5.0,713.0
141,mmrf_1029,test,True,True,799.0,-5.0,804.0
142,mmrf_1029,test,True,True,883.0,-5.0,888.0
143,mmrf_1030,val,True,True,94.0,-12.0,106.0
144,mmrf_1030,val,True,True,161.0,-12.0,173.0
145,mmrf_1030,val,True,True,246.0,-12.0,258.0
146,mmrf_1030,val,True,True,346.0,-12.0,358.0
147,mmrf_1030,val,True,True,449.0,-12.0,461.0
148,mmrf_1030,val,False,True,561.0,-12.0,573.0
149,mmrf_1030,val,True,True,654.0,-12.0,666.0
150,mmrf_1030,val,False,True,743.0,-12.0,755.0
151,mmrf_1030,val,False,True,834.0,-12.0,846.0
152,mmrf_1030,val,False,True,925.0,-12.0,937.0
153,mmrf_1030,val,False,True,1037.0,-12.0,1049.0
154,mmrf_1030,val,False,True,1212.0,-12.0,1224.0
155,mmrf_1030,val,False,True,1478.0,-12.0,1490.0
156,mmrf_1030,val,False,True,1572.0,-12.0,1584.0
157,mmrf_1030,val,False,True,1662.0,-12.0,1674.0
158,mmrf_1030,val,False,True,1753.0,-12.0,1765.0
159,mmrf_1030,val,False,True,1845.0,-12.0,1857.0
160,mmrf_1030,val,True,True,1984.0,-12.0,1996.0
161,mmrf_1030,val,True,True,2143.0,-12.0,2155.0
162,mmrf_1030,val,True,True,2348.0,-12.0,2360.0
163,mmrf_1030,val,True,True,2459.0,-12.0,2471.0
164,mmrf_1030,val,True,True,2493.0,-12.0,2505.0
165,mmrf_1031,train,True,True,104.0,-2.0,106.0
166,mmrf_1031,train,True,True,183.0,-2.0,185.0
167,mmrf_1031,train,True,True,281.0,-2.0,283.0
168,mmrf_1031,train,True,True,328.0,-2.0,330.0
169,mmrf_1031,train,True,True,426.0,-2.0,428.0
170,mmrf_1031,train,True,True,519.0,-2.0,521.0
171,mmrf_1031,train,True,True,615.0,-2.0,617.0
172,mmrf_1031,train,True,True,755.0,-2.0,757.0
173,mmrf_1031,train,True,True,846.0,-2.0,848.0
174,mmrf_1031,train,True,True,1000.0,-2.0,1002.0
175,mmrf_1031,train,True,True,1094.0,-2.0,1096.0
176,mmrf_1031,train,True,True,1329.0,-2.0,1331.0
177,mmrf_1031,train,True,True,1392.0,-2.0,1394.0
178,mmrf_1031,train,True,True,1437.0,-2.0,1439.0
179,mmrf_1032,train,True,True,70.0,-4.0,74.0
180,mmrf_1032,train,True,True,173.0,-4.0,177.0
181,mmrf_1032,train,True,True,236.0,-4.0,240.0
182,mmrf_1032,train,True,True,369.0,-4.0,373.0
183,mmrf_1032,train,True,True,439.0,-4.0,443.0
184,mmrf_1032,train,True,True,551.0,-4.0,555.0
185,mmrf_1032,train,True,True,640.0,-4.0,644.0
186,mmrf_1032,train,True,True,726.0,-4.0,730.0
187,mmrf_1032,train,True,True,817.0,-4.0,821.0
188,mmrf_1033,train,True,True,89.0,-30.0,119.0
189,mmrf_1033,train,True,True,152.0,-30.0,182.0
190,mmrf_1033,train,True,True,218.0,-30.0,248.0
191,mmrf_1033,train,True,True,328.0,-30.0,358.0
192,mmrf_1033,train,True,True,425.0,-30.0,455.0
193,mmrf_1033,train,True,True,515.0,-30.0,545.0
194,mmrf_1033,train,True,True,593.0,-30.0,623.0
195,mmrf_1033,train,True,True,679.0,-30.0,709.0
196,mmrf_1033,train,True,True,799.0,-30.0,829.0
197,mmrf_1033,train,True,True,874.0,-30.0,904.0
198,mmrf_1033,train,True,True,939.0,-30.0,969.0
199,mmrf_1033,train,True,True,1044.0,-30.0,1074.0
200,mmrf_1033,train,True,True,1113.0,-30.0,1143.0
201,mmrf_1033,train,True,True,1212.0,-30.0,1242.0
202,mmrf_1033,train,True,True,1337.0,-30.0,1367.0
203,mmrf_1033,train,True,True,1426.0,-30.0,1456.0
204,mmrf_1033,train,True,True,1525.0,-30.0,1555.0
205,mmrf_1033,train,True,True,1610.0,-30.0,1640.0
206,mmrf_1033,train,True,True,1700.0,-30.0,1730.0
207,mmrf_1033,train,True,True,1786.0,-30.0,1816.0
208,mmrf_1033,train,True,True,1957.0,-30.0,1987.0
209,mmrf_1033,train,True,True,2175.0,-30.0,2205.0
210,mmrf_1033,train,True,True,2301.0,-30.0,2331.0
211,mmrf_1033,train,True,True,2552.0,-30.0,2582.0
212,mmrf_1033,train,True,True,2700.0,-30.0,2730.0
226,mmrf_1038,val,True,True,118.0,-31.0,149.0
227,mmrf_1038,val,True,True,174.0,-31.0,205.0
228,mmrf_1038,val,True,True,258.0,-31.0,289.0
229,mmrf_1038,val,True,True,340.0,-31.0,371.0
230,mmrf_1038,val,True,True,429.0,-31.0,460.0
231,mmrf_1038,val,True,True,494.0,-31.0,525.0
232,mmrf_1038,val,True,True,621.0,-31.0,652.0
233,mmrf_1038,val,True,True,685.0,-31.0,716.0
234,mmrf_1038,val,True,True,783.0,-31.0,814.0
235,mmrf_1038,val,True,True,881.0,-31.0,912.0
236,mmrf_1038,val,True,True,951.0,-31.0,982.0
237,mmrf_1038,val,True,True,1056.0,-31.0,1087.0
238,mmrf_1038,val,True,True,1119.0,-31.0,1150.0
239,mmrf_1038,val,True,True,1238.0,-31.0,1269.0
240,mmrf_1038,val,True,True,1304.0,-31.0,1335.0
241,mmrf_1038,val,True,True,1371.0,-31.0,1402.0
242,mmrf_1038,val,True,True,1490.0,-31.0,1521.0
243,mmrf_1038,val,True,True,1573.0,-31.0,1604.0
318,mmrf_1045,train,True,True,74.0,-21.0,95.0
319,mmrf_1045,train,True,True,165.0,-21.0,186.0
320,mmrf_1045,train,True,True,229.0,-21.0,250.0
321,mmrf_1045,train,True,True,336.0,-21.0,357.0
322,mmrf_1045,train,True,True,446.0,-21.0,467.0
323,mmrf_1045,train,True,True,523.0,-21.0,544.0
348,mmrf_1048,train,True,True,29.0,0.0,29.0
349,mmrf_1048,train,True,True,173.0,0.0,173.0
350,mmrf_1048,train,True,True,727.0,0.0,727.0
351,mmrf_1048,train,True,True,1047.0,0.0,1047.0
352,mmrf_1048,train,True,True,1134.0,0.0,1134.0
353,mmrf_1048,train,True,True,1225.0,0.0,1225.0
354,mmrf_1048,train,True,True,1503.0,0.0,1503.0
355,mmrf_1048,train,True,True,1617.0,0.0,1617.0
356,mmrf_1048,train,True,True,1705.0,0.0,1705.0
357,mmrf_1048,train,True,True,1792.0,0.0,1792.0
358,mmrf_1048,train,True,True,1972.0,0.0,1972.0
359,mmrf_1048,train,True,True,2162.0,0.0,2162.0
360,mmrf_1048,train,True,True,2357.0,0.0,2357.0
361,mmrf_1048,train,True,True,2637.0,0.0,2637.0
362,mmrf_1048,train,True,True,2749.0,0.0,2749.0
374,mmrf_1049,test,True,True,1079.0,1078.0,1.0
375,mmrf_1049,test,True,True,1169.0,1078.0,91.0
376,mmrf_1049,test,True,True,1224.0,1078.0,146.0
377,mmrf_1049,test,True,True,1255.0,1078.0,177.0
378,mmrf_1049,test,True,True,1336.0,1078.0,258.0
379,mmrf_1049,test,True,True,1420.0,1371.0,49.0
380,mmrf_1049,test,True,True,1504.0,1371.0,133.0
381,mmrf_1049,test,True,True,1616.0,1371.0,245.0
382,mmrf_1049,test,True,True,1700.0,1371.0,329.0
383,mmrf_1049,test,True,True,1798.0,1371.0,427.0
384,mmrf_1049,test,True,True,1966.0,1371.0,595.0
385,mmrf_1049,test,True,True,2101.0,1371.0,730.0
386,mmrf_1049,test,True,True,2163.0,1371.0,792.0
387,mmrf_1049,test,True,True,2346.0,1371.0,975.0
388,mmrf_1049,test,True,True,2516.0,1371.0,1145.0
389,mmrf_1049,test,True,True,2689.0,1371.0,1318.0
390,mmrf_1049,test,True,True,2731.0,1371.0,1360.0
391,mmrf_1049,test,True,True,2862.0,1371.0,1491.0
392,mmrf_1049,test,True,True,2873.0,1371.0,1502.0
518,mmrf_1061,train,True,True,1382.0,1284.0,98.0
519,mmrf_1061,train,True,True,1480.0,1284.0,196.0
520,mmrf_1061,train,True,True,1571.0,1284.0,287.0
521,mmrf_1061,train,True,True,1808.0,1284.0,524.0
583,mmrf_1068,train,True,True,71.0,-7.0,78.0
584,mmrf_1068,train,True,True,171.0,-7.0,178.0
585,mmrf_1068,train,True,True,246.0,-7.0,253.0
586,mmrf_1068,train,True,True,372.0,-7.0,379.0
587,mmrf_1068,train,True,True,463.0,-7.0,470.0
641,mmrf_1073,train,True,True,96.0,-9.0,105.0
642,mmrf_1073,train,True,True,168.0,-9.0,177.0
643,mmrf_1073,train,True,True,265.0,-9.0,274.0
644,mmrf_1073,train,True,True,363.0,-9.0,372.0
645,mmrf_1073,train,True,True,496.0,-9.0,505.0
646,mmrf_1073,train,True,True,657.0,-9.0,666.0
647,mmrf_1073,train,True,True,741.0,-9.0,750.0
648,mmrf_1073,train,True,True,860.0,-9.0,869.0
649,mmrf_1073,train,True,True,916.0,-9.0,925.0
650,mmrf_1073,train,True,True,1000.0,-9.0,1009.0
651,mmrf_1073,train,True,True,1091.0,-9.0,1100.0
652,mmrf_1073,train,True,True,1238.0,-9.0,1247.0
653,mmrf_1073,train,True,True,1293.0,-9.0,1302.0
654,mmrf_1073,train,True,True,1497.0,-9.0,1506.0
655,mmrf_1073,train,True,True,1595.0,-9.0,1604.0
656,mmrf_1073,train,True,True,1665.0,-9.0,1674.0
657,mmrf_1073,train,True,True,1952.0,-9.0,1961.0
658,mmrf_1073,train,True,True,2186.0,-9.0,2195.0
659,mmrf_1073,train,True,True,2316.0,-9.0,2325.0
660,mmrf_1073,train,True,True,2500.0,-9.0,2509.0
675,mmrf_1077,train,True,True,71.0,-22.0,93.0
676,mmrf_1077,train,True,True,162.0,-22.0,184.0
677,mmrf_1077,train,True,True,252.0,-22.0,274.0
678,mmrf_1077,train,True,True,421.0,-22.0,443.0
679,mmrf_1077,train,True,True,511.0,-22.0,533.0
680,mmrf_1077,train,True,True,616.0,-22.0,638.0
681,mmrf_1077,train,True,True,714.0,-22.0,736.0
682,mmrf_1077,train,True,True,786.0,-22.0,808.0
683,mmrf_1077,train,True,True,889.0,-22.0,911.0
684,mmrf_1077,train,True,True,946.0,-22.0,968.0
685,mmrf_1077,train,True,True,1085.0,-22.0,1107.0
686,mmrf_1077,train,True,True,1141.0,-22.0,1163.0
687,mmrf_1077,train,True,True,1218.0,-22.0,1240.0
688,mmrf_1077,train,True,True,1344.0,-22.0,1366.0
689,mmrf_1077,train,True,True,1428.0,-22.0,1450.0
690,mmrf_1078,train,True,True,64.0,-14.0,78.0
691,mmrf_1078,train,True,True,169.0,-14.0,183.0
692,mmrf_1078,train,True,True,246.0,-14.0,260.0
693,mmrf_1078,train,True,True,344.0,-14.0,358.0
694,mmrf_1078,train,True,True,442.0,-14.0,456.0
695,mmrf_1078,train,True,True,540.0,-14.0,554.0
696,mmrf_1078,train,True,True,596.0,-14.0,610.0
697,mmrf_1078,train,False,True,701.0,-14.0,715.0
698,mmrf_1078,train,True,True,792.0,-14.0,806.0
699,mmrf_1078,train,False,True,911.0,-14.0,925.0
700,mmrf_1078,train,True,True,1034.0,-14.0,1048.0
701,mmrf_1078,train,True,True,1163.0,-14.0,1177.0
702,mmrf_1078,train,True,True,1510.0,-14.0,1524.0
703,mmrf_1078,train,True,True,1660.0,-14.0,1674.0
704,mmrf_1078,train,True,True,1783.0,-14.0,1797.0
705,mmrf_1078,train,False,True,2038.0,-14.0,2052.0
706,mmrf_1078,train,True,True,2255.0,-14.0,2269.0
707,mmrf_1078,train,True,True,2430.0,-14.0,2444.0
708,mmrf_1078,train,True,True,2591.0,-14.0,2605.0
709,mmrf_1079,val,True,True,75.0,-5.0,80.0
710,mmrf_1079,val,True,True,187.0,-5.0,192.0
711,mmrf_1079,val,True,True,255.0,-5.0,260.0
712,mmrf_1079,val,True,True,352.0,-5.0,357.0
713,mmrf_1079,val,True,True,506.0,-5.0,511.0
714,mmrf_1079,val,True,True,604.0,-5.0,609.0
715,mmrf_1079,val,True,True,695.0,-5.0,700.0
716,mmrf_1079,val,True,True,786.0,-5.0,791.0
717,mmrf_1079,val,True,True,877.0,-5.0,882.0
718,mmrf_1079,val,True,True,967.0,-5.0,972.0
719,mmrf_1079,val,True,True,1059.0,-5.0,1064.0
720,mmrf_1079,val,True,True,1138.0,-5.0,1143.0
721,mmrf_1079,val,True,True,1237.0,-5.0,1242.0
722,mmrf_1079,val,True,True,1346.0,1306.0,40.0
723,mmrf_1079,val,True,True,1443.0,1306.0,137.0
724,mmrf_1079,val,True,True,1529.0,1306.0,223.0
725,mmrf_1079,val,True,True,1626.0,1306.0,320.0
726,mmrf_1079,val,True,True,1709.0,1306.0,403.0
727,mmrf_1079,val,True,True,1793.0,1306.0,487.0
728,mmrf_1079,val,True,True,1887.0,1306.0,581.0
729,mmrf_1079,val,True,True,1999.0,1306.0,693.0
730,mmrf_1080,train,True,True,74.0,-11.0,85.0
731,mmrf_1080,train,True,True,346.0,-11.0,357.0
732,mmrf_1080,train,True,True,444.0,-11.0,455.0
733,mmrf_1080,train,True,True,541.0,-11.0,552.0
734,mmrf_1082,train,True,True,52.0,-15.0,67.0
735,mmrf_1082,train,True,True,157.0,-15.0,172.0
736,mmrf_1082,train,True,True,255.0,-15.0,270.0
737,mmrf_1082,train,True,True,359.0,-15.0,374.0
738,mmrf_1082,train,True,True,507.0,-15.0,522.0
739,mmrf_1082,train,True,True,598.0,-15.0,613.0
757,mmrf_1085,train,True,True,435.0,434.0,1.0
758,mmrf_1085,train,True,True,533.0,434.0,99.0
759,mmrf_1085,train,True,True,618.0,434.0,184.0
760,mmrf_1085,train,True,True,701.0,434.0,267.0
761,mmrf_1085,train,True,True,785.0,434.0,351.0
762,mmrf_1085,train,True,True,862.0,434.0,428.0
763,mmrf_1085,train,True,True,981.0,434.0,547.0
764,mmrf_1085,train,True,True,1063.0,434.0,629.0
765,mmrf_1085,train,True,True,1162.0,434.0,728.0
766,mmrf_1085,train,True,True,1252.0,434.0,818.0
767,mmrf_1086,train,True,True,107.0,-10.0,117.0
768,mmrf_1086,train,True,True,174.0,-10.0,184.0
769,mmrf_1086,train,True,True,257.0,-10.0,267.0
770,mmrf_1086,train,True,True,361.0,-10.0,371.0
771,mmrf_1086,train,True,True,435.0,-10.0,445.0
772,mmrf_1086,train,True,True,550.0,-10.0,560.0
773,mmrf_1086,train,True,True,624.0,-10.0,634.0
774,mmrf_1086,train,True,True,717.0,-10.0,727.0
775,mmrf_1086,train,True,True,827.0,-10.0,837.0
776,mmrf_1086,train,True,True,904.0,-10.0,914.0
777,mmrf_1086,train,True,True,1081.0,-10.0,1091.0
778,mmrf_1086,train,True,True,1145.0,-10.0,1155.0
779,mmrf_1086,train,True,True,1262.0,-10.0,1272.0
780,mmrf_1086,train,True,True,1332.0,-10.0,1342.0
781,mmrf_1086,train,True,True,1453.0,-10.0,1463.0
782,mmrf_1086,train,True,True,1690.0,-10.0,1700.0
783,mmrf_1086,train,True,True,1782.0,-10.0,1792.0
784,mmrf_1086,train,True,True,1879.0,-10.0,1889.0
785,mmrf_1086,train,True,True,1970.0,-10.0,1980.0
786,mmrf_1086,train,True,True,2166.0,-10.0,2176.0
787,mmrf_1086,train,True,True,2335.0,-10.0,2345.0
788,mmrf_1086,train,True,True,2538.0,-10.0,2548.0
789,mmrf_1086,train,True,True,2633.0,-10.0,2643.0
790,mmrf_1086,train,True,True,2725.0,-10.0,2735.0
792,mmrf_1089,val,True,True,149.0,-27.0,176.0
793,mmrf_1089,val,True,True,191.0,-27.0,218.0
794,mmrf_1089,val,True,True,363.0,-27.0,390.0
795,mmrf_1089,val,True,True,776.0,-27.0,803.0
801,mmrf_1092,train,True,True,109.0,-42.0,151.0
802,mmrf_1092,train,True,True,229.0,-42.0,271.0
803,mmrf_1092,train,True,True,321.0,-42.0,363.0
804,mmrf_1092,train,True,True,487.0,-42.0,529.0
805,mmrf_1092,train,True,True,540.0,-42.0,582.0
806,mmrf_1092,train,True,True,623.0,-42.0,665.0
807,mmrf_1092,train,True,True,707.0,-42.0,749.0
808,mmrf_1092,train,True,True,816.0,-42.0,858.0
809,mmrf_1092,train,True,True,907.0,-42.0,949.0
810,mmrf_1092,train,True,True,1082.0,-42.0,1124.0
811,mmrf_1092,train,True,True,1338.0,-42.0,1380.0
812,mmrf_1092,train,True,True,1436.0,-42.0,1478.0
813,mmrf_1092,train,True,True,1503.0,-42.0,1545.0
814,mmrf_1092,train,True,True,1579.0,-42.0,1621.0
815,mmrf_1092,train,True,True,1664.0,-42.0,1706.0
816,mmrf_1092,train,True,True,1733.0,-42.0,1775.0
817,mmrf_1092,train,True,True,2002.0,-42.0,2044.0
818,mmrf_1092,train,True,True,2121.0,-42.0,2163.0
819,mmrf_1092,train,True,True,2308.0,-42.0,2350.0
820,mmrf_1092,train,True,True,2638.0,-42.0,2680.0
821,mmrf_1092,train,True,True,2716.0,-42.0,2758.0
890,mmrf_1098,train,True,True,50.0,-29.0,79.0
891,mmrf_1098,train,True,True,144.0,-29.0,173.0
892,mmrf_1098,train,True,True,260.0,-29.0,289.0
893,mmrf_1098,train,True,True,344.0,-29.0,373.0
894,mmrf_1098,train,True,True,414.0,-29.0,443.0
895,mmrf_1098,train,True,True,512.0,-29.0,541.0
896,mmrf_1098,train,True,True,613.0,-29.0,642.0
897,mmrf_1098,train,True,True,704.0,-29.0,733.0
898,mmrf_1098,train,True,True,795.0,-29.0,824.0
899,mmrf_1098,train,True,True,890.0,-29.0,919.0
900,mmrf_1098,train,True,True,980.0,-29.0,1009.0
901,mmrf_1098,train,True,True,1068.0,-29.0,1097.0
902,mmrf_1098,train,True,True,1173.0,-29.0,1202.0
903,mmrf_1098,train,True,True,1285.0,-29.0,1314.0
904,mmrf_1098,train,True,True,1373.0,-29.0,1402.0
905,mmrf_1098,train,True,True,1469.0,-29.0,1498.0
906,mmrf_1098,train,True,True,1560.0,-29.0,1589.0
907,mmrf_1098,train,True,True,1685.0,-29.0,1714.0
908,mmrf_1098,train,True,True,1748.0,-29.0,1777.0
909,mmrf_1098,train,True,True,1967.0,-29.0,1996.0
910,mmrf_1098,train,True,True,2157.0,-29.0,2186.0
911,mmrf_1098,train,True,True,2302.0,-29.0,2331.0
912,mmrf_1098,train,True,True,2422.0,-29.0,2451.0
913,mmrf_1098,train,True,True,2541.0,-29.0,2570.0
914,mmrf_1099,train,True,True,88.0,-4.0,92.0
915,mmrf_1099,train,True,True,176.0,-4.0,180.0
916,mmrf_1099,train,True,True,265.0,-4.0,269.0
917,mmrf_1099,train,True,True,393.0,-4.0,397.0
918,mmrf_1099,train,True,True,449.0,-4.0,453.0
919,mmrf_1099,train,True,True,540.0,-4.0,544.0
920,mmrf_1100,train,True,True,73.0,-20.0,93.0
921,mmrf_1100,train,True,True,184.0,-20.0,204.0
922,mmrf_1100,train,True,True,249.0,-20.0,269.0
923,mmrf_1100,train,True,True,358.0,-20.0,378.0
924,mmrf_1100,train,True,True,452.0,-20.0,472.0
925,mmrf_1100,train,True,True,554.0,-20.0,574.0
926,mmrf_1100,train,True,True,617.0,-20.0,637.0
927,mmrf_1100,train,True,True,710.0,-20.0,730.0
928,mmrf_1100,train,True,True,794.0,-20.0,814.0
929,mmrf_1100,train,True,True,859.0,-20.0,879.0
930,mmrf_1100,train,True,True,960.0,-20.0,980.0
931,mmrf_1100,train,True,True,1079.0,-20.0,1099.0
932,mmrf_1100,train,True,True,1164.0,-20.0,1184.0
933,mmrf_1100,train,True,True,1244.0,-20.0,1264.0
934,mmrf_1100,train,True,True,1331.0,-20.0,1351.0
935,mmrf_1100,train,True,True,1412.0,-20.0,1432.0
936,mmrf_1100,train,True,True,1524.0,-20.0,1544.0
937,mmrf_1100,train,True,True,1627.0,-20.0,1647.0
938,mmrf_1100,train,True,True,1699.0,-20.0,1719.0
939,mmrf_1100,train,True,True,1800.0,-20.0,1820.0
940,mmrf_1100,train,True,True,2129.0,-20.0,2149.0
941,mmrf_1100,train,True,True,2346.0,-20.0,2366.0
942,mmrf_1100,train,True,True,2535.0,-20.0,2555.0
978,mmrf_1108,train,True,True,90.0,0.0,90.0
979,mmrf_1108,train,True,True,187.0,0.0,187.0
980,mmrf_1108,train,True,True,264.0,0.0,264.0
981,mmrf_1108,train,True,True,362.0,0.0,362.0
982,mmrf_1108,train,True,True,446.0,0.0,446.0
983,mmrf_1108,train,True,True,532.0,0.0,532.0
984,mmrf_1108,train,True,True,614.0,0.0,614.0
985,mmrf_1108,train,True,True,768.0,0.0,768.0
986,mmrf_1108,train,True,True,796.0,0.0,796.0
987,mmrf_1108,train,True,True,922.0,0.0,922.0
988,mmrf_1108,train,True,True,978.0,0.0,978.0
989,mmrf_1108,train,True,True,1083.0,0.0,1083.0
990,mmrf_1108,train,True,True,1174.0,0.0,1174.0
991,mmrf_1108,train,True,True,1272.0,0.0,1272.0
992,mmrf_1108,train,True,True,1433.0,0.0,1433.0
1000,mmrf_1110,train,True,True,1289.0,1288.0,1.0
1001,mmrf_1110,train,True,True,1482.0,1288.0,194.0
1002,mmrf_1110,train,True,True,1549.0,1288.0,261.0
1003,mmrf_1110,train,True,True,1702.0,1288.0,414.0
1004,mmrf_1110,train,True,True,1758.0,1288.0,470.0
1005,mmrf_1110,train,True,True,1831.0,1288.0,543.0
1006,mmrf_1110,train,True,True,1972.0,1288.0,684.0
1040,mmrf_1112,train,True,True,1186.0,1185.0,1.0
1041,mmrf_1112,train,True,True,1358.0,1185.0,173.0
1176,mmrf_1128,train,True,True,62.0,-31.0,93.0
1177,mmrf_1128,train,True,True,104.0,-31.0,135.0
1178,mmrf_1128,train,True,True,313.0,-31.0,344.0
1179,mmrf_1128,train,True,True,410.0,-31.0,441.0
1180,mmrf_1128,train,True,True,509.0,-31.0,540.0
1181,mmrf_1128,train,True,True,789.0,-31.0,820.0
1182,mmrf_1128,train,True,True,873.0,-31.0,904.0
1183,mmrf_1128,train,True,True,929.0,-31.0,960.0
1184,mmrf_1128,train,True,True,1034.0,-31.0,1065.0
1185,mmrf_1128,train,True,True,1146.0,-31.0,1177.0
1186,mmrf_1128,train,True,True,1328.0,-31.0,1359.0
1187,mmrf_1128,train,True,True,1418.0,-31.0,1449.0
1188,mmrf_1128,train,True,True,1517.0,-31.0,1548.0
1189,mmrf_1128,train,True,True,1607.0,-31.0,1638.0
1190,mmrf_1128,train,True,True,1691.0,-31.0,1722.0
1191,mmrf_1128,train,True,True,1790.0,-31.0,1821.0
1192,mmrf_1128,train,True,True,1971.0,-31.0,2002.0
1193,mmrf_1128,train,True,True,2057.0,-31.0,2088.0
1194,mmrf_1128,train,True,True,2300.0,-31.0,2331.0
1195,mmrf_1128,train,True,True,2567.0,-31.0,2598.0
1196,mmrf_1128,train,True,True,2688.0,-31.0,2719.0
1197,mmrf_1129,test,True,True,81.0,-6.0,87.0
1198,mmrf_1129,test,True,True,185.0,-6.0,191.0
1199,mmrf_1129,test,True,True,256.0,-6.0,262.0
1200,mmrf_1129,test,True,True,394.0,-6.0,400.0
1201,mmrf_1129,test,True,True,456.0,-6.0,462.0
1202,mmrf_1130,test,True,True,106.0,-11.0,117.0
1203,mmrf_1130,test,True,True,155.0,-11.0,166.0
1204,mmrf_1130,test,True,True,254.0,-11.0,265.0
1205,mmrf_1130,test,True,True,323.0,-11.0,334.0
1206,mmrf_1130,test,True,True,425.0,-11.0,436.0
1207,mmrf_1130,test,True,True,491.0,-11.0,502.0
1208,mmrf_1130,test,True,True,619.0,-11.0,630.0
1209,mmrf_1130,test,True,True,705.0,-11.0,716.0
1210,mmrf_1130,test,True,True,792.0,-11.0,803.0
1211,mmrf_1130,test,True,True,940.0,-11.0,951.0
1212,mmrf_1130,test,True,True,1037.0,-11.0,1048.0
1213,mmrf_1130,test,True,True,1134.0,-11.0,1145.0
1214,mmrf_1130,test,True,True,1256.0,-11.0,1267.0
1215,mmrf_1130,test,True,True,1355.0,-11.0,1366.0
1216,mmrf_1130,test,True,True,1443.0,-11.0,1454.0
1217,mmrf_1130,test,True,True,1545.0,-11.0,1556.0
1218,mmrf_1130,test,True,True,1650.0,-11.0,1661.0
1219,mmrf_1130,test,True,True,1762.0,-11.0,1773.0
1220,mmrf_1130,test,True,True,1957.0,-11.0,1968.0
1221,mmrf_1130,test,True,True,1986.0,-11.0,1997.0
1222,mmrf_1130,test,True,True,2139.0,-11.0,2150.0
1223,mmrf_1130,test,True,True,2332.0,-11.0,2343.0
1224,mmrf_1130,test,True,True,2529.0,-11.0,2540.0
1225,mmrf_1130,test,True,True,2721.0,-11.0,2732.0
1229,mmrf_1131,train,True,True,345.0,315.0,30.0
1252,mmrf_1137,train,True,True,92.0,-6.0,98.0
1253,mmrf_1137,train,True,True,158.0,-6.0,164.0
1254,mmrf_1137,train,True,True,254.0,-6.0,260.0
1255,mmrf_1137,train,True,True,382.0,318.0,64.0
1256,mmrf_1137,train,True,True,456.0,318.0,138.0
1257,mmrf_1137,train,True,True,556.0,318.0,238.0
1258,mmrf_1137,train,True,True,618.0,318.0,300.0
1259,mmrf_1137,train,True,True,694.0,318.0,376.0
1260,mmrf_1137,train,True,True,803.0,749.0,54.0
1261,mmrf_1137,train,True,True,897.0,749.0,148.0
1353,mmrf_1148,val,True,True,77.0,-1.0,78.0
1364,mmrf_1151,train,True,True,92.0,-7.0,99.0
1365,mmrf_1152,train,True,True,81.0,-3.0,84.0
1366,mmrf_1152,train,True,True,165.0,-3.0,168.0
1367,mmrf_1152,train,True,True,271.0,-3.0,274.0
1368,mmrf_1152,train,True,True,333.0,-3.0,336.0
1369,mmrf_1152,train,True,True,446.0,-3.0,449.0
1370,mmrf_1152,train,True,True,529.0,-3.0,532.0
1371,mmrf_1152,train,True,True,641.0,-3.0,644.0
1372,mmrf_1152,train,True,True,795.0,-3.0,798.0
1373,mmrf_1152,train,True,True,1285.0,-3.0,1288.0
1374,mmrf_1152,train,True,True,1503.0,-3.0,1506.0
1375,mmrf_1152,train,True,True,2321.0,-3.0,2324.0
1376,mmrf_1153,val,True,True,92.0,-12.0,104.0
1377,mmrf_1153,val,True,True,182.0,-12.0,194.0
1378,mmrf_1153,val,True,True,260.0,-12.0,272.0
1379,mmrf_1153,val,True,True,302.0,-12.0,314.0
1380,mmrf_1153,val,True,True,421.0,-12.0,433.0
1381,mmrf_1153,val,True,True,477.0,-12.0,489.0
1382,mmrf_1153,val,True,True,561.0,-12.0,573.0
1383,mmrf_1153,val,False,True,652.0,-12.0,664.0
1384,mmrf_1153,val,True,True,764.0,-12.0,776.0
1385,mmrf_1153,val,True,True,890.0,-12.0,902.0
1386,mmrf_1153,val,True,True,967.0,-12.0,979.0
1387,mmrf_1153,val,True,True,1023.0,-12.0,1035.0
1388,mmrf_1153,val,True,True,1135.0,-12.0,1147.0
1389,mmrf_1153,val,True,True,1254.0,-12.0,1266.0
1390,mmrf_1153,val,True,True,1317.0,-12.0,1329.0
1391,mmrf_1153,val,True,True,1376.0,-12.0,1388.0
1392,mmrf_1153,val,True,True,1380.0,-12.0,1392.0
1393,mmrf_1153,val,True,True,1409.0,-12.0,1421.0
1394,mmrf_1153,val,True,True,1527.0,-12.0,1539.0
1395,mmrf_1153,val,True,True,1625.0,-12.0,1637.0
1396,mmrf_1153,val,True,True,1681.0,-12.0,1693.0
1397,mmrf_1153,val,True,True,1772.0,-12.0,1784.0
1398,mmrf_1153,val,True,True,1940.0,-12.0,1952.0
1399,mmrf_1153,val,True,True,2108.0,-12.0,2120.0
1400,mmrf_1153,val,True,True,2332.0,-12.0,2344.0
1401,mmrf_1153,val,True,True,2528.0,-12.0,2540.0
1402,mmrf_1153,val,True,True,2696.0,-12.0,2708.0
1446,mmrf_1157,train,True,True,93.0,-14.0,107.0
1447,mmrf_1157,train,True,True,184.0,-14.0,198.0
1448,mmrf_1157,train,True,True,262.0,-14.0,276.0
1449,mmrf_1157,train,True,True,353.0,-14.0,367.0
1450,mmrf_1157,train,True,True,443.0,-14.0,457.0
1451,mmrf_1157,train,True,True,534.0,-14.0,548.0
1452,mmrf_1157,train,True,True,576.0,575.0,1.0
1453,mmrf_1157,train,True,True,675.0,674.0,1.0
1454,mmrf_1157,train,True,True,794.0,674.0,120.0
1455,mmrf_1157,train,True,True,877.0,674.0,203.0
1456,mmrf_1157,train,True,True,933.0,932.0,1.0
1457,mmrf_1157,train,True,True,1088.0,932.0,156.0
1458,mmrf_1157,train,True,True,1158.0,932.0,226.0
1459,mmrf_1157,train,True,True,1242.0,932.0,310.0
1460,mmrf_1157,train,True,True,1326.0,932.0,394.0
1461,mmrf_1157,train,True,True,1410.0,932.0,478.0
1462,mmrf_1157,train,True,True,1494.0,932.0,562.0
1463,mmrf_1157,train,True,True,1626.0,932.0,694.0
1464,mmrf_1157,train,True,True,1683.0,932.0,751.0
1465,mmrf_1157,train,True,True,1773.0,932.0,841.0
1466,mmrf_1157,train,True,True,1969.0,932.0,1037.0
1467,mmrf_1157,train,True,True,2158.0,932.0,1226.0
1468,mmrf_1157,train,True,True,2360.0,932.0,1428.0
1469,mmrf_1157,train,True,True,2543.0,932.0,1611.0
1470,mmrf_1157,train,True,True,2739.0,932.0,1807.0
1471,mmrf_1159,train,True,True,92.0,-7.0,99.0
1472,mmrf_1159,train,True,True,165.0,-7.0,172.0
1473,mmrf_1159,train,True,True,269.0,-7.0,276.0
1474,mmrf_1159,train,True,True,372.0,-7.0,379.0
1475,mmrf_1159,train,True,True,470.0,-7.0,477.0
1476,mmrf_1159,train,True,True,525.0,-7.0,532.0
1477,mmrf_1159,train,True,True,589.0,-7.0,596.0
1478,mmrf_1159,train,True,True,729.0,-7.0,736.0
1479,mmrf_1159,train,True,True,792.0,-7.0,799.0
1480,mmrf_1159,train,True,True,883.0,-7.0,890.0
1481,mmrf_1159,train,True,True,976.0,-7.0,983.0
1482,mmrf_1159,train,True,True,1068.0,-7.0,1075.0
1483,mmrf_1159,train,True,True,1173.0,-7.0,1180.0
1484,mmrf_1159,train,True,True,1243.0,-7.0,1250.0
1485,mmrf_1159,train,True,True,1365.0,-7.0,1372.0
1486,mmrf_1159,train,True,True,1491.0,-7.0,1498.0
1487,mmrf_1159,train,True,True,1610.0,-7.0,1617.0
1488,mmrf_1159,train,True,True,1736.0,-7.0,1743.0
1489,mmrf_1159,train,True,True,1974.0,-7.0,1981.0
1490,mmrf_1159,train,True,True,2163.0,-7.0,2170.0
1491,mmrf_1159,train,False,True,2345.0,-7.0,2352.0
1492,mmrf_1159,train,False,True,2639.0,-7.0,2646.0
1496,mmrf_1164,train,True,True,95.0,0.0,95.0
1497,mmrf_1164,train,True,True,175.0,0.0,175.0
1498,mmrf_1167,train,True,True,92.0,10.0,82.0
1499,mmrf_1167,train,True,True,184.0,10.0,174.0
1500,mmrf_1167,train,True,True,275.0,10.0,265.0
1501,mmrf_1167,train,True,True,363.0,10.0,353.0
1502,mmrf_1167,train,True,True,467.0,10.0,457.0
1503,mmrf_1167,train,True,True,547.0,10.0,537.0
1504,mmrf_1167,train,True,True,630.0,10.0,620.0
1525,mmrf_1169,val,True,True,87.0,-20.0,107.0
1527,mmrf_1171,train,True,True,89.0,-23.0,112.0
1528,mmrf_1171,train,True,True,170.0,-23.0,193.0
1529,mmrf_1171,train,True,True,252.0,-23.0,275.0
1530,mmrf_1171,train,True,True,370.0,-23.0,393.0
1531,mmrf_1171,train,True,True,464.0,-23.0,487.0
1532,mmrf_1171,train,True,True,565.0,-23.0,588.0
1533,mmrf_1171,train,True,True,751.0,-23.0,774.0
1534,mmrf_1171,train,True,True,860.0,-23.0,883.0
1535,mmrf_1171,train,True,True,959.0,-23.0,982.0
1536,mmrf_1171,train,True,True,1016.0,-23.0,1039.0
1537,mmrf_1171,train,True,True,1224.0,-23.0,1247.0
1538,mmrf_1171,train,True,True,1262.0,-23.0,1285.0
1539,mmrf_1171,train,True,True,1408.0,-23.0,1431.0
1540,mmrf_1171,train,True,True,1588.0,-23.0,1611.0
1541,mmrf_1171,train,True,True,1713.0,-23.0,1736.0
1542,mmrf_1171,train,True,True,2169.0,-23.0,2192.0
1543,mmrf_1171,train,True,True,2435.0,-23.0,2458.0
1544,mmrf_1171,train,True,True,2540.0,-23.0,2563.0
1569,mmrf_1178,test,True,True,39.0,-19.0,58.0
1570,mmrf_1178,test,True,True,182.0,-19.0,201.0
1571,mmrf_1178,test,True,True,227.0,-19.0,246.0
1572,mmrf_1178,test,True,True,315.0,-19.0,334.0
1573,mmrf_1178,test,True,True,429.0,-19.0,448.0
1574,mmrf_1178,test,True,True,497.0,-19.0,516.0
1575,mmrf_1178,test,True,True,527.0,-19.0,546.0
1576,mmrf_1178,test,True,True,646.0,-19.0,665.0
1577,mmrf_1178,test,True,True,742.0,-19.0,761.0
1578,mmrf_1178,test,True,True,833.0,-19.0,852.0
1579,mmrf_1178,test,True,True,924.0,-19.0,943.0
1580,mmrf_1178,test,True,True,1019.0,-19.0,1038.0
1581,mmrf_1178,test,True,True,1114.0,-19.0,1133.0
1582,mmrf_1178,test,True,True,1214.0,-19.0,1233.0
1583,mmrf_1178,test,True,True,1304.0,-19.0,1323.0
1584,mmrf_1178,test,True,True,1410.0,-19.0,1429.0
1585,mmrf_1178,test,True,True,1498.0,-19.0,1517.0
1586,mmrf_1178,test,True,True,1593.0,-19.0,1612.0
1587,mmrf_1178,test,True,True,1681.0,-19.0,1700.0
1588,mmrf_1178,test,True,True,1746.0,-19.0,1765.0
1589,mmrf_1178,test,True,True,1932.0,-19.0,1951.0
1590,mmrf_1178,test,True,True,2151.0,-19.0,2170.0
1591,mmrf_1178,test,True,True,2340.0,-19.0,2359.0
1592,mmrf_1178,test,True,True,2643.0,-19.0,2662.0
1593,mmrf_1178,test,True,True,2712.0,-19.0,2731.0
1594,mmrf_1179,train,True,True,100.0,0.0,100.0
1595,mmrf_1179,train,True,True,164.0,0.0,164.0
1596,mmrf_1179,train,True,True,255.0,0.0,255.0
1597,mmrf_1179,train,True,True,345.0,0.0,345.0
1598,mmrf_1179,train,True,True,463.0,0.0,463.0
1599,mmrf_1179,train,True,True,556.0,0.0,556.0
1600,mmrf_1179,train,True,True,641.0,0.0,641.0
1601,mmrf_1179,train,True,True,710.0,0.0,710.0
1602,mmrf_1179,train,True,True,794.0,0.0,794.0
1603,mmrf_1179,train,True,True,907.0,0.0,907.0
1604,mmrf_1179,train,True,True,975.0,0.0,975.0
1605,mmrf_1179,train,True,True,1087.0,1085.0,2.0
1606,mmrf_1179,train,True,True,1143.0,1085.0,58.0
1607,mmrf_1179,train,True,True,1258.0,1085.0,173.0
1608,mmrf_1179,train,True,True,1356.0,1085.0,271.0
1609,mmrf_1179,train,True,True,1426.0,1085.0,341.0
1610,mmrf_1179,train,True,True,1517.0,1085.0,432.0
1611,mmrf_1179,train,True,True,1641.0,1085.0,556.0
1612,mmrf_1180,train,True,True,91.0,-7.0,98.0
1613,mmrf_1180,train,True,True,183.0,-7.0,190.0
1614,mmrf_1180,train,True,True,261.0,-7.0,268.0
1615,mmrf_1180,train,True,True,357.0,-7.0,364.0
1616,mmrf_1180,train,True,True,469.0,-7.0,476.0
1617,mmrf_1180,train,True,True,651.0,-7.0,658.0
1618,mmrf_1180,train,True,True,749.0,-7.0,756.0
1619,mmrf_1180,train,True,True,798.0,-7.0,805.0
1644,mmrf_1184,val,True,True,85.0,-5.0,90.0
1645,mmrf_1184,val,True,True,253.0,-5.0,258.0
1646,mmrf_1184,val,True,True,330.0,-5.0,335.0
1647,mmrf_1184,val,True,True,458.0,-5.0,463.0
1648,mmrf_1184,val,True,True,547.0,-5.0,552.0
1649,mmrf_1184,val,True,True,624.0,-5.0,629.0
1650,mmrf_1184,val,True,True,820.0,-5.0,825.0
1651,mmrf_1184,val,True,True,911.0,-5.0,916.0
1652,mmrf_1184,val,True,True,1000.0,-5.0,1005.0
1653,mmrf_1184,val,True,True,1086.0,-5.0,1091.0
1654,mmrf_1184,val,True,True,1177.0,-5.0,1182.0
1655,mmrf_1184,val,True,True,1275.0,-5.0,1280.0
1656,mmrf_1184,val,True,True,1366.0,-5.0,1371.0
1657,mmrf_1184,val,True,True,1541.0,-5.0,1546.0
1658,mmrf_1184,val,True,True,1632.0,-5.0,1637.0
1659,mmrf_1185,train,True,True,93.0,-7.0,100.0
1660,mmrf_1185,train,True,True,215.0,-7.0,222.0
1661,mmrf_1185,train,True,True,345.0,-7.0,352.0
1662,mmrf_1185,train,True,True,429.0,-7.0,436.0
1663,mmrf_1185,train,True,True,569.0,-7.0,576.0
1664,mmrf_1185,train,True,True,750.0,-7.0,757.0
1665,mmrf_1185,train,True,True,845.0,-7.0,852.0
1666,mmrf_1185,train,True,True,925.0,-7.0,932.0
1667,mmrf_1185,train,True,True,1030.0,-7.0,1037.0
1668,mmrf_1185,train,True,True,1209.0,-7.0,1216.0
1669,mmrf_1185,train,True,True,1317.0,-7.0,1324.0
1670,mmrf_1185,train,True,True,1453.0,-7.0,1460.0
1671,mmrf_1185,train,True,True,1517.0,-7.0,1524.0
1672,mmrf_1185,train,True,True,1573.0,-7.0,1580.0
1673,mmrf_1185,train,True,True,1607.0,-7.0,1614.0
1674,mmrf_1185,train,True,True,2069.0,-7.0,2076.0
1675,mmrf_1185,train,True,True,2167.0,-7.0,2174.0
1676,mmrf_1185,train,True,True,2308.0,-7.0,2315.0
1694,mmrf_1188,train,True,True,163.0,-28.0,191.0
1695,mmrf_1188,train,True,True,226.0,-28.0,254.0
1696,mmrf_1188,train,True,True,338.0,-28.0,366.0
1697,mmrf_1188,train,True,True,422.0,-28.0,450.0
1698,mmrf_1188,train,True,True,514.0,-28.0,542.0
1699,mmrf_1188,train,True,True,604.0,-28.0,632.0
1700,mmrf_1188,train,True,True,688.0,-28.0,716.0
1701,mmrf_1188,train,True,True,772.0,-28.0,800.0
1702,mmrf_1188,train,True,True,828.0,-28.0,856.0
1703,mmrf_1188,train,True,True,1129.0,-28.0,1157.0
1704,mmrf_1188,train,True,True,1240.0,-28.0,1268.0
1705,mmrf_1188,train,True,True,1331.0,-28.0,1359.0
1706,mmrf_1188,train,True,True,1493.0,-28.0,1521.0
1707,mmrf_1188,train,True,True,1583.0,-28.0,1611.0
1708,mmrf_1188,train,True,True,1640.0,-28.0,1668.0
1709,mmrf_1189,train,True,True,79.0,-6.0,85.0
1710,mmrf_1189,train,True,True,186.0,-6.0,192.0
1711,mmrf_1189,train,True,True,324.0,-6.0,330.0
1712,mmrf_1189,train,True,True,760.0,-6.0,766.0
1713,mmrf_1189,train,True,True,935.0,-6.0,941.0
1714,mmrf_1189,train,True,True,1075.0,-6.0,1081.0
1715,mmrf_1189,train,True,True,1152.0,-6.0,1158.0
1716,mmrf_1189,train,True,True,1215.0,-6.0,1221.0
1717,mmrf_1189,train,True,True,1334.0,-6.0,1340.0
1718,mmrf_1189,train,True,True,1425.0,-6.0,1431.0
1719,mmrf_1189,train,True,True,1521.0,-6.0,1527.0
1720,mmrf_1189,train,True,True,1612.0,-6.0,1618.0
1727,mmrf_1193,train,True,True,630.0,611.0,19.0
1728,mmrf_1193,train,True,True,722.0,611.0,111.0
1729,mmrf_1193,train,True,True,813.0,611.0,202.0
1730,mmrf_1193,train,True,True,889.0,875.0,14.0
1731,mmrf_1193,train,True,True,982.0,875.0,107.0
1732,mmrf_1193,train,True,True,1066.0,875.0,191.0
1733,mmrf_1193,train,True,True,1178.0,875.0,303.0
1734,mmrf_1193,train,True,True,1284.0,875.0,409.0
1735,mmrf_1193,train,True,True,1368.0,875.0,493.0
1736,mmrf_1193,train,True,True,1466.0,875.0,591.0
1754,mmrf_1195,train,True,True,88.0,-4.0,92.0
1755,mmrf_1195,train,True,True,141.0,-4.0,145.0
1756,mmrf_1195,train,True,True,268.0,-4.0,272.0
1757,mmrf_1195,train,True,True,337.0,-4.0,341.0
1758,mmrf_1195,train,True,True,393.0,-4.0,397.0
1759,mmrf_1195,train,True,True,515.0,-4.0,519.0
1770,mmrf_1201,train,True,True,71.0,-2.0,73.0
1771,mmrf_1201,train,True,True,194.0,-2.0,196.0
1772,mmrf_1201,train,True,True,267.0,-2.0,269.0
1773,mmrf_1201,train,True,True,359.0,-2.0,361.0
1774,mmrf_1201,train,True,True,440.0,-2.0,442.0
1775,mmrf_1201,train,True,True,517.0,-2.0,519.0
1776,mmrf_1201,train,True,True,643.0,-2.0,645.0
1777,mmrf_1201,train,True,True,736.0,-2.0,738.0
1778,mmrf_1201,train,True,True,790.0,-2.0,792.0
1779,mmrf_1201,train,True,True,888.0,-2.0,890.0
1780,mmrf_1201,train,True,True,923.0,-2.0,925.0
1781,mmrf_1201,train,True,True,1044.0,-2.0,1046.0
1782,mmrf_1201,train,True,True,1121.0,-2.0,1123.0
1783,mmrf_1201,train,True,True,1232.0,-2.0,1234.0
1784,mmrf_1201,train,True,True,1295.0,-2.0,1297.0
1785,mmrf_1201,train,True,True,1316.0,-2.0,1318.0
1786,mmrf_1201,train,True,True,1419.0,1390.0,29.0
1787,mmrf_1201,train,True,True,1521.0,1390.0,131.0
1788,mmrf_1201,train,True,True,1605.0,1390.0,215.0
1789,mmrf_1201,train,True,True,1689.0,1390.0,299.0
1790,mmrf_1201,train,True,True,1723.0,1390.0,333.0
1791,mmrf_1201,train,True,True,1827.0,1390.0,437.0
1792,mmrf_1201,train,True,True,1975.0,1390.0,585.0
1793,mmrf_1201,train,True,True,2364.0,1390.0,974.0
1794,mmrf_1201,train,True,True,2400.0,1390.0,1010.0
1795,mmrf_1201,train,True,True,2463.0,1390.0,1073.0
1796,mmrf_1201,train,True,True,2589.0,1390.0,1199.0
1797,mmrf_1201,train,True,True,2799.0,1390.0,1409.0
1798,mmrf_1202,test,True,True,117.0,-23.0,140.0
1799,mmrf_1202,test,True,True,159.0,-23.0,182.0
1800,mmrf_1202,test,True,True,257.0,-23.0,280.0
1801,mmrf_1202,test,True,True,362.0,-23.0,385.0
1802,mmrf_1202,test,False,True,418.0,-23.0,441.0
1803,mmrf_1202,test,False,True,516.0,-23.0,539.0
1804,mmrf_1202,test,False,True,572.0,-23.0,595.0
1805,mmrf_1202,test,True,True,712.0,-23.0,735.0
1806,mmrf_1202,test,True,True,798.0,-23.0,821.0
1813,mmrf_1205,test,True,True,632.0,587.0,45.0
1814,mmrf_1205,test,True,True,695.0,587.0,108.0
1815,mmrf_1205,test,True,True,801.0,587.0,214.0
1816,mmrf_1205,test,True,True,880.0,587.0,293.0
1830,mmrf_1210,train,True,True,89.0,-3.0,92.0
1831,mmrf_1210,train,True,True,192.0,-3.0,195.0
1832,mmrf_1210,train,True,True,237.0,-3.0,240.0
1833,mmrf_1210,train,True,True,370.0,-3.0,373.0
1834,mmrf_1210,train,True,True,447.0,-3.0,450.0
1835,mmrf_1210,train,True,True,503.0,-3.0,506.0
1836,mmrf_1210,train,True,True,636.0,-3.0,639.0
1837,mmrf_1210,train,True,True,701.0,-3.0,704.0
1838,mmrf_1210,train,True,True,867.0,-3.0,870.0
1839,mmrf_1210,train,True,True,979.0,-3.0,982.0
1840,mmrf_1210,train,True,True,1055.0,-3.0,1058.0
1841,mmrf_1210,train,True,True,1126.0,-3.0,1129.0
1842,mmrf_1210,train,True,True,1215.0,-3.0,1218.0
1843,mmrf_1210,train,True,True,1388.0,-3.0,1391.0
1844,mmrf_1210,train,True,True,1465.0,-3.0,1468.0
1845,mmrf_1210,train,False,True,1643.0,-3.0,1646.0
1846,mmrf_1210,train,False,True,1728.0,-3.0,1731.0
1847,mmrf_1210,train,False,True,1819.0,-3.0,1822.0
1848,mmrf_1210,train,False,True,2007.0,-3.0,2010.0
1849,mmrf_1210,train,False,True,2190.0,-3.0,2193.0
1850,mmrf_1210,train,False,True,2379.0,-3.0,2382.0
1851,mmrf_1210,train,False,True,2582.0,-3.0,2585.0
1852,mmrf_1210,train,False,True,2799.0,-3.0,2802.0
1853,mmrf_1211,train,True,True,92.0,-6.0,98.0
1854,mmrf_1211,train,True,True,186.0,-6.0,192.0
1855,mmrf_1211,train,False,True,301.0,-6.0,307.0
1856,mmrf_1211,train,False,True,393.0,-6.0,399.0
1857,mmrf_1211,train,True,True,498.0,-6.0,504.0
1858,mmrf_1211,train,False,True,584.0,-6.0,590.0
1859,mmrf_1211,train,False,True,672.0,-6.0,678.0
1860,mmrf_1211,train,False,True,770.0,-6.0,776.0
1861,mmrf_1211,train,True,True,861.0,-6.0,867.0
1862,mmrf_1211,train,True,True,956.0,-6.0,962.0
1863,mmrf_1211,train,True,True,1050.0,-6.0,1056.0
1864,mmrf_1211,train,True,True,1233.0,-6.0,1239.0
1865,mmrf_1211,train,False,True,1372.0,-6.0,1378.0
1866,mmrf_1211,train,False,True,1491.0,-6.0,1497.0
1867,mmrf_1211,train,False,True,1610.0,-6.0,1616.0
1868,mmrf_1211,train,False,True,1729.0,-6.0,1735.0
1869,mmrf_1211,train,False,True,1855.0,-6.0,1861.0
1870,mmrf_1211,train,False,True,1977.0,-6.0,1983.0
1871,mmrf_1211,train,False,True,2103.0,-6.0,2109.0
1872,mmrf_1211,train,False,True,2324.0,-6.0,2330.0
1873,mmrf_1211,train,False,True,2513.0,-6.0,2519.0
1874,mmrf_1211,train,True,True,2618.0,-6.0,2624.0
1875,mmrf_1211,train,True,True,2724.0,-6.0,2730.0
1876,mmrf_1212,train,True,True,90.0,-2.0,92.0
1877,mmrf_1212,train,True,True,181.0,-2.0,183.0
1878,mmrf_1212,train,True,True,243.0,-2.0,245.0
1879,mmrf_1212,train,True,True,320.0,-2.0,322.0
1880,mmrf_1212,train,True,True,496.0,-2.0,498.0
1881,mmrf_1212,train,True,True,882.0,-2.0,884.0
1905,mmrf_1216,train,True,True,85.0,-11.0,96.0
1906,mmrf_1216,train,True,True,173.0,-11.0,184.0
1907,mmrf_1216,train,True,True,246.0,-11.0,257.0
1908,mmrf_1216,train,True,True,341.0,-11.0,352.0
1909,mmrf_1216,train,True,True,428.0,-11.0,439.0
1910,mmrf_1216,train,True,True,547.0,-11.0,558.0
1911,mmrf_1216,train,True,True,635.0,-11.0,646.0
1912,mmrf_1216,train,True,True,719.0,-11.0,730.0
1913,mmrf_1216,train,True,True,803.0,-11.0,814.0
1914,mmrf_1216,train,True,True,887.0,-11.0,898.0
1915,mmrf_1216,train,True,True,981.0,-11.0,992.0
1916,mmrf_1216,train,True,True,1065.0,-11.0,1076.0
1917,mmrf_1216,train,True,True,1165.0,-11.0,1176.0
1920,mmrf_1219,test,True,True,278.0,266.0,12.0
1921,mmrf_1219,test,True,True,362.0,266.0,96.0
1922,mmrf_1219,test,True,True,446.0,266.0,180.0
1923,mmrf_1219,test,True,True,530.0,266.0,264.0
1924,mmrf_1219,test,True,True,642.0,266.0,376.0
1925,mmrf_1219,test,True,True,754.0,266.0,488.0
1926,mmrf_1219,test,True,True,810.0,266.0,544.0
1927,mmrf_1219,test,True,True,893.0,266.0,627.0
1928,mmrf_1219,test,True,True,992.0,266.0,726.0
1929,mmrf_1219,test,True,True,1111.0,266.0,845.0
1930,mmrf_1219,test,True,True,1195.0,266.0,929.0
1931,mmrf_1219,test,True,True,1251.0,266.0,985.0
1932,mmrf_1219,test,True,True,1342.0,266.0,1076.0
1933,mmrf_1219,test,True,True,1433.0,266.0,1167.0
1934,mmrf_1219,test,True,True,1545.0,266.0,1279.0
1935,mmrf_1219,test,True,True,1629.0,266.0,1363.0
1936,mmrf_1219,test,True,True,1713.0,266.0,1447.0
1937,mmrf_1219,test,True,True,1797.0,266.0,1531.0
1938,mmrf_1219,test,True,True,1993.0,266.0,1727.0
1939,mmrf_1219,test,True,True,2161.0,266.0,1895.0
1940,mmrf_1219,test,True,True,2385.0,266.0,2119.0
1941,mmrf_1219,test,True,True,2553.0,266.0,2287.0
1942,mmrf_1219,test,True,True,2721.0,266.0,2455.0
1968,mmrf_1223,val,True,True,593.0,592.0,1.0
1969,mmrf_1223,val,True,True,700.0,592.0,108.0
1970,mmrf_1223,val,True,True,788.0,592.0,196.0
1971,mmrf_1223,val,True,True,839.0,592.0,247.0
1972,mmrf_1223,val,True,True,935.0,592.0,343.0
1973,mmrf_1223,val,True,True,1026.0,592.0,434.0
1974,mmrf_1223,val,True,True,1166.0,592.0,574.0
1975,mmrf_1223,val,True,True,1257.0,592.0,665.0
1976,mmrf_1223,val,True,True,1341.0,592.0,749.0
1977,mmrf_1223,val,True,True,1425.0,592.0,833.0
1978,mmrf_1223,val,True,True,1481.0,592.0,889.0
1979,mmrf_1223,val,True,True,1628.0,592.0,1036.0
1980,mmrf_1223,val,True,True,1747.0,592.0,1155.0
1981,mmrf_1223,val,True,True,1775.0,592.0,1183.0
1982,mmrf_1223,val,True,True,2007.0,592.0,1415.0
1983,mmrf_1223,val,True,True,2154.0,592.0,1562.0
1984,mmrf_1223,val,True,True,2380.0,592.0,1788.0
1985,mmrf_1223,val,True,True,2471.0,592.0,1879.0
1986,mmrf_1223,val,True,True,2566.0,592.0,1974.0
1987,mmrf_1223,val,True,True,2743.0,592.0,2151.0
1988,mmrf_1224,train,True,True,63.0,-2.0,65.0
1989,mmrf_1224,train,True,True,161.0,-2.0,163.0
1990,mmrf_1224,train,True,True,280.0,-2.0,282.0
1991,mmrf_1224,train,True,True,392.0,-2.0,394.0
1992,mmrf_1224,train,True,True,498.0,-2.0,500.0
1993,mmrf_1224,train,True,True,554.0,-2.0,556.0
1994,mmrf_1224,train,True,True,645.0,-2.0,647.0
1995,mmrf_1224,train,True,True,720.0,-2.0,722.0
1996,mmrf_1224,train,True,True,811.0,-2.0,813.0
1997,mmrf_1224,train,True,True,902.0,-2.0,904.0
1998,mmrf_1224,train,True,True,968.0,-2.0,970.0
1999,mmrf_1224,train,True,True,1002.0,-2.0,1004.0
2000,mmrf_1224,train,True,True,1037.0,-2.0,1039.0
2001,mmrf_1224,train,True,True,1134.0,-2.0,1136.0
2002,mmrf_1224,train,True,True,1246.0,-2.0,1248.0
2003,mmrf_1224,train,True,True,1338.0,-2.0,1340.0
2004,mmrf_1224,train,True,True,1464.0,-2.0,1466.0
2005,mmrf_1224,train,True,True,1492.0,-2.0,1494.0
2006,mmrf_1224,train,True,True,1554.0,-2.0,1556.0
2007,mmrf_1224,train,True,True,1613.0,-2.0,1615.0
2008,mmrf_1224,train,True,True,1702.0,-2.0,1704.0
2009,mmrf_1224,train,True,True,1793.0,-2.0,1795.0
2010,mmrf_1224,train,True,True,1890.0,-2.0,1892.0
2011,mmrf_1224,train,True,True,1953.0,-2.0,1955.0
2012,mmrf_1224,train,True,True,1995.0,-2.0,1997.0
2082,mmrf_1229,test,True,True,143.0,93.0,50.0
2083,mmrf_1229,test,True,True,232.0,93.0,139.0
2084,mmrf_1229,test,True,True,337.0,270.0,67.0
2085,mmrf_1229,test,True,True,416.0,270.0,146.0
2086,mmrf_1229,test,True,True,583.0,270.0,313.0
2087,mmrf_1229,test,True,True,654.0,270.0,384.0
2088,mmrf_1229,test,True,True,866.0,270.0,596.0
2089,mmrf_1229,test,True,True,1137.0,270.0,867.0
2090,mmrf_1229,test,True,True,1508.0,270.0,1238.0
2091,mmrf_1229,test,True,True,1593.0,270.0,1323.0
2092,mmrf_1229,test,True,True,1678.0,270.0,1408.0
2093,mmrf_1229,test,True,True,1741.0,270.0,1471.0
2094,mmrf_1229,test,True,True,1928.0,270.0,1658.0
2095,mmrf_1229,test,True,True,2546.0,270.0,2276.0
2096,mmrf_1229,test,True,True,2724.0,270.0,2454.0
2136,mmrf_1235,train,True,True,56.0,-7.0,63.0
2137,mmrf_1235,train,True,True,170.0,-7.0,177.0
2138,mmrf_1235,train,True,True,254.0,205.0,49.0
2139,mmrf_1235,train,True,True,339.0,205.0,134.0
2140,mmrf_1235,train,True,True,395.0,205.0,190.0
2141,mmrf_1235,train,True,True,738.0,205.0,533.0
2142,mmrf_1235,train,True,True,843.0,205.0,638.0
2143,mmrf_1235,train,True,True,975.0,205.0,770.0
2144,mmrf_1235,train,True,True,1059.0,205.0,854.0
2145,mmrf_1235,train,True,True,1207.0,205.0,1002.0
2146,mmrf_1235,train,True,True,1388.0,205.0,1183.0
2147,mmrf_1235,train,True,True,1571.0,205.0,1366.0
2148,mmrf_1235,train,True,True,1703.0,205.0,1498.0
2149,mmrf_1235,train,True,True,1787.0,205.0,1582.0
2150,mmrf_1235,train,True,True,1935.0,205.0,1730.0
2151,mmrf_1235,train,True,True,2122.0,205.0,1917.0
2186,mmrf_1242,train,True,True,85.0,-4.0,89.0
2187,mmrf_1242,train,True,True,169.0,-4.0,173.0
2188,mmrf_1242,train,True,True,281.0,-4.0,285.0
2189,mmrf_1242,train,True,True,372.0,-4.0,376.0
2190,mmrf_1242,train,True,True,470.0,-4.0,474.0
2191,mmrf_1244,train,True,True,81.0,-11.0,92.0
2195,mmrf_1250,train,True,True,53.0,-35.0,88.0
2196,mmrf_1250,train,True,True,151.0,-35.0,186.0
2197,mmrf_1250,train,True,True,219.0,-35.0,254.0
2198,mmrf_1250,train,True,True,337.0,-35.0,372.0
2199,mmrf_1250,train,True,True,437.0,-35.0,472.0
2200,mmrf_1250,train,True,True,521.0,-35.0,556.0
2201,mmrf_1250,train,True,True,605.0,-35.0,640.0
2202,mmrf_1250,train,True,True,719.0,-35.0,754.0
2203,mmrf_1250,train,True,True,803.0,-35.0,838.0
2204,mmrf_1250,train,True,True,880.0,-35.0,915.0
2205,mmrf_1250,train,True,True,962.0,-35.0,997.0
2206,mmrf_1250,train,True,True,1040.0,-35.0,1075.0
2207,mmrf_1250,train,True,True,1144.0,-35.0,1179.0
2208,mmrf_1250,train,True,True,1255.0,-35.0,1290.0
2209,mmrf_1250,train,True,True,1331.0,-35.0,1366.0
2210,mmrf_1250,train,True,True,1424.0,-35.0,1459.0
2211,mmrf_1251,train,True,True,66.0,-8.0,74.0
2212,mmrf_1251,train,True,True,183.0,-8.0,191.0
2213,mmrf_1251,train,True,True,288.0,-8.0,296.0
2214,mmrf_1251,train,True,True,337.0,-8.0,345.0
2215,mmrf_1251,train,True,True,435.0,-8.0,443.0
2216,mmrf_1251,train,True,True,547.0,-8.0,555.0
2217,mmrf_1251,train,True,True,694.0,-8.0,702.0
2218,mmrf_1251,train,True,True,813.0,-8.0,821.0
2219,mmrf_1251,train,True,True,869.0,-8.0,877.0
2220,mmrf_1251,train,True,True,911.0,-8.0,919.0
2221,mmrf_1251,train,True,True,1065.0,-8.0,1073.0
2222,mmrf_1251,train,True,True,1156.0,-8.0,1164.0
2223,mmrf_1251,train,True,True,1247.0,-8.0,1255.0
2224,mmrf_1251,train,True,True,1401.0,-8.0,1409.0
2225,mmrf_1251,train,True,True,1436.0,-8.0,1444.0
2226,mmrf_1251,train,True,True,1534.0,-8.0,1542.0
2227,mmrf_1251,train,True,True,1625.0,-8.0,1633.0
2228,mmrf_1251,train,True,True,1684.0,-8.0,1692.0
2229,mmrf_1251,train,True,True,1807.0,-8.0,1815.0
2230,mmrf_1251,train,True,True,2017.0,-8.0,2025.0
2231,mmrf_1251,train,True,True,2192.0,-8.0,2200.0
2232,mmrf_1251,train,True,True,2353.0,-8.0,2361.0
2233,mmrf_1251,train,True,True,2486.0,-8.0,2494.0
2234,mmrf_1251,train,True,True,2584.0,-8.0,2592.0
2235,mmrf_1251,train,True,True,2739.0,-8.0,2747.0
2236,mmrf_1252,test,True,True,101.0,0.0,101.0
2237,mmrf_1252,test,True,True,172.0,0.0,172.0
2238,mmrf_1252,test,True,True,289.0,0.0,289.0
2261,mmrf_1256,train,True,True,178.0,177.0,1.0
2262,mmrf_1256,train,True,True,246.0,177.0,69.0
2263,mmrf_1256,train,True,True,332.0,177.0,155.0
2264,mmrf_1256,train,True,True,424.0,177.0,247.0
2265,mmrf_1256,train,True,True,506.0,177.0,329.0
2266,mmrf_1256,train,True,True,626.0,177.0,449.0
2267,mmrf_1256,train,True,True,687.0,177.0,510.0
2268,mmrf_1256,train,True,True,915.0,177.0,738.0
2269,mmrf_1256,train,True,True,1006.0,177.0,829.0
2270,mmrf_1256,train,True,True,1083.0,177.0,906.0
2271,mmrf_1256,train,True,True,1174.0,177.0,997.0
2272,mmrf_1256,train,True,True,1263.0,177.0,1086.0
2273,mmrf_1256,train,True,True,1362.0,177.0,1185.0
2274,mmrf_1256,train,True,True,1474.0,177.0,1297.0
2275,mmrf_1256,train,True,True,1555.0,177.0,1378.0
2276,mmrf_1256,train,True,True,1643.0,177.0,1466.0
2277,mmrf_1256,train,True,True,1727.0,177.0,1550.0
2278,mmrf_1256,train,True,True,1810.0,177.0,1633.0
2279,mmrf_1256,train,True,True,1999.0,177.0,1822.0
2280,mmrf_1256,train,True,True,2321.0,177.0,2144.0
2281,mmrf_1256,train,True,True,2565.0,177.0,2388.0
2282,mmrf_1256,train,True,True,2703.0,177.0,2526.0
2283,mmrf_1257,val,True,True,79.0,-12.0,91.0
2284,mmrf_1257,val,True,True,171.0,-12.0,183.0
2285,mmrf_1257,val,True,True,276.0,-12.0,288.0
2286,mmrf_1257,val,True,True,367.0,-12.0,379.0
2287,mmrf_1257,val,True,True,473.0,-12.0,485.0
2288,mmrf_1257,val,True,True,549.0,-12.0,561.0
2289,mmrf_1257,val,True,True,633.0,-12.0,645.0
2290,mmrf_1257,val,True,True,696.0,-12.0,708.0
2291,mmrf_1257,val,True,True,787.0,-12.0,799.0
2292,mmrf_1257,val,True,True,898.0,-12.0,910.0
2293,mmrf_1257,val,True,True,995.0,-12.0,1007.0
2294,mmrf_1257,val,True,True,1060.0,-12.0,1072.0
2295,mmrf_1257,val,True,True,1144.0,-12.0,1156.0
2296,mmrf_1257,val,True,True,1262.0,-12.0,1274.0
2297,mmrf_1257,val,True,True,1346.0,-12.0,1358.0
2298,mmrf_1257,val,True,True,1447.0,-12.0,1459.0
2299,mmrf_1257,val,True,True,1449.0,-12.0,1461.0
2300,mmrf_1257,val,True,True,1536.0,-12.0,1548.0
2302,mmrf_1260,test,True,True,78.0,-6.0,84.0
2303,mmrf_1260,test,True,True,182.0,-6.0,188.0
2304,mmrf_1260,test,True,True,254.0,-6.0,260.0
2305,mmrf_1260,test,True,True,539.0,-6.0,545.0
2306,mmrf_1260,test,True,True,632.0,-6.0,638.0
2307,mmrf_1260,test,True,True,721.0,-6.0,727.0
2308,mmrf_1260,test,True,True,814.0,-6.0,820.0
2309,mmrf_1260,test,True,True,898.0,-6.0,904.0
2310,mmrf_1261,train,True,True,86.0,-7.0,93.0
2311,mmrf_1261,train,True,True,162.0,-7.0,169.0
2312,mmrf_1261,train,True,True,235.0,-7.0,242.0
2313,mmrf_1261,train,True,True,351.0,-7.0,358.0
2314,mmrf_1261,train,True,True,434.0,-7.0,441.0
2315,mmrf_1261,train,True,True,546.0,-7.0,553.0
2316,mmrf_1261,train,True,True,638.0,-7.0,645.0
2317,mmrf_1261,train,True,True,722.0,-7.0,729.0
2318,mmrf_1261,train,True,True,904.0,-7.0,911.0
2319,mmrf_1261,train,True,True,988.0,-7.0,995.0
2338,mmrf_1266,train,True,True,78.0,-14.0,92.0
2339,mmrf_1266,train,True,True,162.0,-14.0,176.0
2340,mmrf_1266,train,True,True,288.0,-14.0,302.0
2341,mmrf_1266,train,True,True,407.0,-14.0,421.0
2342,mmrf_1266,train,True,True,512.0,-14.0,526.0
2343,mmrf_1266,train,True,True,688.0,-14.0,702.0
2344,mmrf_1266,train,True,True,786.0,-14.0,800.0
2345,mmrf_1266,train,True,True,974.0,-14.0,988.0
2346,mmrf_1266,train,True,True,1079.0,-14.0,1093.0
2347,mmrf_1266,train,True,True,1114.0,-14.0,1128.0
2348,mmrf_1266,train,True,True,1312.0,-14.0,1326.0
2349,mmrf_1266,train,True,True,1457.0,-14.0,1471.0
2350,mmrf_1266,train,True,True,1632.0,-14.0,1646.0
2351,mmrf_1266,train,True,True,2007.0,-14.0,2021.0
2352,mmrf_1266,train,True,True,2161.0,-14.0,2175.0
2353,mmrf_1267,train,True,True,84.0,-1.0,85.0
2354,mmrf_1267,train,True,True,183.0,-1.0,184.0
2355,mmrf_1267,train,True,True,343.0,-1.0,344.0
2356,mmrf_1267,train,True,True,465.0,-1.0,466.0
2357,mmrf_1267,train,True,True,576.0,-1.0,577.0
2358,mmrf_1267,train,True,True,877.0,-1.0,878.0
2359,mmrf_1267,train,True,True,996.0,-1.0,997.0
2360,mmrf_1269,test,True,True,64.0,-17.0,81.0
2361,mmrf_1269,test,True,True,152.0,-17.0,169.0
2362,mmrf_1269,test,True,True,236.0,-17.0,253.0
2363,mmrf_1269,test,True,True,376.0,-17.0,393.0
2364,mmrf_1269,test,True,True,432.0,-17.0,449.0
2365,mmrf_1269,test,True,True,551.0,-17.0,568.0
2366,mmrf_1269,test,True,True,607.0,-17.0,624.0
2367,mmrf_1269,test,True,True,663.0,-17.0,680.0
2368,mmrf_1269,test,True,True,775.0,-17.0,792.0
2369,mmrf_1269,test,True,True,859.0,-17.0,876.0
2370,mmrf_1269,test,True,True,950.0,-17.0,967.0
2371,mmrf_1269,test,True,True,1041.0,-17.0,1058.0
2372,mmrf_1269,test,True,True,1132.0,-17.0,1149.0
2373,mmrf_1269,test,True,True,1222.0,-17.0,1239.0
2374,mmrf_1269,test,True,True,1307.0,-17.0,1324.0
2375,mmrf_1269,test,True,True,1398.0,-17.0,1415.0
2376,mmrf_1269,test,True,True,1502.0,-17.0,1519.0
2383,mmrf_1274,test,True,True,92.0,-16.0,108.0
2384,mmrf_1274,test,True,True,184.0,-16.0,200.0
2385,mmrf_1274,test,True,True,254.0,-16.0,270.0
2386,mmrf_1274,test,True,True,349.0,-16.0,365.0
2387,mmrf_1274,test,True,True,419.0,-16.0,435.0
2388,mmrf_1274,test,True,True,511.0,-16.0,527.0
2389,mmrf_1274,test,True,True,603.0,-16.0,619.0
2390,mmrf_1274,test,True,True,698.0,-16.0,714.0
2391,mmrf_1274,test,True,True,814.0,-16.0,830.0
2392,mmrf_1274,test,False,True,988.0,-16.0,1004.0
2393,mmrf_1274,test,False,True,1134.0,-16.0,1150.0
2394,mmrf_1274,test,False,True,1219.0,-16.0,1235.0
2395,mmrf_1274,test,False,True,1287.0,-16.0,1303.0
2396,mmrf_1274,test,False,True,1374.0,-16.0,1390.0
2397,mmrf_1274,test,False,True,1465.0,-16.0,1481.0
2398,mmrf_1274,test,False,True,1556.0,-16.0,1572.0
2399,mmrf_1274,test,False,True,1745.0,-16.0,1761.0
2400,mmrf_1274,test,False,True,1836.0,-16.0,1852.0
2401,mmrf_1274,test,False,True,1952.0,-16.0,1968.0
2402,mmrf_1274,test,False,True,2395.0,-16.0,2411.0
2403,mmrf_1274,test,False,True,2541.0,-16.0,2557.0
2404,mmrf_1274,test,False,True,2556.0,-16.0,2572.0
2405,mmrf_1274,test,True,True,2743.0,-16.0,2759.0
2442,mmrf_1284,test,True,True,82.0,-3.0,85.0
2443,mmrf_1284,test,True,True,206.0,205.0,1.0
2444,mmrf_1284,test,True,True,261.0,205.0,56.0
2445,mmrf_1284,test,True,True,354.0,205.0,149.0
2446,mmrf_1284,test,True,True,436.0,205.0,231.0
2447,mmrf_1284,test,True,True,534.0,205.0,329.0
2448,mmrf_1284,test,True,True,625.0,205.0,420.0
2449,mmrf_1284,test,True,True,737.0,205.0,532.0
2450,mmrf_1284,test,True,True,821.0,205.0,616.0
2451,mmrf_1284,test,True,True,905.0,205.0,700.0
2452,mmrf_1284,test,True,True,996.0,205.0,791.0
2453,mmrf_1284,test,True,True,1087.0,205.0,882.0
2454,mmrf_1284,test,True,True,1143.0,205.0,938.0
2455,mmrf_1284,test,True,True,1227.0,205.0,1022.0
2456,mmrf_1284,test,True,True,1339.0,205.0,1134.0
2457,mmrf_1284,test,True,True,1451.0,205.0,1246.0
2458,mmrf_1284,test,True,True,1563.0,205.0,1358.0
2459,mmrf_1284,test,True,True,1612.0,205.0,1407.0
2460,mmrf_1284,test,True,True,1731.0,205.0,1526.0
2461,mmrf_1284,test,True,True,1787.0,205.0,1582.0
2462,mmrf_1284,test,True,True,1969.0,205.0,1764.0
2463,mmrf_1284,test,True,True,2158.0,205.0,1953.0
2464,mmrf_1284,test,True,True,2410.0,205.0,2205.0
2465,mmrf_1284,test,True,True,2578.0,205.0,2373.0
2466,mmrf_1284,test,True,True,2739.0,205.0,2534.0
2467,mmrf_1285,train,True,True,55.0,-15.0,70.0
2468,mmrf_1285,train,True,True,176.0,-15.0,191.0
2469,mmrf_1285,train,True,True,245.0,-15.0,260.0
2470,mmrf_1285,train,True,True,322.0,-15.0,337.0
2471,mmrf_1285,train,True,True,427.0,-15.0,442.0
2472,mmrf_1285,train,True,True,511.0,-15.0,526.0
2473,mmrf_1285,train,True,True,616.0,-15.0,631.0
2474,mmrf_1285,train,True,True,705.0,-15.0,720.0
2475,mmrf_1285,train,True,True,789.0,-15.0,804.0
2476,mmrf_1285,train,True,True,873.0,861.0,12.0
2477,mmrf_1285,train,True,True,978.0,861.0,117.0
2478,mmrf_1285,train,True,True,1062.0,861.0,201.0
2479,mmrf_1285,train,True,True,1148.0,861.0,287.0
2480,mmrf_1285,train,True,True,1241.0,861.0,380.0
2481,mmrf_1285,train,True,True,1374.0,861.0,513.0
2482,mmrf_1285,train,True,True,1433.0,861.0,572.0
2483,mmrf_1285,train,True,True,1497.0,861.0,636.0
2484,mmrf_1285,train,True,True,1570.0,861.0,709.0
2485,mmrf_1285,train,True,True,1727.0,861.0,866.0
2486,mmrf_1286,val,True,True,74.0,-19.0,93.0
2487,mmrf_1286,val,True,True,165.0,-19.0,184.0
2488,mmrf_1286,val,True,True,268.0,-19.0,287.0
2489,mmrf_1286,val,True,True,330.0,-19.0,349.0
2490,mmrf_1286,val,True,True,428.0,-19.0,447.0
2491,mmrf_1286,val,True,True,509.0,-19.0,528.0
2492,mmrf_1286,val,True,True,611.0,-19.0,630.0
2493,mmrf_1286,val,True,True,674.0,-19.0,693.0
2494,mmrf_1286,val,True,True,782.0,-19.0,801.0
2495,mmrf_1286,val,True,True,872.0,-19.0,891.0
2496,mmrf_1286,val,True,True,977.0,-19.0,996.0
2497,mmrf_1286,val,True,True,1073.0,-19.0,1092.0
2498,mmrf_1286,val,True,True,1167.0,-19.0,1186.0
2499,mmrf_1286,val,True,True,1207.0,-19.0,1226.0
2500,mmrf_1286,val,True,True,1256.0,-19.0,1275.0
2501,mmrf_1286,val,True,True,1340.0,-19.0,1359.0
2502,mmrf_1286,val,True,True,1424.0,-19.0,1443.0
2503,mmrf_1286,val,True,True,1510.0,-19.0,1529.0
2504,mmrf_1286,val,True,True,1629.0,-19.0,1648.0
2505,mmrf_1286,val,True,True,1713.0,-19.0,1732.0
2506,mmrf_1286,val,True,True,1810.0,-19.0,1829.0
2507,mmrf_1289,test,True,True,88.0,-7.0,95.0
2508,mmrf_1289,test,True,True,190.0,-7.0,197.0
2509,mmrf_1289,test,True,True,275.0,-7.0,282.0
2510,mmrf_1289,test,True,True,393.0,-7.0,400.0
2511,mmrf_1290,train,True,True,89.0,-4.0,93.0
2512,mmrf_1290,train,True,True,158.0,-4.0,162.0
2513,mmrf_1290,train,True,True,207.0,-4.0,211.0
2514,mmrf_1290,train,True,True,368.0,-4.0,372.0
2515,mmrf_1290,train,True,True,438.0,-4.0,442.0
2516,mmrf_1290,train,True,True,550.0,-4.0,554.0
2517,mmrf_1290,train,True,True,634.0,-4.0,638.0
2518,mmrf_1290,train,True,True,717.0,-4.0,721.0
2519,mmrf_1290,train,True,True,816.0,-4.0,820.0
2520,mmrf_1290,train,True,True,865.0,-4.0,869.0
2521,mmrf_1290,train,True,True,949.0,-4.0,953.0
2522,mmrf_1290,train,True,True,1033.0,-4.0,1037.0
2523,mmrf_1290,train,True,True,1117.0,-4.0,1121.0
2524,mmrf_1290,train,True,True,1229.0,-4.0,1233.0
2525,mmrf_1290,train,True,True,1369.0,-4.0,1373.0
2526,mmrf_1290,train,True,True,1453.0,-4.0,1457.0
2527,mmrf_1290,train,True,True,1537.0,-4.0,1541.0
2528,mmrf_1290,train,True,True,1635.0,-4.0,1639.0
2529,mmrf_1290,train,True,True,1705.0,-4.0,1709.0
2530,mmrf_1290,train,True,True,1789.0,-4.0,1793.0
2531,mmrf_1290,train,True,True,1985.0,-4.0,1989.0
2532,mmrf_1290,train,True,True,2202.0,-4.0,2206.0
2533,mmrf_1290,train,True,True,2419.0,-4.0,2423.0
2534,mmrf_1290,train,True,True,2580.0,-4.0,2584.0
2535,mmrf_1290,train,False,True,2727.0,-4.0,2731.0
2536,mmrf_1293,train,True,True,29.0,-58.0,87.0
2537,mmrf_1293,train,True,True,43.0,-58.0,101.0
2538,mmrf_1293,train,True,True,89.0,-58.0,147.0
2539,mmrf_1293,train,True,True,218.0,-58.0,276.0
2540,mmrf_1293,train,True,True,277.0,-58.0,335.0
2541,mmrf_1293,train,True,True,365.0,-58.0,423.0
2542,mmrf_1293,train,False,True,481.0,-58.0,539.0
2543,mmrf_1293,train,False,True,568.0,-58.0,626.0
2544,mmrf_1293,train,True,True,609.0,-58.0,667.0
2545,mmrf_1293,train,True,True,810.0,-58.0,868.0
2546,mmrf_1293,train,True,True,916.0,-58.0,974.0
2547,mmrf_1293,train,True,True,972.0,-58.0,1030.0
2548,mmrf_1293,train,True,True,1063.0,-58.0,1121.0
2549,mmrf_1293,train,True,True,1163.0,-58.0,1221.0
2550,mmrf_1293,train,True,True,1288.0,-58.0,1346.0
2551,mmrf_1293,train,True,True,1450.0,1306.0,144.0
2552,mmrf_1293,train,True,True,1546.0,1306.0,240.0
2553,mmrf_1293,train,True,True,1637.0,1306.0,331.0
2554,mmrf_1293,train,True,True,1734.0,1306.0,428.0
2555,mmrf_1293,train,True,True,1909.0,1306.0,603.0
2556,mmrf_1293,train,True,True,2085.0,1306.0,779.0
2557,mmrf_1293,train,True,True,2294.0,1306.0,988.0
2558,mmrf_1293,train,True,True,2451.0,1306.0,1145.0
2559,mmrf_1293,train,True,True,2645.0,1306.0,1339.0
2560,mmrf_1295,test,True,True,86.0,-13.0,99.0
2561,mmrf_1295,test,True,True,177.0,-13.0,190.0
2562,mmrf_1295,test,True,True,247.0,-13.0,260.0
2563,mmrf_1295,test,True,True,361.0,-13.0,374.0
2564,mmrf_1295,test,True,True,446.0,-13.0,459.0
2565,mmrf_1295,test,True,True,538.0,-13.0,551.0
2566,mmrf_1295,test,True,True,636.0,-13.0,649.0
2567,mmrf_1295,test,True,True,818.0,-13.0,831.0
2568,mmrf_1295,test,True,True,888.0,-13.0,901.0
2569,mmrf_1295,test,True,True,989.0,-13.0,1002.0
2570,mmrf_1295,test,True,True,1096.0,-13.0,1109.0
2571,mmrf_1295,test,True,True,1154.0,-13.0,1167.0
2572,mmrf_1295,test,True,True,1259.0,-13.0,1272.0
2573,mmrf_1295,test,True,True,1355.0,-13.0,1368.0
2574,mmrf_1295,test,True,True,1703.0,-13.0,1716.0
2575,mmrf_1296,train,True,True,79.0,-13.0,92.0
2576,mmrf_1296,train,True,True,170.0,-13.0,183.0
2577,mmrf_1296,train,True,True,254.0,-13.0,267.0
2578,mmrf_1296,train,True,True,338.0,-13.0,351.0
2579,mmrf_1296,train,True,True,422.0,-13.0,435.0
2580,mmrf_1300,test,True,True,139.0,-46.0,185.0
2581,mmrf_1300,test,True,True,200.0,-46.0,246.0
2582,mmrf_1300,test,True,True,269.0,-46.0,315.0
2583,mmrf_1300,test,True,True,328.0,-46.0,374.0
2584,mmrf_1300,test,True,True,454.0,-46.0,500.0
2585,mmrf_1300,test,True,True,544.0,-46.0,590.0
2586,mmrf_1300,test,True,True,615.0,-46.0,661.0
2587,mmrf_1300,test,True,True,727.0,-46.0,773.0
2588,mmrf_1300,test,True,True,790.0,-46.0,836.0
2589,mmrf_1300,test,True,True,874.0,-46.0,920.0
2590,mmrf_1300,test,True,True,963.0,-46.0,1009.0
2591,mmrf_1300,test,True,True,1070.0,-46.0,1116.0
2592,mmrf_1300,test,True,True,1285.0,-46.0,1331.0
2593,mmrf_1300,test,True,True,1397.0,-46.0,1443.0
2594,mmrf_1300,test,True,True,1509.0,-46.0,1555.0
2595,mmrf_1300,test,True,True,1607.0,-46.0,1653.0
2596,mmrf_1300,test,True,True,1699.0,-46.0,1745.0
2597,mmrf_1300,test,True,True,1770.0,-46.0,1816.0
2598,mmrf_1300,test,True,True,2167.0,-46.0,2213.0
2599,mmrf_1300,test,True,True,2370.0,-46.0,2416.0
2600,mmrf_1300,test,True,True,2559.0,-46.0,2605.0
2601,mmrf_1300,test,True,True,2755.0,-46.0,2801.0
2602,mmrf_1304,train,True,True,60.0,-6.0,66.0
2603,mmrf_1304,train,True,True,156.0,-6.0,162.0
2604,mmrf_1304,train,True,True,240.0,-6.0,246.0
2605,mmrf_1304,train,True,True,375.0,-6.0,381.0
2606,mmrf_1304,train,True,True,458.0,-6.0,464.0
2607,mmrf_1304,train,True,True,513.0,-6.0,519.0
2608,mmrf_1304,train,True,True,631.0,-6.0,637.0
2609,mmrf_1304,train,True,True,835.0,-6.0,841.0
2610,mmrf_1304,train,True,True,878.0,-6.0,884.0
2611,mmrf_1304,train,True,True,948.0,-6.0,954.0
2612,mmrf_1304,train,True,True,1121.0,-6.0,1127.0
2613,mmrf_1304,train,True,True,1262.0,-6.0,1268.0
2614,mmrf_1304,train,True,True,1375.0,-6.0,1381.0
2615,mmrf_1304,train,True,True,1459.0,-6.0,1465.0
2616,mmrf_1304,train,True,True,1640.0,-6.0,1646.0
2617,mmrf_1304,train,True,True,1717.0,-6.0,1723.0
2618,mmrf_1304,train,True,True,2004.0,-6.0,2010.0
2619,mmrf_1304,train,True,True,2368.0,-6.0,2374.0
2620,mmrf_1307,train,True,True,93.0,-6.0,99.0
2621,mmrf_1307,train,True,True,189.0,-6.0,195.0
2622,mmrf_1307,train,True,True,282.0,-6.0,288.0
2623,mmrf_1307,train,True,True,378.0,-6.0,384.0
2624,mmrf_1307,train,True,True,422.0,-6.0,428.0
2625,mmrf_1307,train,True,True,539.0,-6.0,545.0
2626,mmrf_1307,train,True,True,637.0,-6.0,643.0
2627,mmrf_1307,train,True,True,728.0,-6.0,734.0
2628,mmrf_1307,train,True,True,809.0,-6.0,815.0
2629,mmrf_1307,train,True,True,991.0,-6.0,997.0
2630,mmrf_1307,train,True,True,1110.0,-6.0,1116.0
2631,mmrf_1307,train,True,True,1292.0,-6.0,1298.0
2632,mmrf_1307,train,True,True,1474.0,-6.0,1480.0
2633,mmrf_1307,train,True,True,1523.0,-6.0,1529.0
2634,mmrf_1307,train,True,True,1724.0,-6.0,1730.0
2635,mmrf_1307,train,True,True,1838.0,-6.0,1844.0
2636,mmrf_1307,train,True,True,2192.0,-6.0,2198.0
2637,mmrf_1307,train,True,True,2468.0,-6.0,2474.0
2638,mmrf_1307,train,True,True,2549.0,-6.0,2555.0
2639,mmrf_1308,train,True,True,102.0,-11.0,113.0
2640,mmrf_1308,train,True,True,172.0,-11.0,183.0
2641,mmrf_1308,train,True,True,271.0,-11.0,282.0
2642,mmrf_1308,train,True,True,354.0,-11.0,365.0
2643,mmrf_1308,train,True,True,460.0,-11.0,471.0
2644,mmrf_1308,train,True,True,529.0,-11.0,540.0
2645,mmrf_1308,train,True,True,621.0,-11.0,632.0
2646,mmrf_1308,train,True,True,733.0,-11.0,744.0
2647,mmrf_1308,train,True,True,818.0,-11.0,829.0
2648,mmrf_1308,train,True,True,901.0,-11.0,912.0
2649,mmrf_1308,train,True,True,971.0,-11.0,982.0
2650,mmrf_1308,train,True,True,1055.0,-11.0,1066.0
2651,mmrf_1308,train,True,True,1139.0,-11.0,1150.0
2652,mmrf_1308,train,True,True,1230.0,-11.0,1241.0
2653,mmrf_1308,train,True,True,1314.0,-11.0,1325.0
2654,mmrf_1308,train,True,True,1432.0,-11.0,1443.0
2655,mmrf_1308,train,True,True,1524.0,-11.0,1535.0
2656,mmrf_1308,train,True,True,1614.0,-11.0,1625.0
2657,mmrf_1308,train,True,True,1676.0,-11.0,1687.0
2658,mmrf_1308,train,True,True,1693.0,-11.0,1704.0
2659,mmrf_1308,train,True,True,1777.0,-11.0,1788.0
2660,mmrf_1308,train,True,True,1972.0,-11.0,1983.0
2661,mmrf_1308,train,True,True,2168.0,-11.0,2179.0
2662,mmrf_1308,train,True,True,2406.0,-11.0,2417.0
2663,mmrf_1308,train,True,True,2546.0,-11.0,2557.0
2664,mmrf_1308,train,True,True,2728.0,-11.0,2739.0
2665,mmrf_1309,test,True,True,53.0,-28.0,81.0
2666,mmrf_1309,test,True,True,244.0,-28.0,272.0
2667,mmrf_1309,test,True,True,426.0,-28.0,454.0
2668,mmrf_1309,test,True,True,517.0,-28.0,545.0
2669,mmrf_1309,test,True,True,706.0,-28.0,734.0
2670,mmrf_1309,test,True,True,790.0,-28.0,818.0
2671,mmrf_1309,test,True,True,881.0,-28.0,909.0
2672,mmrf_1309,test,True,True,979.0,927.0,52.0
2673,mmrf_1309,test,True,True,1070.0,927.0,143.0
2674,mmrf_1309,test,True,True,1343.0,927.0,416.0
2675,mmrf_1309,test,True,True,1441.0,927.0,514.0
2676,mmrf_1309,test,True,True,1530.0,927.0,603.0
2677,mmrf_1309,test,True,True,1608.0,927.0,681.0
2678,mmrf_1310,train,True,True,86.0,-6.0,92.0
2679,mmrf_1310,train,True,True,166.0,-6.0,172.0
2680,mmrf_1310,train,True,True,281.0,-6.0,287.0
2681,mmrf_1310,train,True,True,370.0,-6.0,376.0
2682,mmrf_1310,train,True,True,456.0,-6.0,462.0
2683,mmrf_1310,train,True,True,547.0,-6.0,553.0
2684,mmrf_1310,train,True,True,638.0,-6.0,644.0
2685,mmrf_1310,train,True,True,722.0,-6.0,728.0
2686,mmrf_1310,train,True,True,804.0,-6.0,810.0
2687,mmrf_1310,train,True,True,888.0,-6.0,894.0
2688,mmrf_1310,train,True,True,986.0,-6.0,992.0
2689,mmrf_1310,train,True,True,1070.0,-6.0,1076.0
2690,mmrf_1310,train,True,True,1154.0,-6.0,1160.0
2691,mmrf_1310,train,True,True,1254.0,-6.0,1260.0
2692,mmrf_1310,train,True,True,1422.0,-6.0,1428.0
2693,mmrf_1310,train,True,True,1534.0,-6.0,1540.0
2694,mmrf_1310,train,True,True,1639.0,-6.0,1645.0
2695,mmrf_1310,train,True,True,1723.0,-6.0,1729.0
2696,mmrf_1310,train,True,True,1840.0,-6.0,1846.0
2697,mmrf_1310,train,True,True,1962.0,-6.0,1968.0
2698,mmrf_1310,train,True,True,2136.0,-6.0,2142.0
2699,mmrf_1310,train,True,True,2487.0,-6.0,2493.0
2700,mmrf_1310,train,True,True,2732.0,-6.0,2738.0
2701,mmrf_1311,train,True,True,99.0,-15.0,114.0
2702,mmrf_1311,train,True,True,161.0,-15.0,176.0
2703,mmrf_1311,train,True,True,239.0,-15.0,254.0
2704,mmrf_1311,train,False,True,364.0,-15.0,379.0
2705,mmrf_1311,train,False,True,470.0,-15.0,485.0
2706,mmrf_1311,train,False,True,553.0,-15.0,568.0
2707,mmrf_1311,train,False,True,617.0,-15.0,632.0
2708,mmrf_1311,train,False,True,743.0,-15.0,758.0
2709,mmrf_1311,train,False,True,798.0,-15.0,813.0
2710,mmrf_1311,train,False,True,1033.0,-15.0,1048.0
2711,mmrf_1311,train,False,True,1124.0,-15.0,1139.0
2712,mmrf_1311,train,False,True,1219.0,-15.0,1234.0
2713,mmrf_1311,train,False,True,1310.0,-15.0,1325.0
2714,mmrf_1311,train,False,True,1401.0,-15.0,1416.0
2715,mmrf_1311,train,False,True,1534.0,-15.0,1549.0
2716,mmrf_1311,train,False,True,1611.0,-15.0,1626.0
2717,mmrf_1311,train,False,True,1703.0,-15.0,1718.0
2718,mmrf_1311,train,False,True,1834.0,-15.0,1849.0
2719,mmrf_1311,train,True,True,1970.0,-15.0,1985.0
2720,mmrf_1311,train,False,True,2221.0,-15.0,2236.0
2721,mmrf_1311,train,False,True,2389.0,-15.0,2404.0
2722,mmrf_1311,train,False,True,2531.0,-15.0,2546.0
2723,mmrf_1311,train,False,True,2706.0,-15.0,2721.0
2724,mmrf_1312,train,True,True,78.0,-7.0,85.0
2725,mmrf_1312,train,True,True,183.0,-7.0,190.0
2726,mmrf_1312,train,True,True,435.0,-7.0,442.0
2727,mmrf_1312,train,True,True,519.0,-7.0,526.0
2728,mmrf_1312,train,True,True,983.0,-7.0,990.0
2729,mmrf_1312,train,True,True,1083.0,-7.0,1090.0
2730,mmrf_1312,train,True,True,1139.0,-7.0,1146.0
2731,mmrf_1312,train,True,True,1202.0,-7.0,1209.0
2732,mmrf_1312,train,True,True,1318.0,-7.0,1325.0
2733,mmrf_1312,train,True,True,1436.0,-7.0,1443.0
2734,mmrf_1312,train,True,True,1548.0,-7.0,1555.0
2735,mmrf_1312,train,True,True,1667.0,-7.0,1674.0
2736,mmrf_1312,train,True,True,1737.0,-7.0,1744.0
2737,mmrf_1312,train,True,True,1835.0,-7.0,1842.0
2738,mmrf_1312,train,True,True,2024.0,-7.0,2031.0
2739,mmrf_1312,train,True,True,2192.0,-7.0,2199.0
2740,mmrf_1312,train,True,True,2354.0,-7.0,2361.0
2741,mmrf_1312,train,True,True,2696.0,-7.0,2703.0
2742,mmrf_1314,train,True,True,67.0,-7.0,74.0
2743,mmrf_1314,train,True,True,178.0,-7.0,185.0
2744,mmrf_1314,train,True,True,255.0,-7.0,262.0
2745,mmrf_1314,train,True,True,366.0,-7.0,373.0
2746,mmrf_1314,train,True,True,444.0,-7.0,451.0
2747,mmrf_1314,train,True,True,535.0,-7.0,542.0
2748,mmrf_1314,train,True,True,632.0,-7.0,639.0
2749,mmrf_1314,train,True,True,731.0,-7.0,738.0
2750,mmrf_1314,train,True,True,808.0,-7.0,815.0
2751,mmrf_1314,train,True,True,913.0,-7.0,920.0
2752,mmrf_1314,train,True,True,1039.0,-7.0,1046.0
2753,mmrf_1314,train,True,True,1101.0,-7.0,1108.0
2754,mmrf_1314,train,True,True,1199.0,-7.0,1206.0
2755,mmrf_1314,train,True,True,1262.0,-7.0,1269.0
2756,mmrf_1314,train,True,True,1354.0,-7.0,1361.0
2757,mmrf_1314,train,True,True,1430.0,-7.0,1437.0
2758,mmrf_1314,train,True,True,1522.0,-7.0,1529.0
2759,mmrf_1314,train,True,True,1661.0,-7.0,1668.0
2760,mmrf_1314,train,True,True,1774.0,-7.0,1781.0
2761,mmrf_1314,train,True,True,1920.0,-7.0,1927.0
2762,mmrf_1314,train,True,True,2110.0,-7.0,2117.0
2763,mmrf_1314,train,True,True,2376.0,-7.0,2383.0
2764,mmrf_1314,train,True,True,2578.0,-7.0,2585.0
2765,mmrf_1318,train,True,True,85.0,-11.0,96.0
2766,mmrf_1318,train,True,True,183.0,-11.0,194.0
2767,mmrf_1318,train,True,True,260.0,-11.0,271.0
2768,mmrf_1318,train,True,True,358.0,-11.0,369.0
2769,mmrf_1318,train,False,True,435.0,-11.0,446.0
2770,mmrf_1318,train,False,True,547.0,-11.0,558.0
2771,mmrf_1318,train,False,True,631.0,-11.0,642.0
2772,mmrf_1318,train,True,True,729.0,-11.0,740.0
2773,mmrf_1318,train,False,True,813.0,-11.0,824.0
2774,mmrf_1318,train,True,True,897.0,-11.0,908.0
2775,mmrf_1318,train,True,True,981.0,-11.0,992.0
2776,mmrf_1318,train,True,True,1065.0,-11.0,1076.0
2777,mmrf_1318,train,True,True,1177.0,-11.0,1188.0
2778,mmrf_1318,train,True,True,1261.0,-11.0,1272.0
2779,mmrf_1318,train,True,True,1373.0,-11.0,1384.0
2780,mmrf_1318,train,True,True,1457.0,-11.0,1468.0
2781,mmrf_1318,train,True,True,1515.0,-11.0,1526.0
2782,mmrf_1318,train,True,True,1604.0,-11.0,1615.0
2783,mmrf_1318,train,True,True,1716.0,-11.0,1727.0
2784,mmrf_1318,train,True,True,1802.0,-11.0,1813.0
2785,mmrf_1318,train,True,True,1982.0,-11.0,1993.0
2786,mmrf_1318,train,True,True,2150.0,-11.0,2161.0
2787,mmrf_1318,train,True,True,2346.0,-11.0,2357.0
2788,mmrf_1318,train,True,True,2542.0,-11.0,2553.0
2789,mmrf_1318,train,True,True,2745.0,-11.0,2756.0
2790,mmrf_1320,train,True,True,129.0,0.0,129.0
2791,mmrf_1320,train,True,True,173.0,0.0,173.0
2792,mmrf_1320,train,True,True,234.0,0.0,234.0
2793,mmrf_1320,train,True,True,367.0,0.0,367.0
2794,mmrf_1320,train,True,True,451.0,0.0,451.0
2795,mmrf_1320,train,True,True,647.0,0.0,647.0
2796,mmrf_1320,train,True,True,822.0,0.0,822.0
2797,mmrf_1320,train,True,True,915.0,0.0,915.0
2798,mmrf_1320,train,True,True,990.0,0.0,990.0
2799,mmrf_1320,train,True,True,1073.0,0.0,1073.0
2800,mmrf_1320,train,True,True,1144.0,0.0,1144.0
2801,mmrf_1320,train,True,True,1286.0,0.0,1286.0
2802,mmrf_1320,train,True,True,1475.0,0.0,1475.0
2803,mmrf_1320,train,True,True,1986.0,0.0,1986.0
2804,mmrf_1320,train,True,True,2115.0,0.0,2115.0
2805,mmrf_1320,train,True,True,2364.0,0.0,2364.0
2806,mmrf_1320,train,True,True,2560.0,0.0,2560.0
2807,mmrf_1320,train,True,True,2731.0,0.0,2731.0
2808,mmrf_1323,test,True,True,62.0,-16.0,78.0
2809,mmrf_1323,test,True,True,153.0,-16.0,169.0
2810,mmrf_1323,test,True,True,265.0,-16.0,281.0
2811,mmrf_1323,test,True,True,356.0,-16.0,372.0
2812,mmrf_1323,test,True,True,447.0,-16.0,463.0
2813,mmrf_1323,test,True,True,503.0,-16.0,519.0
2814,mmrf_1323,test,True,True,615.0,-16.0,631.0
2815,mmrf_1323,test,False,True,671.0,-16.0,687.0
2816,mmrf_1323,test,False,True,783.0,-16.0,799.0
2817,mmrf_1323,test,True,True,867.0,-16.0,883.0
2818,mmrf_1323,test,True,True,979.0,-16.0,995.0
2819,mmrf_1323,test,True,True,1091.0,-16.0,1107.0
2820,mmrf_1323,test,True,True,1147.0,-16.0,1163.0
2821,mmrf_1323,test,True,True,1259.0,-16.0,1275.0
2822,mmrf_1323,test,True,True,1371.0,-16.0,1387.0
2823,mmrf_1323,test,True,True,1455.0,-16.0,1471.0
2824,mmrf_1323,test,True,True,1539.0,-16.0,1555.0
2825,mmrf_1323,test,True,True,1581.0,-16.0,1597.0
2826,mmrf_1323,test,True,True,1679.0,-16.0,1695.0
2827,mmrf_1323,test,True,True,1763.0,-16.0,1779.0
2828,mmrf_1323,test,True,True,1966.0,-16.0,1982.0
2829,mmrf_1323,test,True,True,2156.0,-16.0,2172.0
2830,mmrf_1323,test,True,True,2337.0,-16.0,2353.0
2831,mmrf_1323,test,True,True,2540.0,-16.0,2556.0
2832,mmrf_1323,test,True,True,2701.0,-16.0,2717.0
2833,mmrf_1324,train,True,True,75.0,-3.0,78.0
2834,mmrf_1324,train,True,True,173.0,-3.0,176.0
2835,mmrf_1324,train,True,True,257.0,-3.0,260.0
2836,mmrf_1324,train,True,True,368.0,-3.0,371.0
2837,mmrf_1324,train,True,True,424.0,-3.0,427.0
2838,mmrf_1324,train,True,True,550.0,-3.0,553.0
2839,mmrf_1324,train,True,True,633.0,-3.0,636.0
2840,mmrf_1324,train,True,True,718.0,-3.0,721.0
2841,mmrf_1324,train,True,True,795.0,-3.0,798.0
2842,mmrf_1324,train,False,True,893.0,-3.0,896.0
2843,mmrf_1324,train,True,True,998.0,-3.0,1001.0
2844,mmrf_1324,train,True,True,1076.0,-3.0,1079.0
2845,mmrf_1324,train,True,True,1153.0,-3.0,1156.0
2846,mmrf_1324,train,True,True,1223.0,-3.0,1226.0
2847,mmrf_1324,train,True,True,1300.0,-3.0,1303.0
2848,mmrf_1324,train,True,True,1446.0,-3.0,1449.0
2849,mmrf_1324,train,True,True,1537.0,-3.0,1540.0
2850,mmrf_1324,train,True,True,1621.0,-3.0,1624.0
2851,mmrf_1324,train,True,True,1720.0,-3.0,1723.0
2852,mmrf_1324,train,True,True,1796.0,-3.0,1799.0
2853,mmrf_1324,train,True,True,1923.0,-3.0,1926.0
2854,mmrf_1324,train,True,True,2202.0,-3.0,2205.0
2855,mmrf_1324,train,True,True,2392.0,-3.0,2395.0
2856,mmrf_1325,train,True,True,88.0,-8.0,96.0
2857,mmrf_1325,train,True,True,148.0,-8.0,156.0
2858,mmrf_1325,train,True,True,245.0,-8.0,253.0
2859,mmrf_1325,train,True,True,336.0,-8.0,344.0
2860,mmrf_1325,train,True,True,441.0,-8.0,449.0
2861,mmrf_1325,train,True,True,532.0,-8.0,540.0
2862,mmrf_1325,train,True,True,626.0,-8.0,634.0
2863,mmrf_1325,train,True,True,707.0,-8.0,715.0
2864,mmrf_1325,train,True,True,798.0,-8.0,806.0
2865,mmrf_1325,train,True,True,897.0,-8.0,905.0
2866,mmrf_1325,train,True,True,991.0,-8.0,999.0
2867,mmrf_1325,train,True,True,1082.0,-8.0,1090.0
2868,mmrf_1325,train,True,True,1183.0,-8.0,1191.0
2869,mmrf_1325,train,True,True,1278.0,-8.0,1286.0
2870,mmrf_1325,train,True,True,1376.0,-8.0,1384.0
2871,mmrf_1325,train,True,True,1467.0,-8.0,1475.0
2872,mmrf_1325,train,True,True,1558.0,-8.0,1566.0
2873,mmrf_1325,train,True,True,1649.0,-8.0,1657.0
2874,mmrf_1325,train,True,True,1740.0,-8.0,1748.0
2875,mmrf_1325,train,False,True,2166.0,-8.0,2174.0
2876,mmrf_1325,train,False,True,2398.0,-8.0,2406.0
2877,mmrf_1325,train,False,True,2545.0,-8.0,2553.0
2878,mmrf_1325,train,False,True,2747.0,-8.0,2755.0
2879,mmrf_1328,train,True,True,107.0,-8.0,115.0
2880,mmrf_1328,train,True,True,173.0,-8.0,181.0
2881,mmrf_1328,train,True,True,272.0,-8.0,280.0
2882,mmrf_1328,train,True,True,356.0,-8.0,364.0
2883,mmrf_1328,train,True,True,440.0,-8.0,448.0
2884,mmrf_1328,train,True,True,544.0,-8.0,552.0
2885,mmrf_1328,train,True,True,607.0,-8.0,615.0
2886,mmrf_1328,train,True,True,713.0,-8.0,721.0
2887,mmrf_1328,train,True,True,797.0,-8.0,805.0
2888,mmrf_1328,train,True,True,897.0,-8.0,905.0
2889,mmrf_1328,train,True,True,979.0,-8.0,987.0
2890,mmrf_1328,train,True,True,1038.0,-8.0,1046.0
2891,mmrf_1328,train,True,True,1154.0,-8.0,1162.0
2892,mmrf_1328,train,True,True,1266.0,-8.0,1274.0
2893,mmrf_1328,train,True,True,1336.0,-8.0,1344.0
2894,mmrf_1328,train,True,True,1434.0,-8.0,1442.0
2895,mmrf_1331,test,True,True,99.0,-4.0,103.0
2896,mmrf_1331,test,True,True,165.0,-4.0,169.0
2902,mmrf_1335,train,True,True,81.0,-3.0,84.0
2903,mmrf_1335,train,True,True,179.0,-3.0,182.0
2904,mmrf_1335,train,True,True,267.0,-3.0,270.0
2905,mmrf_1335,train,True,True,347.0,-3.0,350.0
2906,mmrf_1335,train,True,True,438.0,-3.0,441.0
2907,mmrf_1335,train,True,True,522.0,-3.0,525.0
2908,mmrf_1335,train,True,True,634.0,-3.0,637.0
2909,mmrf_1335,train,True,True,718.0,-3.0,721.0
2910,mmrf_1335,train,True,True,805.0,-3.0,808.0
2911,mmrf_1335,train,True,True,876.0,-3.0,879.0
2912,mmrf_1335,train,True,True,988.0,-3.0,991.0
2913,mmrf_1335,train,True,True,1065.0,-3.0,1068.0
2914,mmrf_1335,train,True,True,1166.0,-3.0,1169.0
2920,mmrf_1338,train,True,True,115.0,0.0,115.0
2921,mmrf_1338,train,True,True,246.0,0.0,246.0
2922,mmrf_1338,train,True,True,323.0,0.0,323.0
2923,mmrf_1338,train,True,True,386.0,0.0,386.0
2924,mmrf_1338,train,True,True,470.0,0.0,470.0
2925,mmrf_1338,train,True,True,558.0,0.0,558.0
2926,mmrf_1338,train,True,True,701.0,0.0,701.0
2927,mmrf_1342,train,True,True,85.0,-13.0,98.0
2928,mmrf_1342,train,True,True,190.0,-13.0,203.0
2929,mmrf_1342,train,True,True,246.0,-13.0,259.0
2930,mmrf_1342,train,True,True,358.0,-13.0,371.0
2931,mmrf_1342,train,True,True,442.0,-13.0,455.0
2932,mmrf_1342,train,True,True,526.0,-13.0,539.0
2933,mmrf_1342,train,True,True,610.0,-13.0,623.0
2934,mmrf_1342,train,True,True,721.0,-13.0,734.0
2935,mmrf_1344,train,True,True,64.0,0.0,64.0
2936,mmrf_1344,train,True,True,204.0,0.0,204.0
2937,mmrf_1344,train,True,True,267.0,0.0,267.0
2938,mmrf_1344,train,True,True,365.0,0.0,365.0
2939,mmrf_1344,train,True,True,456.0,0.0,456.0
2940,mmrf_1344,train,True,True,547.0,0.0,547.0
2941,mmrf_1344,train,True,True,638.0,0.0,638.0
2942,mmrf_1344,train,True,True,729.0,0.0,729.0
2943,mmrf_1344,train,True,True,813.0,0.0,813.0
2944,mmrf_1344,train,False,True,907.0,0.0,907.0
2945,mmrf_1344,train,False,True,1004.0,0.0,1004.0
2946,mmrf_1344,train,False,True,1089.0,0.0,1089.0
2947,mmrf_1344,train,False,True,1152.0,0.0,1152.0
2948,mmrf_1344,train,False,True,1250.0,0.0,1250.0
2949,mmrf_1344,train,True,True,1354.0,0.0,1354.0
2950,mmrf_1344,train,False,True,1418.0,0.0,1418.0
2951,mmrf_1344,train,False,True,1543.0,0.0,1543.0
2952,mmrf_1344,train,True,True,1620.0,0.0,1620.0
2953,mmrf_1344,train,False,True,1712.0,0.0,1712.0
2980,mmrf_1346,val,True,True,147.0,-31.0,178.0
2981,mmrf_1346,val,True,True,342.0,-31.0,373.0
2982,mmrf_1348,train,True,True,92.0,-7.0,99.0
2983,mmrf_1348,train,True,True,183.0,-7.0,190.0
2984,mmrf_1349,val,True,True,92.0,-4.0,96.0
2985,mmrf_1349,val,True,True,260.0,-4.0,264.0
2986,mmrf_1349,val,True,True,470.0,-4.0,474.0
2987,mmrf_1349,val,True,True,592.0,-4.0,596.0
2988,mmrf_1349,val,True,True,679.0,-4.0,683.0
2989,mmrf_1349,val,True,True,800.0,-4.0,804.0
2990,mmrf_1352,test,True,True,87.0,-7.0,94.0
2991,mmrf_1352,test,True,True,178.0,-7.0,185.0
2992,mmrf_1352,test,True,True,263.0,-7.0,270.0
2993,mmrf_1352,test,True,True,367.0,-7.0,374.0
2994,mmrf_1352,test,True,True,486.0,-7.0,493.0
2995,mmrf_1352,test,True,True,548.0,-7.0,555.0
2996,mmrf_1352,test,True,True,611.0,-7.0,618.0
2997,mmrf_1352,test,True,True,702.0,-7.0,709.0
2998,mmrf_1352,test,True,True,807.0,-7.0,814.0
2999,mmrf_1352,test,True,True,892.0,-7.0,899.0
3000,mmrf_1352,test,True,True,939.0,-7.0,946.0
3001,mmrf_1352,test,True,True,1047.0,-7.0,1054.0
3002,mmrf_1352,test,True,True,1102.0,-7.0,1109.0
3003,mmrf_1352,test,True,True,1263.0,-7.0,1270.0
3004,mmrf_1352,test,True,True,1290.0,-7.0,1297.0
3005,mmrf_1352,test,True,True,1381.0,-7.0,1388.0
3006,mmrf_1352,test,True,True,1515.0,-7.0,1522.0
3007,mmrf_1352,test,True,True,1695.0,-7.0,1702.0
3008,mmrf_1352,test,True,True,1928.0,-7.0,1935.0
3009,mmrf_1352,test,True,True,2236.0,-7.0,2243.0
3010,mmrf_1352,test,True,True,2423.0,-7.0,2430.0
3011,mmrf_1352,test,True,True,2539.0,-7.0,2546.0
3012,mmrf_1352,test,True,True,2754.0,-7.0,2761.0
3013,mmrf_1354,train,True,True,103.0,-1.0,104.0
3014,mmrf_1354,train,True,True,209.0,-1.0,210.0
3015,mmrf_1354,train,True,True,293.0,-1.0,294.0
3016,mmrf_1354,train,True,True,391.0,-1.0,392.0
3017,mmrf_1354,train,True,True,467.0,-1.0,468.0
3018,mmrf_1354,train,True,True,545.0,-1.0,546.0
3019,mmrf_1354,train,True,True,656.0,-1.0,657.0
3020,mmrf_1354,train,True,True,726.0,-1.0,727.0
3021,mmrf_1354,train,True,True,845.0,-1.0,846.0
3022,mmrf_1354,train,True,True,895.0,-1.0,896.0
3023,mmrf_1354,train,True,True,1021.0,-1.0,1022.0
3024,mmrf_1354,train,True,True,1147.0,-1.0,1148.0
3025,mmrf_1354,train,True,True,1175.0,-1.0,1176.0
3026,mmrf_1354,train,True,True,1266.0,-1.0,1267.0
3027,mmrf_1354,train,True,True,1363.0,-1.0,1364.0
3028,mmrf_1354,train,True,True,1427.0,-1.0,1428.0
3029,mmrf_1354,train,True,True,1517.0,-1.0,1518.0
3030,mmrf_1354,train,True,True,1609.0,-1.0,1610.0
3031,mmrf_1354,train,True,True,1700.0,-1.0,1701.0
3032,mmrf_1354,train,True,True,1805.0,-1.0,1806.0
3033,mmrf_1354,train,True,True,2001.0,-1.0,2002.0
3034,mmrf_1354,train,True,True,2225.0,-1.0,2226.0
3035,mmrf_1354,train,True,True,2385.0,-1.0,2386.0
3036,mmrf_1354,train,True,True,2554.0,-1.0,2555.0
3037,mmrf_1354,train,True,True,2737.0,-1.0,2738.0
3038,mmrf_1355,train,True,True,113.0,-20.0,133.0
3039,mmrf_1355,train,True,True,169.0,-20.0,189.0
3040,mmrf_1355,train,True,True,260.0,-20.0,280.0
3041,mmrf_1355,train,True,True,337.0,-20.0,357.0
3042,mmrf_1355,train,True,True,436.0,-20.0,456.0
3043,mmrf_1355,train,True,True,533.0,-20.0,553.0
3044,mmrf_1355,train,True,True,615.0,-20.0,635.0
3045,mmrf_1355,train,True,True,708.0,-20.0,728.0
3046,mmrf_1355,train,True,True,799.0,-20.0,819.0
3047,mmrf_1355,train,True,True,911.0,-20.0,931.0
3048,mmrf_1355,train,True,True,967.0,-20.0,987.0
3049,mmrf_1355,train,True,True,1058.0,-20.0,1078.0
3050,mmrf_1355,train,True,True,1170.0,-20.0,1190.0
3051,mmrf_1355,train,False,True,1282.0,-20.0,1302.0
3052,mmrf_1355,train,True,True,1364.0,-20.0,1384.0
3053,mmrf_1355,train,False,True,1464.0,-20.0,1484.0
3054,mmrf_1355,train,True,True,1632.0,-20.0,1652.0
3055,mmrf_1355,train,False,True,1688.0,-20.0,1708.0
3056,mmrf_1355,train,False,True,1812.0,-20.0,1832.0
3057,mmrf_1355,train,True,True,1966.0,-20.0,1986.0
3058,mmrf_1355,train,True,True,2211.0,-20.0,2231.0
3059,mmrf_1355,train,True,True,2427.0,-20.0,2447.0
3060,mmrf_1355,train,True,True,2729.0,-20.0,2749.0
3061,mmrf_1356,train,True,True,176.0,0.0,176.0
3062,mmrf_1356,train,True,True,464.0,0.0,464.0
3063,mmrf_1356,train,True,True,568.0,0.0,568.0
3064,mmrf_1356,train,True,True,649.0,0.0,649.0
3065,mmrf_1356,train,True,True,829.0,0.0,829.0
3066,mmrf_1356,train,True,True,911.0,0.0,911.0
3067,mmrf_1356,train,True,True,1002.0,0.0,1002.0
3068,mmrf_1356,train,True,True,1045.0,0.0,1045.0
3069,mmrf_1356,train,True,True,1101.0,0.0,1101.0
3070,mmrf_1356,train,True,True,1298.0,0.0,1298.0
3071,mmrf_1356,train,True,True,1410.0,0.0,1410.0
3072,mmrf_1356,train,True,True,1501.0,0.0,1501.0
3073,mmrf_1356,train,True,True,1599.0,0.0,1599.0
3074,mmrf_1358,train,True,True,58.0,-32.0,90.0
3075,mmrf_1358,train,True,True,149.0,-32.0,181.0
3076,mmrf_1358,train,True,True,236.0,-32.0,268.0
3077,mmrf_1358,train,True,True,338.0,-32.0,370.0
3078,mmrf_1358,train,True,True,425.0,-32.0,457.0
3079,mmrf_1359,train,True,True,63.0,-7.0,70.0
3080,mmrf_1359,train,True,True,133.0,-7.0,140.0
3081,mmrf_1359,train,True,True,247.0,-7.0,254.0
3082,mmrf_1359,train,True,True,329.0,-7.0,336.0
3083,mmrf_1359,train,True,True,406.0,-7.0,413.0
3084,mmrf_1359,train,True,True,540.0,-7.0,547.0
3085,mmrf_1359,train,True,True,624.0,-7.0,631.0
3086,mmrf_1359,train,True,True,718.0,-7.0,725.0
3087,mmrf_1359,train,True,True,802.0,-7.0,809.0
3088,mmrf_1359,train,True,True,912.0,-7.0,919.0
3089,mmrf_1359,train,True,True,983.0,-7.0,990.0
3090,mmrf_1359,train,True,True,1081.0,-7.0,1088.0
3091,mmrf_1360,train,True,True,70.0,-15.0,85.0
3092,mmrf_1360,train,True,True,153.0,-15.0,168.0
3093,mmrf_1360,train,True,True,432.0,-15.0,447.0
3094,mmrf_1360,train,True,True,516.0,-15.0,531.0
3095,mmrf_1360,train,True,True,614.0,-15.0,629.0
3096,mmrf_1360,train,True,True,1034.0,-15.0,1049.0
3097,mmrf_1361,val,True,True,103.0,-1.0,104.0
3098,mmrf_1364,train,True,True,84.0,-6.0,90.0
3099,mmrf_1364,train,True,True,174.0,-6.0,180.0
3120,mmrf_1371,test,True,True,267.0,-11.0,278.0
3121,mmrf_1371,test,True,True,351.0,-11.0,362.0
3122,mmrf_1371,test,True,True,440.0,-11.0,451.0
3123,mmrf_1371,test,True,True,560.0,-11.0,571.0
3124,mmrf_1371,test,True,True,650.0,-11.0,661.0
3125,mmrf_1371,test,True,True,734.0,-11.0,745.0
3126,mmrf_1371,test,True,True,819.0,-11.0,830.0
3127,mmrf_1371,test,True,True,904.0,-11.0,915.0
3128,mmrf_1371,test,True,True,988.0,-11.0,999.0
3129,mmrf_1371,test,True,True,1097.0,-11.0,1108.0
3130,mmrf_1371,test,True,True,1181.0,-11.0,1192.0
3131,mmrf_1371,test,True,True,1272.0,-11.0,1283.0
3132,mmrf_1371,test,True,True,1356.0,-11.0,1367.0
3133,mmrf_1371,test,True,True,1448.0,-11.0,1459.0
3134,mmrf_1371,test,True,True,1547.0,-11.0,1558.0
3135,mmrf_1371,test,True,True,1629.0,-11.0,1640.0
3136,mmrf_1371,test,True,True,1720.0,-11.0,1731.0
3137,mmrf_1371,test,True,True,1812.0,-11.0,1823.0
3138,mmrf_1371,test,True,True,1994.0,-11.0,2005.0
3139,mmrf_1371,test,True,True,2185.0,-11.0,2196.0
3140,mmrf_1371,test,True,True,2365.0,-11.0,2376.0
3141,mmrf_1371,test,True,True,2548.0,-11.0,2559.0
3142,mmrf_1371,test,False,True,2744.0,-11.0,2755.0
3143,mmrf_1373,train,True,True,89.0,0.0,89.0
3144,mmrf_1373,train,True,True,163.0,0.0,163.0
3145,mmrf_1374,test,True,True,81.0,-22.0,103.0
3146,mmrf_1374,test,True,True,172.0,-22.0,194.0
3147,mmrf_1374,test,True,True,263.0,-22.0,285.0
3170,mmrf_1377,val,True,True,86.0,-13.0,99.0
3171,mmrf_1377,val,True,True,179.0,-13.0,192.0
3172,mmrf_1377,val,True,True,324.0,-13.0,337.0
3173,mmrf_1377,val,True,True,444.0,-13.0,457.0
3174,mmrf_1377,val,True,True,500.0,-13.0,513.0
3175,mmrf_1377,val,True,True,599.0,-13.0,612.0
3176,mmrf_1377,val,True,True,693.0,-13.0,706.0
3177,mmrf_1377,val,True,True,784.0,-13.0,797.0
3178,mmrf_1377,val,True,True,882.0,-13.0,895.0
3179,mmrf_1377,val,True,True,954.0,-13.0,967.0
3180,mmrf_1377,val,True,True,1046.0,-13.0,1059.0
3181,mmrf_1377,val,True,True,1148.0,-13.0,1161.0
3182,mmrf_1377,val,True,True,1235.0,-13.0,1248.0
3183,mmrf_1377,val,True,True,1326.0,-13.0,1339.0
3184,mmrf_1377,val,True,True,1425.0,-13.0,1438.0
3185,mmrf_1377,val,True,True,1529.0,-13.0,1542.0
3186,mmrf_1377,val,True,True,1603.0,-13.0,1616.0
3187,mmrf_1377,val,True,True,1682.0,-13.0,1695.0
3188,mmrf_1377,val,True,True,1760.0,-13.0,1773.0
3189,mmrf_1377,val,True,True,1977.0,-13.0,1990.0
3190,mmrf_1377,val,True,True,2160.0,-13.0,2173.0
3191,mmrf_1377,val,True,True,2363.0,-13.0,2376.0
3192,mmrf_1377,val,True,True,2535.0,-13.0,2548.0
3193,mmrf_1380,train,True,True,78.0,-17.0,95.0
3194,mmrf_1380,train,True,True,169.0,-17.0,186.0
3195,mmrf_1380,train,True,True,253.0,190.0,63.0
3196,mmrf_1380,train,True,True,366.0,190.0,176.0
3197,mmrf_1380,train,True,True,435.0,190.0,245.0
3198,mmrf_1380,train,True,True,540.0,190.0,350.0
3199,mmrf_1380,train,True,True,645.0,190.0,455.0
3200,mmrf_1380,train,True,True,729.0,190.0,539.0
3201,mmrf_1380,train,True,True,813.0,190.0,623.0
3202,mmrf_1380,train,True,True,904.0,190.0,714.0
3203,mmrf_1380,train,True,True,1002.0,190.0,812.0
3204,mmrf_1380,train,True,True,1058.0,190.0,868.0
3205,mmrf_1380,train,True,True,1177.0,190.0,987.0
3206,mmrf_1380,train,True,True,1240.0,190.0,1050.0
3207,mmrf_1380,train,True,True,1359.0,190.0,1169.0
3208,mmrf_1380,train,True,True,1429.0,190.0,1239.0
3209,mmrf_1380,train,True,True,1815.0,190.0,1625.0
3210,mmrf_1380,train,True,True,2034.0,190.0,1844.0
3211,mmrf_1380,train,True,True,2137.0,190.0,1947.0
3212,mmrf_1380,train,True,True,2321.0,190.0,2131.0
3213,mmrf_1380,train,True,True,2508.0,190.0,2318.0
3214,mmrf_1380,train,True,True,2734.0,190.0,2544.0
3215,mmrf_1383,train,True,True,85.0,-21.0,106.0
3216,mmrf_1383,train,True,True,185.0,-21.0,206.0
3217,mmrf_1383,train,True,True,276.0,-21.0,297.0
3218,mmrf_1383,train,True,True,360.0,-21.0,381.0
3219,mmrf_1383,train,True,True,449.0,-21.0,470.0
3220,mmrf_1383,train,True,True,505.0,-21.0,526.0
3221,mmrf_1383,train,True,True,617.0,-21.0,638.0
3222,mmrf_1383,train,True,True,729.0,-21.0,750.0
3223,mmrf_1383,train,True,True,785.0,-21.0,806.0
3224,mmrf_1383,train,True,True,897.0,-21.0,918.0
3225,mmrf_1383,train,True,True,1009.0,-21.0,1030.0
3226,mmrf_1383,train,True,True,1065.0,-21.0,1086.0
3227,mmrf_1383,train,True,True,1191.0,-21.0,1212.0
3228,mmrf_1383,train,True,True,1249.0,-21.0,1270.0
3229,mmrf_1383,train,True,True,1361.0,-21.0,1382.0
3230,mmrf_1383,train,True,True,1415.0,-21.0,1436.0
3231,mmrf_1386,val,True,True,92.0,-9.0,101.0
3232,mmrf_1386,val,True,True,177.0,-9.0,186.0
3233,mmrf_1386,val,False,True,260.0,-9.0,269.0
3234,mmrf_1386,val,False,True,344.0,-9.0,353.0
3235,mmrf_1386,val,False,True,456.0,-9.0,465.0
3236,mmrf_1386,val,False,True,541.0,-9.0,550.0
3237,mmrf_1386,val,False,True,624.0,-9.0,633.0
3238,mmrf_1386,val,False,True,722.0,-9.0,731.0
3239,mmrf_1386,val,False,True,820.0,-9.0,829.0
3240,mmrf_1386,val,False,True,904.0,-9.0,913.0
3241,mmrf_1386,val,False,True,1016.0,-9.0,1025.0
3242,mmrf_1386,val,False,True,1107.0,-9.0,1116.0
3243,mmrf_1386,val,False,True,1183.0,-9.0,1192.0
3244,mmrf_1386,val,False,True,1267.0,-9.0,1276.0
3245,mmrf_1386,val,False,True,1371.0,-9.0,1380.0
3246,mmrf_1386,val,False,True,1463.0,-9.0,1472.0
3247,mmrf_1386,val,False,True,1547.0,-9.0,1556.0
3248,mmrf_1386,val,False,True,1631.0,-9.0,1640.0
3249,mmrf_1386,val,False,True,1722.0,-9.0,1731.0
3250,mmrf_1386,val,False,True,1827.0,-9.0,1836.0
3251,mmrf_1386,val,False,True,1995.0,-9.0,2004.0
3252,mmrf_1386,val,False,True,2163.0,-9.0,2172.0
3253,mmrf_1386,val,False,True,2331.0,-9.0,2340.0
3254,mmrf_1386,val,False,True,2555.0,-9.0,2564.0
3255,mmrf_1386,val,False,True,2723.0,-9.0,2732.0
3256,mmrf_1388,train,True,True,173.0,-12.0,185.0
3257,mmrf_1388,train,True,True,244.0,-12.0,256.0
3258,mmrf_1388,train,True,True,320.0,-12.0,332.0
3259,mmrf_1388,train,True,True,481.0,-12.0,493.0
3260,mmrf_1388,train,True,True,605.0,-12.0,617.0
3261,mmrf_1388,train,True,True,799.0,-12.0,811.0
3262,mmrf_1388,train,True,True,897.0,-12.0,909.0
3263,mmrf_1388,train,True,True,988.0,-12.0,1000.0
3264,mmrf_1388,train,True,True,1163.0,-12.0,1175.0
3265,mmrf_1388,train,True,True,1429.0,-12.0,1441.0
3266,mmrf_1389,train,True,True,92.0,-18.0,110.0
3267,mmrf_1389,train,True,True,225.0,-18.0,243.0
3268,mmrf_1389,train,True,True,351.0,-18.0,369.0
3269,mmrf_1389,train,True,True,540.0,-18.0,558.0
3270,mmrf_1389,train,True,True,631.0,-18.0,649.0
3271,mmrf_1391,train,True,True,87.0,-20.0,107.0
3272,mmrf_1391,train,True,True,183.0,-20.0,203.0
3273,mmrf_1391,train,True,True,262.0,-20.0,282.0
3274,mmrf_1391,train,True,True,402.0,-20.0,422.0
3275,mmrf_1391,train,True,True,458.0,-20.0,478.0
3276,mmrf_1391,train,True,True,518.0,-20.0,538.0
3277,mmrf_1391,train,True,True,609.0,-20.0,629.0
3278,mmrf_1391,train,True,True,693.0,-20.0,713.0
3279,mmrf_1391,train,True,True,784.0,-20.0,804.0
3280,mmrf_1391,train,True,True,861.0,-20.0,881.0
3281,mmrf_1391,train,True,True,959.0,-20.0,979.0
3282,mmrf_1392,train,True,True,84.0,0.0,84.0
3283,mmrf_1392,train,True,True,168.0,0.0,168.0
3284,mmrf_1392,train,True,True,252.0,0.0,252.0
3285,mmrf_1392,train,True,True,364.0,0.0,364.0
3286,mmrf_1392,train,True,True,448.0,0.0,448.0
3287,mmrf_1392,train,False,True,535.0,0.0,535.0
3288,mmrf_1392,train,False,True,595.0,0.0,595.0
3289,mmrf_1393,train,True,True,85.0,-8.0,93.0
3290,mmrf_1393,train,True,True,204.0,-8.0,212.0
3291,mmrf_1393,train,True,True,267.0,-8.0,275.0
3292,mmrf_1393,train,True,True,365.0,-8.0,373.0
3293,mmrf_1393,train,True,True,463.0,-8.0,471.0
3294,mmrf_1393,train,True,True,547.0,-8.0,555.0
3295,mmrf_1393,train,False,True,621.0,-8.0,629.0
3296,mmrf_1393,train,False,True,715.0,-8.0,723.0
3297,mmrf_1393,train,False,True,827.0,-8.0,835.0
3298,mmrf_1393,train,False,True,883.0,-8.0,891.0
3299,mmrf_1393,train,False,True,1023.0,-8.0,1031.0
3300,mmrf_1393,train,False,True,1086.0,-8.0,1094.0
3301,mmrf_1393,train,False,True,1210.0,-8.0,1218.0
3302,mmrf_1393,train,False,True,1268.0,-8.0,1276.0
3303,mmrf_1393,train,False,True,1345.0,-8.0,1353.0
3304,mmrf_1393,train,False,True,1476.0,-8.0,1484.0
3305,mmrf_1393,train,False,True,1532.0,-8.0,1540.0
3306,mmrf_1393,train,False,True,1623.0,-8.0,1631.0
3307,mmrf_1393,train,False,True,1707.0,-8.0,1715.0
3308,mmrf_1393,train,False,True,1791.0,-8.0,1799.0
3309,mmrf_1393,train,False,True,1959.0,-8.0,1967.0
3310,mmrf_1393,train,True,True,2148.0,-8.0,2156.0
3311,mmrf_1393,train,False,True,2323.0,-8.0,2331.0
3312,mmrf_1393,train,False,True,2575.0,-8.0,2583.0
3313,mmrf_1393,train,False,True,2750.0,-8.0,2758.0
3337,mmrf_1395,train,True,True,67.0,-21.0,88.0
3338,mmrf_1395,train,True,True,151.0,-21.0,172.0
3339,mmrf_1395,train,True,True,243.0,-21.0,264.0
3340,mmrf_1395,train,True,True,317.0,-21.0,338.0
3341,mmrf_1395,train,True,True,401.0,-21.0,422.0
3342,mmrf_1395,train,True,True,506.0,-21.0,527.0
3343,mmrf_1395,train,True,True,569.0,-21.0,590.0
3344,mmrf_1395,train,True,True,689.0,-21.0,710.0
3345,mmrf_1395,train,True,True,752.0,-21.0,773.0
3346,mmrf_1395,train,True,True,844.0,-21.0,865.0
3347,mmrf_1395,train,True,True,938.0,-21.0,959.0
3348,mmrf_1395,train,True,True,1027.0,-21.0,1048.0
3349,mmrf_1395,train,True,True,1216.0,-21.0,1237.0
3350,mmrf_1395,train,True,True,1317.0,-21.0,1338.0
3351,mmrf_1395,train,True,True,1432.0,-21.0,1453.0
3352,mmrf_1395,train,True,True,1492.0,-21.0,1513.0
3353,mmrf_1395,train,True,True,1563.0,-21.0,1584.0
3354,mmrf_1395,train,True,True,1697.0,-21.0,1718.0
3355,mmrf_1395,train,True,True,1759.0,-21.0,1780.0
3356,mmrf_1395,train,True,True,1948.0,-21.0,1969.0
3357,mmrf_1395,train,True,True,2164.0,-21.0,2185.0
3358,mmrf_1395,train,True,True,2377.0,-21.0,2398.0
3359,mmrf_1395,train,True,True,2466.0,-21.0,2487.0
3360,mmrf_1395,train,True,True,2766.0,-21.0,2787.0
3361,mmrf_1401,test,True,True,79.0,-12.0,91.0
3362,mmrf_1401,test,True,True,171.0,-12.0,183.0
3363,mmrf_1401,test,True,True,260.0,-12.0,272.0
3364,mmrf_1401,test,True,True,343.0,-12.0,355.0
3365,mmrf_1401,test,True,True,427.0,-12.0,439.0
3383,mmrf_1403,train,True,True,92.0,-9.0,101.0
3384,mmrf_1403,train,True,True,177.0,-9.0,186.0
3385,mmrf_1403,train,True,True,264.0,-9.0,273.0
3386,mmrf_1403,train,True,True,344.0,-9.0,353.0
3387,mmrf_1403,train,True,True,456.0,-9.0,465.0
3388,mmrf_1403,train,True,True,541.0,-9.0,550.0
3389,mmrf_1403,train,True,True,625.0,-9.0,634.0
3390,mmrf_1403,train,True,True,737.0,-9.0,746.0
3391,mmrf_1403,train,True,True,821.0,-9.0,830.0
3392,mmrf_1403,train,True,True,904.0,-9.0,913.0
3393,mmrf_1403,train,True,True,1016.0,-9.0,1025.0
3394,mmrf_1403,train,True,True,1101.0,-9.0,1110.0
3395,mmrf_1403,train,True,True,1192.0,-9.0,1201.0
3396,mmrf_1403,train,True,True,1283.0,-9.0,1292.0
3397,mmrf_1403,train,True,True,1374.0,-9.0,1383.0
3398,mmrf_1403,train,True,True,1458.0,-9.0,1467.0
3399,mmrf_1403,train,True,True,1549.0,-9.0,1558.0
3400,mmrf_1403,train,True,True,1647.0,-9.0,1656.0
3401,mmrf_1403,train,True,True,1737.0,-9.0,1746.0
3402,mmrf_1403,train,True,True,1815.0,-9.0,1824.0
3403,mmrf_1403,train,True,True,1996.0,-9.0,2005.0
3404,mmrf_1403,train,True,True,2157.0,-9.0,2166.0
3405,mmrf_1403,train,True,True,2234.0,-9.0,2243.0
3406,mmrf_1403,train,True,True,2374.0,-9.0,2383.0
3407,mmrf_1403,train,True,True,2563.0,-9.0,2572.0
3408,mmrf_1403,train,True,True,2731.0,-9.0,2740.0
3409,mmrf_1403,train,True,True,2771.0,-9.0,2780.0
3410,mmrf_1407,test,True,True,90.0,-17.0,107.0
3411,mmrf_1407,test,True,True,174.0,-17.0,191.0
3412,mmrf_1407,test,True,True,257.0,-17.0,274.0
3413,mmrf_1407,test,True,True,356.0,-17.0,373.0
3414,mmrf_1407,test,True,True,440.0,-17.0,457.0
3415,mmrf_1407,test,False,True,699.0,-17.0,716.0
3416,mmrf_1407,test,True,True,1077.0,-17.0,1094.0
3417,mmrf_1407,test,True,True,1161.0,-17.0,1178.0
3418,mmrf_1407,test,True,True,1244.0,-17.0,1261.0
3419,mmrf_1407,test,True,True,1338.0,-17.0,1355.0
3420,mmrf_1407,test,True,True,1426.0,-17.0,1443.0
3421,mmrf_1407,test,True,True,1476.0,-17.0,1493.0
3422,mmrf_1407,test,True,True,1735.0,-17.0,1752.0
3423,mmrf_1407,test,True,True,1847.0,-17.0,1864.0
3424,mmrf_1407,test,True,True,2092.0,-17.0,2109.0
3425,mmrf_1407,test,True,True,2211.0,-17.0,2228.0
3426,mmrf_1407,test,True,True,2441.0,-17.0,2458.0
3427,mmrf_1407,test,True,True,2631.0,-17.0,2648.0
3428,mmrf_1408,train,True,True,96.0,-10.0,106.0
3429,mmrf_1408,train,True,True,177.0,-10.0,187.0
3430,mmrf_1408,train,True,True,265.0,-10.0,275.0
3431,mmrf_1408,train,True,True,364.0,-10.0,374.0
3432,mmrf_1408,train,True,True,455.0,-10.0,465.0
3433,mmrf_1408,train,True,True,638.0,-10.0,648.0
3434,mmrf_1408,train,True,True,700.0,-10.0,710.0
3435,mmrf_1408,train,True,True,826.0,-10.0,836.0
3436,mmrf_1408,train,True,True,918.0,-10.0,928.0
3437,mmrf_1408,train,True,True,1009.0,-10.0,1019.0
3438,mmrf_1408,train,True,True,1101.0,-10.0,1111.0
3439,mmrf_1408,train,True,True,1192.0,-10.0,1202.0
3440,mmrf_1408,train,True,True,1283.0,-10.0,1293.0
3441,mmrf_1408,train,True,True,1374.0,-10.0,1384.0
3442,mmrf_1408,train,True,True,1430.0,-10.0,1440.0
3443,mmrf_1408,train,True,True,1552.0,-10.0,1562.0
3444,mmrf_1408,train,True,True,1604.0,-10.0,1614.0
3445,mmrf_1408,train,True,True,1743.0,-10.0,1753.0
3446,mmrf_1408,train,True,True,1804.0,-10.0,1814.0
3447,mmrf_1408,train,True,True,2002.0,-10.0,2012.0
3448,mmrf_1408,train,True,True,2212.0,-10.0,2222.0
3449,mmrf_1408,train,True,True,2394.0,-10.0,2404.0
3450,mmrf_1408,train,True,True,2569.0,-10.0,2579.0
3451,mmrf_1408,train,True,True,2737.0,-10.0,2747.0
3472,mmrf_1413,train,True,True,78.0,-4.0,82.0
3473,mmrf_1413,train,True,True,171.0,-4.0,175.0
3474,mmrf_1413,train,True,True,283.0,-4.0,287.0
3475,mmrf_1413,train,True,True,416.0,-4.0,420.0
3476,mmrf_1413,train,True,True,508.0,-4.0,512.0
3477,mmrf_1413,train,True,True,598.0,-4.0,602.0
3478,mmrf_1413,train,True,True,700.0,-4.0,704.0
3479,mmrf_1413,train,True,True,792.0,-4.0,796.0
3480,mmrf_1413,train,True,True,890.0,-4.0,894.0
3481,mmrf_1413,train,True,True,996.0,-4.0,1000.0
3482,mmrf_1413,train,True,True,1093.0,-4.0,1097.0
3483,mmrf_1413,train,True,True,1194.0,-4.0,1198.0
3484,mmrf_1413,train,True,True,1275.0,-4.0,1279.0
3485,mmrf_1413,train,True,True,1380.0,-4.0,1384.0
3486,mmrf_1413,train,True,True,1464.0,-4.0,1468.0
3487,mmrf_1413,train,True,True,1570.0,-4.0,1574.0
3488,mmrf_1413,train,True,True,1599.0,-4.0,1603.0
3489,mmrf_1413,train,True,True,1661.0,-4.0,1665.0
3490,mmrf_1413,train,True,True,1729.0,-4.0,1733.0
3491,mmrf_1413,train,True,True,1813.0,-4.0,1817.0
3492,mmrf_1413,train,True,True,1995.0,-4.0,1999.0
3493,mmrf_1413,train,True,True,2177.0,-4.0,2181.0
3494,mmrf_1413,train,True,True,2370.0,-4.0,2374.0
3495,mmrf_1413,train,True,True,2569.0,-4.0,2573.0
3496,mmrf_1413,train,True,True,2737.0,-4.0,2741.0
3497,mmrf_1415,train,True,True,82.0,-4.0,86.0
3498,mmrf_1415,train,True,True,179.0,-4.0,183.0
3499,mmrf_1415,train,True,True,291.0,-4.0,295.0
3500,mmrf_1415,train,True,True,363.0,-4.0,367.0
3535,mmrf_1423,val,True,True,93.0,-15.0,108.0
3536,mmrf_1423,val,True,True,156.0,-15.0,171.0
3537,mmrf_1423,val,True,True,261.0,-15.0,276.0
3538,mmrf_1423,val,True,True,374.0,-15.0,389.0
3539,mmrf_1423,val,True,True,416.0,-15.0,431.0
3540,mmrf_1423,val,True,True,556.0,-15.0,571.0
3541,mmrf_1423,val,True,True,637.0,-15.0,652.0
3542,mmrf_1423,val,True,True,739.0,-15.0,754.0
3543,mmrf_1423,val,True,True,835.0,-15.0,850.0
3544,mmrf_1423,val,True,True,907.0,-15.0,922.0
3545,mmrf_1423,val,True,True,998.0,-15.0,1013.0
3546,mmrf_1423,val,True,True,1103.0,-15.0,1118.0
3547,mmrf_1423,val,True,True,1187.0,-15.0,1202.0
3548,mmrf_1423,val,True,True,1271.0,-15.0,1286.0
3549,mmrf_1423,val,True,True,1362.0,-15.0,1377.0
3550,mmrf_1423,val,True,True,1466.0,-15.0,1481.0
3551,mmrf_1423,val,True,True,1558.0,-15.0,1573.0
3552,mmrf_1423,val,True,True,1851.0,-15.0,1866.0
3553,mmrf_1423,val,True,True,2145.0,-15.0,2160.0
3554,mmrf_1424,train,True,True,85.0,-7.0,92.0
3555,mmrf_1424,train,True,True,176.0,-7.0,183.0
3556,mmrf_1424,train,True,True,264.0,-7.0,271.0
3557,mmrf_1424,train,True,True,361.0,-7.0,368.0
3558,mmrf_1424,train,True,True,443.0,-7.0,450.0
3559,mmrf_1424,train,True,True,529.0,-7.0,536.0
3560,mmrf_1424,train,True,True,627.0,-7.0,634.0
3561,mmrf_1424,train,True,True,802.0,-7.0,809.0
3562,mmrf_1424,train,True,True,886.0,-7.0,893.0
3563,mmrf_1424,train,True,True,985.0,-7.0,992.0
3564,mmrf_1424,train,True,True,1068.0,-7.0,1075.0
3565,mmrf_1424,train,True,True,1166.0,-7.0,1173.0
3566,mmrf_1424,train,True,True,1250.0,-7.0,1257.0
3567,mmrf_1424,train,True,True,1324.0,-7.0,1331.0
3568,mmrf_1424,train,True,True,1446.0,-7.0,1453.0
3569,mmrf_1424,train,True,True,1495.0,-7.0,1502.0
3570,mmrf_1424,train,True,True,1544.0,-7.0,1551.0
3571,mmrf_1424,train,True,True,1628.0,-7.0,1635.0
3572,mmrf_1424,train,True,True,1712.0,-7.0,1719.0
3573,mmrf_1424,train,True,True,1751.0,-7.0,1758.0
3574,mmrf_1425,train,True,True,101.0,-1.0,102.0
3575,mmrf_1425,train,True,True,161.0,-1.0,162.0
3576,mmrf_1425,train,True,True,269.0,-1.0,270.0
3577,mmrf_1425,train,True,True,367.0,-1.0,368.0
3578,mmrf_1425,train,True,True,463.0,-1.0,464.0
3579,mmrf_1425,train,True,True,568.0,-1.0,569.0
3580,mmrf_1425,train,True,True,631.0,-1.0,632.0
3581,mmrf_1425,train,True,True,701.0,-1.0,702.0
3582,mmrf_1425,train,True,True,897.0,-1.0,898.0
3583,mmrf_1425,train,True,True,967.0,-1.0,968.0
3584,mmrf_1425,train,True,True,1037.0,-1.0,1038.0
3585,mmrf_1426,train,True,True,99.0,0.0,99.0
3586,mmrf_1426,train,True,True,182.0,0.0,182.0
3587,mmrf_1426,train,True,True,273.0,0.0,273.0
3588,mmrf_1426,train,True,True,372.0,0.0,372.0
3589,mmrf_1426,train,True,True,480.0,0.0,480.0
3590,mmrf_1426,train,True,True,700.0,0.0,700.0
3591,mmrf_1426,train,True,True,883.0,0.0,883.0
3592,mmrf_1426,train,True,True,974.0,0.0,974.0
3593,mmrf_1426,train,True,True,1197.0,0.0,1197.0
3594,mmrf_1426,train,False,True,1386.0,0.0,1386.0
3595,mmrf_1426,train,False,True,1582.0,0.0,1582.0
3596,mmrf_1426,train,False,True,1715.0,0.0,1715.0
3597,mmrf_1426,train,False,True,1813.0,0.0,1813.0
3598,mmrf_1426,train,False,True,2005.0,0.0,2005.0
3599,mmrf_1426,train,False,True,2187.0,0.0,2187.0
3600,mmrf_1426,train,True,True,2387.0,0.0,2387.0
3601,mmrf_1426,train,True,True,2590.0,0.0,2590.0
3602,mmrf_1426,train,True,True,2695.0,0.0,2695.0
3625,mmrf_1432,train,True,True,82.0,0.0,82.0
3626,mmrf_1432,train,True,True,194.0,0.0,194.0
3627,mmrf_1432,train,True,True,278.0,0.0,278.0
3628,mmrf_1433,train,True,True,114.0,-14.0,128.0
3629,mmrf_1433,train,True,True,184.0,-14.0,198.0
3630,mmrf_1433,train,True,True,289.0,-14.0,303.0
3631,mmrf_1433,train,True,True,348.0,-14.0,362.0
3632,mmrf_1433,train,True,True,466.0,-14.0,480.0
3633,mmrf_1433,train,True,True,562.0,-14.0,576.0
3634,mmrf_1433,train,True,True,660.0,-14.0,674.0
3635,mmrf_1433,train,True,True,883.0,882.0,1.0
3636,mmrf_1433,train,True,True,1002.0,882.0,120.0
3637,mmrf_1433,train,True,True,1051.0,882.0,169.0
3638,mmrf_1433,train,True,True,1126.0,882.0,244.0
3639,mmrf_1433,train,True,True,1240.0,882.0,358.0
3640,mmrf_1433,train,True,True,1345.0,882.0,463.0
3641,mmrf_1433,train,True,True,1415.0,882.0,533.0
3642,mmrf_1433,train,True,True,1523.0,882.0,641.0
3643,mmrf_1433,train,True,True,1607.0,882.0,725.0
3644,mmrf_1433,train,True,True,1641.0,882.0,759.0
3645,mmrf_1433,train,True,True,1709.0,882.0,827.0
3646,mmrf_1433,train,True,True,1814.0,882.0,932.0
3647,mmrf_1434,train,True,True,88.0,-8.0,96.0
3648,mmrf_1434,train,True,True,205.0,-8.0,213.0
3649,mmrf_1434,train,True,True,280.0,-8.0,288.0
3650,mmrf_1434,train,True,True,353.0,-8.0,361.0
3651,mmrf_1434,train,True,True,456.0,-8.0,464.0
3652,mmrf_1434,train,False,True,547.0,-8.0,555.0
3653,mmrf_1434,train,False,True,638.0,-8.0,646.0
3654,mmrf_1434,train,False,True,732.0,-8.0,740.0
3655,mmrf_1434,train,False,True,823.0,-8.0,831.0
3656,mmrf_1434,train,False,True,914.0,-8.0,922.0
3657,mmrf_1434,train,False,True,1001.0,-8.0,1009.0
3658,mmrf_1434,train,False,True,1092.0,-8.0,1100.0
3659,mmrf_1434,train,False,True,1183.0,-8.0,1191.0
3660,mmrf_1434,train,False,True,1281.0,-8.0,1289.0
3661,mmrf_1434,train,False,True,1372.0,-8.0,1380.0
3662,mmrf_1434,train,False,True,1443.0,-8.0,1451.0
3663,mmrf_1434,train,False,True,1534.0,-8.0,1542.0
3664,mmrf_1434,train,True,True,1632.0,-8.0,1640.0
3665,mmrf_1434,train,True,True,1705.0,-8.0,1713.0
3666,mmrf_1434,train,True,True,1824.0,-8.0,1832.0
3667,mmrf_1434,train,True,True,1977.0,-8.0,1985.0
3668,mmrf_1434,train,True,True,2159.0,-8.0,2167.0
3669,mmrf_1434,train,True,True,2362.0,-8.0,2370.0
3670,mmrf_1434,train,True,True,2563.0,-8.0,2571.0
3671,mmrf_1434,train,True,True,2762.0,-8.0,2770.0
3672,mmrf_1436,train,True,True,87.0,-28.0,115.0
3673,mmrf_1436,train,True,True,177.0,-28.0,205.0
3674,mmrf_1436,train,True,True,280.0,-28.0,308.0
3675,mmrf_1436,train,True,True,350.0,-28.0,378.0
3676,mmrf_1436,train,True,True,434.0,-28.0,462.0
3677,mmrf_1436,train,True,True,540.0,-28.0,568.0
3678,mmrf_1436,train,True,True,627.0,-28.0,655.0
3679,mmrf_1436,train,True,True,731.0,-28.0,759.0
3680,mmrf_1436,train,True,True,806.0,-28.0,834.0
3681,mmrf_1436,train,True,True,889.0,-28.0,917.0
3682,mmrf_1436,train,True,True,1157.0,-28.0,1185.0
3683,mmrf_1436,train,True,True,1255.0,-28.0,1283.0
3684,mmrf_1436,train,True,True,1333.0,-28.0,1361.0
3685,mmrf_1436,train,True,True,1438.0,-28.0,1466.0
3686,mmrf_1436,train,True,True,1543.0,-28.0,1571.0
3687,mmrf_1436,train,True,True,1648.0,-28.0,1676.0
3688,mmrf_1436,train,True,True,1740.0,-28.0,1768.0
3689,mmrf_1436,train,True,True,1831.0,-28.0,1859.0
3690,mmrf_1436,train,True,True,1954.0,-28.0,1982.0
3691,mmrf_1436,train,True,True,2150.0,-28.0,2178.0
3692,mmrf_1436,train,True,True,2338.0,-28.0,2366.0
3693,mmrf_1436,train,True,True,2537.0,-28.0,2565.0
3694,mmrf_1436,train,True,True,2738.0,-28.0,2766.0
3712,mmrf_1446,test,True,True,92.0,-7.0,99.0
3713,mmrf_1446,test,True,True,135.0,-7.0,142.0
3714,mmrf_1446,test,True,True,182.0,-7.0,189.0
3715,mmrf_1446,test,True,True,240.0,-7.0,247.0
3716,mmrf_1446,test,True,True,266.0,-7.0,273.0
3717,mmrf_1446,test,True,True,366.0,-7.0,373.0
3718,mmrf_1446,test,True,True,438.0,-7.0,445.0
3719,mmrf_1446,test,True,True,533.0,-7.0,540.0
3720,mmrf_1446,test,True,True,639.0,-7.0,646.0
3721,mmrf_1446,test,True,True,770.0,-7.0,777.0
3722,mmrf_1446,test,True,True,812.0,-7.0,819.0
3723,mmrf_1446,test,True,True,891.0,-7.0,898.0
3724,mmrf_1446,test,True,True,975.0,-7.0,982.0
3725,mmrf_1446,test,True,True,1066.0,-7.0,1073.0
3726,mmrf_1446,test,True,True,1150.0,-7.0,1157.0
3727,mmrf_1446,test,True,True,1234.0,-7.0,1241.0
3728,mmrf_1446,test,True,True,1318.0,-7.0,1325.0
3729,mmrf_1446,test,True,True,1430.0,-7.0,1437.0
3730,mmrf_1446,test,True,True,1542.0,-7.0,1549.0
3731,mmrf_1446,test,True,True,1626.0,-7.0,1633.0
3732,mmrf_1446,test,True,True,1722.0,-7.0,1729.0
3733,mmrf_1446,test,True,True,1794.0,-7.0,1801.0
3734,mmrf_1446,test,True,True,1981.0,-7.0,1988.0
3735,mmrf_1446,test,True,True,2223.0,-7.0,2230.0
3736,mmrf_1446,test,True,True,2380.0,-7.0,2387.0
3737,mmrf_1446,test,True,True,2555.0,-7.0,2562.0
3738,mmrf_1446,test,True,True,2751.0,-7.0,2758.0
3739,mmrf_1447,train,True,True,61.0,-3.0,64.0
3740,mmrf_1447,train,True,True,155.0,-3.0,158.0
3741,mmrf_1447,train,True,True,287.0,-3.0,290.0
3742,mmrf_1447,train,True,True,355.0,-3.0,358.0
3743,mmrf_1447,train,True,True,460.0,-3.0,463.0
3744,mmrf_1447,train,True,True,642.0,-3.0,645.0
3745,mmrf_1447,train,True,True,699.0,-3.0,702.0
3746,mmrf_1447,train,True,True,831.0,-3.0,834.0
3747,mmrf_1447,train,True,True,897.0,-3.0,900.0
3748,mmrf_1447,train,True,True,1195.0,-3.0,1198.0
3749,mmrf_1447,train,True,True,1281.0,-3.0,1284.0
3750,mmrf_1447,train,True,True,1559.0,-3.0,1562.0
3751,mmrf_1447,train,True,True,1645.0,-3.0,1648.0
3752,mmrf_1447,train,True,True,1701.0,-3.0,1704.0
3753,mmrf_1447,train,True,True,1930.0,-3.0,1933.0
3754,mmrf_1447,train,True,True,2363.0,-3.0,2366.0
3755,mmrf_1451,train,True,True,91.0,0.0,91.0
3756,mmrf_1452,train,True,True,79.0,0.0,79.0
3757,mmrf_1452,train,True,True,177.0,0.0,177.0
3758,mmrf_1452,train,True,True,272.0,0.0,272.0
3759,mmrf_1452,train,True,True,356.0,0.0,356.0
3760,mmrf_1452,train,True,True,461.0,0.0,461.0
3761,mmrf_1452,train,True,True,544.0,0.0,544.0
3762,mmrf_1452,train,True,True,645.0,0.0,645.0
3763,mmrf_1452,train,True,True,750.0,0.0,750.0
3764,mmrf_1452,train,True,True,841.0,0.0,841.0
3765,mmrf_1452,train,True,True,932.0,0.0,932.0
3766,mmrf_1452,train,True,True,1023.0,0.0,1023.0
3767,mmrf_1452,train,True,True,1125.0,0.0,1125.0
3768,mmrf_1452,train,True,True,1226.0,0.0,1226.0
3769,mmrf_1452,train,True,True,1310.0,0.0,1310.0
3770,mmrf_1452,train,True,True,1401.0,0.0,1401.0
3771,mmrf_1452,train,True,True,1485.0,0.0,1485.0
3772,mmrf_1452,train,True,True,1576.0,0.0,1576.0
3773,mmrf_1452,train,True,True,1660.0,0.0,1660.0
3774,mmrf_1452,train,True,True,1756.0,0.0,1756.0
3775,mmrf_1452,train,True,True,1847.0,0.0,1847.0
3776,mmrf_1452,train,True,True,2221.0,0.0,2221.0
3777,mmrf_1452,train,True,True,2394.0,0.0,2394.0
3778,mmrf_1452,train,True,True,2402.0,0.0,2402.0
3779,mmrf_1452,train,True,True,2536.0,0.0,2536.0
3780,mmrf_1452,train,True,True,2738.0,0.0,2738.0
3781,mmrf_1453,train,True,True,75.0,-11.0,86.0
3782,mmrf_1453,train,True,True,166.0,-11.0,177.0
3783,mmrf_1453,train,True,True,247.0,-11.0,258.0
3784,mmrf_1453,train,True,True,341.0,-11.0,352.0
3785,mmrf_1453,train,True,True,442.0,-11.0,453.0
3786,mmrf_1453,train,True,True,528.0,-11.0,539.0
3787,mmrf_1453,train,True,True,618.0,-11.0,629.0
3788,mmrf_1453,train,True,True,709.0,-11.0,720.0
3789,mmrf_1454,train,True,True,78.0,-28.0,106.0
3790,mmrf_1454,train,True,True,182.0,-28.0,210.0
3791,mmrf_1454,train,True,True,272.0,-28.0,300.0
3792,mmrf_1454,train,True,True,377.0,-28.0,405.0
3793,mmrf_1454,train,True,True,559.0,-28.0,587.0
3794,mmrf_1454,train,True,True,657.0,-28.0,685.0
3795,mmrf_1454,train,True,True,748.0,-28.0,776.0
3796,mmrf_1454,train,True,True,841.0,-28.0,869.0
3797,mmrf_1454,train,True,True,930.0,-28.0,958.0
3798,mmrf_1454,train,True,True,1098.0,-28.0,1126.0
3799,mmrf_1454,train,True,True,1179.0,-28.0,1207.0
3800,mmrf_1455,train,True,True,55.0,-14.0,69.0
3801,mmrf_1455,train,True,True,174.0,-14.0,188.0
3802,mmrf_1455,train,True,True,237.0,-14.0,251.0
3803,mmrf_1455,train,True,True,344.0,-14.0,358.0
3804,mmrf_1455,train,True,True,526.0,-14.0,540.0
3805,mmrf_1455,train,True,True,708.0,-14.0,722.0
3806,mmrf_1455,train,True,True,890.0,-14.0,904.0
3807,mmrf_1455,train,True,True,987.0,-14.0,1001.0
3808,mmrf_1455,train,True,True,1169.0,-14.0,1183.0
3809,mmrf_1455,train,True,True,1282.0,-14.0,1296.0
3810,mmrf_1455,train,True,True,1375.0,-14.0,1389.0
3811,mmrf_1455,train,True,True,1464.0,-14.0,1478.0
3812,mmrf_1455,train,True,True,1555.0,-14.0,1569.0
3813,mmrf_1455,train,True,True,1651.0,-14.0,1665.0
3814,mmrf_1455,train,True,True,1854.0,-14.0,1868.0
3815,mmrf_1455,train,True,True,2218.0,-14.0,2232.0
3816,mmrf_1455,train,False,True,2568.0,-14.0,2582.0
3817,mmrf_1458,train,True,True,92.0,-11.0,103.0
3818,mmrf_1458,train,True,True,269.0,-11.0,280.0
3819,mmrf_1458,train,True,True,372.0,-11.0,383.0
3820,mmrf_1458,train,True,True,471.0,-11.0,482.0
3821,mmrf_1458,train,True,True,540.0,-11.0,551.0
3822,mmrf_1458,train,True,True,625.0,-11.0,636.0
3823,mmrf_1458,train,False,True,737.0,-11.0,748.0
3824,mmrf_1458,train,False,True,807.0,-11.0,818.0
3825,mmrf_1458,train,False,True,891.0,-11.0,902.0
3826,mmrf_1458,train,False,True,974.0,-11.0,985.0
3827,mmrf_1458,train,False,True,1108.0,-11.0,1119.0
3828,mmrf_1458,train,False,True,1214.0,-11.0,1225.0
3829,mmrf_1458,train,True,True,1339.0,-11.0,1350.0
3830,mmrf_1458,train,True,True,1382.0,-11.0,1393.0
3831,mmrf_1458,train,True,True,1459.0,-11.0,1470.0
3832,mmrf_1458,train,True,True,1542.0,-11.0,1553.0
3833,mmrf_1458,train,True,True,1655.0,-11.0,1666.0
3834,mmrf_1458,train,True,True,1724.0,-11.0,1735.0
3835,mmrf_1460,train,True,True,93.0,-3.0,96.0
3836,mmrf_1460,train,True,True,172.0,-3.0,175.0
3837,mmrf_1461,train,True,True,74.0,-8.0,82.0
3838,mmrf_1461,train,True,True,148.0,-8.0,156.0
3839,mmrf_1461,train,True,True,220.0,-8.0,228.0
3840,mmrf_1461,train,True,True,304.0,-8.0,312.0
3841,mmrf_1461,train,True,True,416.0,-8.0,424.0
3842,mmrf_1461,train,True,True,485.0,-8.0,493.0
3843,mmrf_1461,train,True,True,539.0,-8.0,547.0
3844,mmrf_1461,train,True,True,795.0,-8.0,803.0
3845,mmrf_1461,train,True,True,815.0,-8.0,823.0
3846,mmrf_1461,train,True,True,878.0,-8.0,886.0
3847,mmrf_1461,train,True,True,906.0,-8.0,914.0
3848,mmrf_1462,train,True,True,85.0,-14.0,99.0
3849,mmrf_1462,train,True,True,178.0,-14.0,192.0
3850,mmrf_1462,train,False,True,261.0,-14.0,275.0
3851,mmrf_1462,train,False,True,373.0,-14.0,387.0
3852,mmrf_1462,train,False,True,457.0,-14.0,471.0
3853,mmrf_1462,train,False,True,541.0,-14.0,555.0
3854,mmrf_1462,train,True,True,625.0,-14.0,639.0
3855,mmrf_1462,train,True,True,730.0,631.0,99.0
3856,mmrf_1462,train,True,True,822.0,631.0,191.0
3857,mmrf_1462,train,True,True,857.0,631.0,226.0
3858,mmrf_1462,train,True,True,900.0,863.0,37.0
3859,mmrf_1462,train,True,True,912.0,863.0,49.0
3860,mmrf_1462,train,True,True,1003.0,863.0,140.0
3861,mmrf_1462,train,True,True,1094.0,863.0,231.0
3862,mmrf_1462,train,True,True,1184.0,863.0,321.0
3863,mmrf_1462,train,True,True,1271.0,863.0,408.0
3864,mmrf_1462,train,True,True,1376.0,863.0,513.0
3865,mmrf_1462,train,True,True,1465.0,863.0,602.0
3866,mmrf_1462,train,True,True,1550.0,863.0,687.0
3867,mmrf_1462,train,True,True,1634.0,863.0,771.0
3868,mmrf_1462,train,False,True,1733.0,863.0,870.0
3869,mmrf_1462,train,False,True,1817.0,863.0,954.0
3870,mmrf_1462,train,False,True,2054.0,863.0,1191.0
3871,mmrf_1462,train,False,True,2222.0,863.0,1359.0
3872,mmrf_1462,train,False,True,2405.0,863.0,1542.0
3873,mmrf_1462,train,False,True,2544.0,863.0,1681.0
3874,mmrf_1462,train,False,True,2726.0,863.0,1863.0
3875,mmrf_1466,train,True,True,88.0,-4.0,92.0
3876,mmrf_1466,train,True,True,179.0,-4.0,183.0
3877,mmrf_1466,train,True,True,254.0,-4.0,258.0
3878,mmrf_1466,train,True,True,305.0,-4.0,309.0
3879,mmrf_1466,train,True,True,394.0,-4.0,398.0
3880,mmrf_1466,train,True,True,576.0,-4.0,580.0
3881,mmrf_1466,train,True,True,667.0,-4.0,671.0
3882,mmrf_1466,train,True,True,744.0,-4.0,748.0
3883,mmrf_1466,train,True,True,800.0,-4.0,804.0
3884,mmrf_1466,train,True,True,890.0,-4.0,894.0
3885,mmrf_1466,train,True,True,989.0,-4.0,993.0
3886,mmrf_1466,train,True,True,1065.0,-4.0,1069.0
3887,mmrf_1466,train,True,True,1178.0,-4.0,1182.0
3888,mmrf_1466,train,True,True,1241.0,-4.0,1245.0
3889,mmrf_1466,train,True,True,1298.0,-4.0,1302.0
3890,mmrf_1466,train,True,True,1355.0,-4.0,1359.0
3891,mmrf_1466,train,True,True,1446.0,-4.0,1450.0
3892,mmrf_1466,train,True,True,1502.0,-4.0,1506.0
3893,mmrf_1466,train,True,True,1614.0,-4.0,1618.0
3894,mmrf_1466,train,True,True,1705.0,-4.0,1709.0
3895,mmrf_1466,train,True,True,1789.0,-4.0,1793.0
3896,mmrf_1466,train,True,True,2027.0,-4.0,2031.0
3897,mmrf_1466,train,True,True,2195.0,-4.0,2199.0
3898,mmrf_1466,train,True,True,2370.0,-4.0,2374.0
3899,mmrf_1466,train,True,True,2552.0,-4.0,2556.0
3900,mmrf_1466,train,True,True,2720.0,-4.0,2724.0
3901,mmrf_1470,train,True,True,347.0,-3.0,350.0
3902,mmrf_1470,train,True,True,437.0,-3.0,440.0
3903,mmrf_1470,train,True,True,536.0,-3.0,539.0
3904,mmrf_1470,train,True,True,634.0,-3.0,637.0
3905,mmrf_1470,train,True,True,725.0,-3.0,728.0
3906,mmrf_1470,train,True,True,810.0,-3.0,813.0
3907,mmrf_1474,test,True,True,85.0,-7.0,92.0
3908,mmrf_1474,test,True,True,183.0,-7.0,190.0
3909,mmrf_1474,test,True,True,260.0,-7.0,267.0
3910,mmrf_1474,test,True,True,358.0,-7.0,365.0
3911,mmrf_1474,test,True,True,449.0,-7.0,456.0
3912,mmrf_1474,test,True,True,540.0,-7.0,547.0
3913,mmrf_1474,test,True,True,631.0,-7.0,638.0
3914,mmrf_1474,test,True,True,750.0,-7.0,757.0
3915,mmrf_1474,test,True,True,848.0,-7.0,855.0
3916,mmrf_1474,test,True,True,942.0,-7.0,949.0
3917,mmrf_1474,test,True,True,1030.0,-7.0,1037.0
3918,mmrf_1474,test,True,True,1086.0,-7.0,1093.0
3919,mmrf_1474,test,True,True,1173.0,-7.0,1180.0
3920,mmrf_1474,test,True,True,1237.0,-7.0,1244.0
3921,mmrf_1474,test,True,True,1327.0,-7.0,1334.0
3922,mmrf_1474,test,True,True,1457.0,-7.0,1464.0
3923,mmrf_1474,test,True,True,1485.0,-7.0,1492.0
3924,mmrf_1474,test,True,True,1604.0,-7.0,1611.0
3925,mmrf_1474,test,True,True,1691.0,-7.0,1698.0
3926,mmrf_1474,test,True,True,1786.0,-7.0,1793.0
3927,mmrf_1474,test,True,True,2013.0,-7.0,2020.0
3928,mmrf_1474,test,True,True,2185.0,-7.0,2192.0
3929,mmrf_1474,test,True,True,2367.0,-7.0,2374.0
3930,mmrf_1474,test,True,True,2549.0,-7.0,2556.0
3931,mmrf_1474,test,True,True,2755.0,-7.0,2762.0
3932,mmrf_1478,train,True,True,91.0,0.0,91.0
3933,mmrf_1478,train,True,True,169.0,0.0,169.0
3934,mmrf_1478,train,True,True,283.0,0.0,283.0
3935,mmrf_1478,train,True,True,442.0,0.0,442.0
3936,mmrf_1478,train,True,True,538.0,0.0,538.0
3937,mmrf_1478,train,True,True,636.0,0.0,636.0
3938,mmrf_1478,train,True,True,735.0,0.0,735.0
3939,mmrf_1478,train,True,True,825.0,0.0,825.0
3940,mmrf_1478,train,True,True,930.0,0.0,930.0
3941,mmrf_1478,train,False,True,1021.0,0.0,1021.0
3942,mmrf_1478,train,False,True,1112.0,0.0,1112.0
3943,mmrf_1478,train,False,True,1197.0,0.0,1197.0
3944,mmrf_1478,train,False,True,1337.0,0.0,1337.0
3945,mmrf_1478,train,False,True,1449.0,0.0,1449.0
3946,mmrf_1478,train,False,True,1554.0,0.0,1554.0
3947,mmrf_1478,train,False,True,1659.0,0.0,1659.0
3948,mmrf_1478,train,False,True,1750.0,0.0,1750.0
3949,mmrf_1478,train,False,True,1841.0,0.0,1841.0
3950,mmrf_1478,train,False,True,2043.0,0.0,2043.0
3951,mmrf_1478,train,False,True,2248.0,0.0,2248.0
3952,mmrf_1478,train,False,True,2431.0,0.0,2431.0
3953,mmrf_1478,train,False,True,2557.0,0.0,2557.0
3954,mmrf_1478,train,False,True,2683.0,0.0,2683.0
3982,mmrf_1484,train,True,True,74.0,-30.0,104.0
3983,mmrf_1484,train,True,True,144.0,-30.0,174.0
3984,mmrf_1484,train,True,True,256.0,-30.0,286.0
3985,mmrf_1484,train,True,True,339.0,-30.0,369.0
3986,mmrf_1484,train,True,True,423.0,-30.0,453.0
3987,mmrf_1484,train,True,True,591.0,-30.0,621.0
3988,mmrf_1484,train,True,True,696.0,-30.0,726.0
3989,mmrf_1484,train,True,True,844.0,-30.0,874.0
3990,mmrf_1484,train,True,True,914.0,-30.0,944.0
4006,mmrf_1489,train,True,True,79.0,-17.0,96.0
4007,mmrf_1489,train,True,True,254.0,-17.0,271.0
4008,mmrf_1490,train,True,True,71.0,-2.0,73.0
4009,mmrf_1490,train,True,True,141.0,-2.0,143.0
4010,mmrf_1490,train,True,True,239.0,-2.0,241.0
4011,mmrf_1490,train,True,True,323.0,-2.0,325.0
4012,mmrf_1490,train,True,True,463.0,-2.0,465.0
4013,mmrf_1490,train,True,True,658.0,-2.0,660.0
4014,mmrf_1490,train,True,True,764.0,-2.0,766.0
4015,mmrf_1490,train,True,True,847.0,-2.0,849.0
4016,mmrf_1490,train,True,True,981.0,-2.0,983.0
4017,mmrf_1490,train,True,True,1296.0,-2.0,1298.0
4018,mmrf_1490,train,True,True,1379.0,-2.0,1381.0
4019,mmrf_1490,train,True,True,1575.0,-2.0,1577.0
4020,mmrf_1490,train,True,True,1729.0,-2.0,1731.0
4021,mmrf_1490,train,True,True,1848.0,-2.0,1850.0
4022,mmrf_1490,train,True,True,2037.0,-2.0,2039.0
4023,mmrf_1490,train,True,True,2275.0,-2.0,2277.0
4024,mmrf_1490,train,True,True,2467.0,-2.0,2469.0
4025,mmrf_1490,train,True,True,2590.0,-2.0,2592.0
4026,mmrf_1490,train,False,True,2759.0,-2.0,2761.0
4027,mmrf_1491,val,True,True,92.0,-6.0,98.0
4028,mmrf_1491,val,True,True,162.0,-6.0,168.0
4038,mmrf_1494,val,True,True,91.0,-14.0,105.0
4039,mmrf_1494,val,True,True,177.0,-14.0,191.0
4040,mmrf_1494,val,True,True,362.0,-14.0,376.0
4041,mmrf_1494,val,True,True,453.0,-14.0,467.0
4042,mmrf_1494,val,True,True,544.0,-14.0,558.0
4043,mmrf_1494,val,True,True,639.0,-14.0,653.0
4044,mmrf_1494,val,True,True,730.0,-14.0,744.0
4045,mmrf_1494,val,True,True,772.0,-14.0,786.0
4046,mmrf_1494,val,True,True,870.0,-14.0,884.0
4047,mmrf_1494,val,True,True,961.0,-14.0,975.0
4048,mmrf_1494,val,True,True,1052.0,-14.0,1066.0
4049,mmrf_1494,val,True,True,1143.0,-14.0,1157.0
4050,mmrf_1494,val,True,True,1234.0,-14.0,1248.0
4051,mmrf_1494,val,True,True,1324.0,-14.0,1338.0
4052,mmrf_1494,val,True,True,1416.0,-14.0,1430.0
4053,mmrf_1494,val,True,True,1555.0,-14.0,1569.0
4054,mmrf_1494,val,True,True,1646.0,-14.0,1660.0
4055,mmrf_1494,val,True,True,1737.0,-14.0,1751.0
4056,mmrf_1494,val,True,True,1846.0,-14.0,1860.0
4057,mmrf_1494,val,True,True,2028.0,-14.0,2042.0
4058,mmrf_1494,val,True,True,2220.0,-14.0,2234.0
4059,mmrf_1494,val,True,True,2409.0,-14.0,2423.0
4060,mmrf_1494,val,True,True,2501.0,-14.0,2515.0
4061,mmrf_1494,val,True,True,2701.0,-14.0,2715.0
4062,mmrf_1496,test,True,True,89.0,-2.0,91.0
4063,mmrf_1496,test,True,True,149.0,-2.0,151.0
4064,mmrf_1496,test,True,True,266.0,-2.0,268.0
4065,mmrf_1496,test,True,True,370.0,307.0,63.0
4066,mmrf_1497,train,True,True,207.0,-9.0,216.0
4067,mmrf_1497,train,True,True,308.0,-9.0,317.0
4068,mmrf_1499,train,True,True,84.0,-15.0,99.0
4069,mmrf_1499,train,True,True,168.0,-15.0,183.0
4070,mmrf_1499,train,True,True,278.0,-15.0,293.0
4071,mmrf_1499,train,True,True,364.0,-15.0,379.0
4072,mmrf_1499,train,True,True,448.0,-15.0,463.0
4073,mmrf_1499,train,True,True,532.0,-15.0,547.0
4074,mmrf_1499,train,True,True,623.0,-15.0,638.0
4075,mmrf_1499,train,True,True,700.0,-15.0,715.0
4076,mmrf_1499,train,True,True,798.0,-15.0,813.0
4077,mmrf_1499,train,True,True,896.0,-15.0,911.0
4078,mmrf_1499,train,True,True,980.0,-15.0,995.0
4079,mmrf_1499,train,True,True,1064.0,-15.0,1079.0
4080,mmrf_1499,train,True,True,1169.0,-15.0,1184.0
4081,mmrf_1499,train,True,True,1232.0,-15.0,1247.0
4082,mmrf_1499,train,True,True,1330.0,-15.0,1345.0
4083,mmrf_1499,train,True,True,1441.0,-15.0,1456.0
4084,mmrf_1499,train,True,True,1526.0,-15.0,1541.0
4085,mmrf_1499,train,True,True,1610.0,-15.0,1625.0
4086,mmrf_1499,train,True,True,1694.0,-15.0,1709.0
4097,mmrf_1500,train,True,True,967.0,931.0,36.0
4098,mmrf_1500,train,True,True,1074.0,931.0,143.0
4099,mmrf_1500,train,True,True,1170.0,931.0,239.0
4100,mmrf_1500,train,True,True,1264.0,931.0,333.0
4101,mmrf_1500,train,True,True,1374.0,931.0,443.0
4102,mmrf_1500,train,True,True,1444.0,931.0,513.0
4103,mmrf_1500,train,False,True,1542.0,931.0,611.0
4104,mmrf_1500,train,False,True,1600.0,931.0,669.0
4105,mmrf_1500,train,False,True,1695.0,931.0,764.0
4106,mmrf_1500,train,True,True,1802.0,931.0,871.0
4107,mmrf_1500,train,True,True,1941.0,931.0,1010.0
4108,mmrf_1500,train,True,True,2136.0,931.0,1205.0
4109,mmrf_1500,train,True,True,2304.0,931.0,1373.0
4110,mmrf_1500,train,True,True,2486.0,931.0,1555.0
4111,mmrf_1501,val,True,True,94.0,-2.0,96.0
4112,mmrf_1501,val,True,True,196.0,-2.0,198.0
4113,mmrf_1501,val,True,True,273.0,-2.0,275.0
4114,mmrf_1501,val,True,True,370.0,-2.0,372.0
4115,mmrf_1501,val,True,True,448.0,-2.0,450.0
4116,mmrf_1501,val,True,True,545.0,-2.0,547.0
4117,mmrf_1501,val,True,True,629.0,-2.0,631.0
4118,mmrf_1501,val,True,True,704.0,-2.0,706.0
4119,mmrf_1501,val,True,True,776.0,-2.0,778.0
4120,mmrf_1502,train,True,True,93.0,-4.0,97.0
4121,mmrf_1502,train,True,True,163.0,-4.0,167.0
4122,mmrf_1502,train,True,True,289.0,-4.0,293.0
4123,mmrf_1502,train,True,True,702.0,-4.0,706.0
4124,mmrf_1502,train,True,True,792.0,-4.0,796.0
4125,mmrf_1502,train,True,True,912.0,-4.0,916.0
4126,mmrf_1502,train,True,True,1149.0,-4.0,1153.0
4127,mmrf_1502,train,True,True,1254.0,-4.0,1258.0
4128,mmrf_1502,train,True,True,1331.0,-4.0,1335.0
4129,mmrf_1504,train,True,True,84.0,-4.0,88.0
4130,mmrf_1504,train,True,True,172.0,-4.0,176.0
4131,mmrf_1504,train,True,True,309.0,-4.0,313.0
4132,mmrf_1504,train,True,True,403.0,-4.0,407.0
4133,mmrf_1504,train,True,True,494.0,-4.0,498.0
4134,mmrf_1504,train,True,True,585.0,-4.0,589.0
4135,mmrf_1504,train,True,True,678.0,-4.0,682.0
4136,mmrf_1504,train,True,True,775.0,-4.0,779.0
4137,mmrf_1504,train,True,True,834.0,-4.0,838.0
4138,mmrf_1504,train,True,True,950.0,-4.0,954.0
4139,mmrf_1504,train,True,True,1056.0,-4.0,1060.0
4140,mmrf_1504,train,True,True,1133.0,-4.0,1137.0
4141,mmrf_1504,train,True,True,1245.0,-4.0,1249.0
4142,mmrf_1504,train,True,True,1345.0,-4.0,1349.0
4143,mmrf_1504,train,True,True,1429.0,-4.0,1433.0
4144,mmrf_1504,train,True,True,1602.0,-4.0,1606.0
4145,mmrf_1504,train,True,True,1702.0,-4.0,1706.0
4146,mmrf_1504,train,True,True,1821.0,-4.0,1825.0
4147,mmrf_1504,train,True,True,1981.0,-4.0,1985.0
4148,mmrf_1504,train,True,True,2169.0,-4.0,2173.0
4150,mmrf_1506,train,True,True,102.0,-6.0,108.0
4151,mmrf_1506,train,True,True,295.0,-6.0,301.0
4152,mmrf_1506,train,True,True,365.0,-6.0,371.0
4153,mmrf_1506,train,True,True,561.0,-6.0,567.0
4154,mmrf_1506,train,True,True,688.0,-6.0,694.0
4155,mmrf_1506,train,True,True,1226.0,-6.0,1232.0
4156,mmrf_1506,train,True,True,1590.0,-6.0,1596.0
4157,mmrf_1506,train,True,True,1683.0,-6.0,1689.0
4158,mmrf_1506,train,True,True,1750.0,-6.0,1756.0
4159,mmrf_1506,train,True,True,1891.0,-6.0,1897.0
4160,mmrf_1506,train,True,True,2373.0,-6.0,2379.0
4161,mmrf_1506,train,True,True,2569.0,-6.0,2575.0
4162,mmrf_1510,train,True,True,84.0,-1.0,85.0
4163,mmrf_1510,train,True,True,154.0,-1.0,155.0
4164,mmrf_1510,train,True,True,240.0,-1.0,241.0
4165,mmrf_1510,train,True,True,366.0,-1.0,367.0
4166,mmrf_1510,train,True,True,429.0,-1.0,430.0
4167,mmrf_1510,train,True,True,555.0,-1.0,556.0
4168,mmrf_1510,train,True,True,602.0,-1.0,603.0
4169,mmrf_1510,train,True,True,736.0,-1.0,737.0
4170,mmrf_1510,train,True,True,786.0,-1.0,787.0
4171,mmrf_1510,train,True,True,891.0,-1.0,892.0
4172,mmrf_1510,train,True,True,982.0,-1.0,983.0
4173,mmrf_1510,train,True,True,1092.0,-1.0,1093.0
4174,mmrf_1510,train,True,True,1181.0,-1.0,1182.0
4175,mmrf_1510,train,True,True,1247.0,-1.0,1248.0
4176,mmrf_1510,train,True,True,1470.0,-1.0,1471.0
4177,mmrf_1510,train,True,True,1528.0,-1.0,1529.0
4178,mmrf_1510,train,True,True,1593.0,-1.0,1594.0
4179,mmrf_1510,train,True,True,1725.0,-1.0,1726.0
4180,mmrf_1510,train,True,True,1806.0,-1.0,1807.0
4181,mmrf_1510,train,False,True,2075.0,-1.0,2076.0
4182,mmrf_1510,train,False,True,2216.0,-1.0,2217.0
4183,mmrf_1510,train,True,True,2291.0,-1.0,2292.0
4184,mmrf_1510,train,False,True,2383.0,-1.0,2384.0
4185,mmrf_1510,train,True,True,2556.0,-1.0,2557.0
4186,mmrf_1510,train,False,True,2752.0,-1.0,2753.0
4187,mmrf_1511,test,True,True,110.0,-11.0,121.0
4188,mmrf_1511,test,True,True,173.0,-11.0,184.0
4189,mmrf_1511,test,True,True,293.0,-11.0,304.0
4190,mmrf_1511,test,True,True,524.0,-11.0,535.0
4191,mmrf_1511,test,True,True,608.0,-11.0,619.0
4192,mmrf_1511,test,True,True,701.0,-11.0,712.0
4193,mmrf_1511,test,True,True,727.0,-11.0,738.0
4194,mmrf_1511,test,True,True,874.0,-11.0,885.0
4195,mmrf_1511,test,True,True,1014.0,-11.0,1025.0
4196,mmrf_1511,test,True,True,1098.0,-11.0,1109.0
4197,mmrf_1511,test,True,True,1196.0,-11.0,1207.0
4198,mmrf_1511,test,True,True,1215.0,-11.0,1226.0
4199,mmrf_1511,test,True,True,1260.0,-11.0,1271.0
4200,mmrf_1511,test,True,True,1350.0,-11.0,1361.0
4201,mmrf_1511,test,True,True,1496.0,-11.0,1507.0
4202,mmrf_1511,test,True,True,1609.0,-11.0,1620.0
4203,mmrf_1511,test,True,True,1686.0,-11.0,1697.0
4204,mmrf_1511,test,True,True,1805.0,-11.0,1816.0
4205,mmrf_1511,test,True,True,2029.0,-11.0,2040.0
4206,mmrf_1511,test,True,True,2211.0,-11.0,2222.0
4207,mmrf_1511,test,True,True,2367.0,-11.0,2378.0
4208,mmrf_1511,test,True,True,2547.0,-11.0,2558.0
4209,mmrf_1511,test,True,True,2729.0,-11.0,2740.0
4210,mmrf_1512,train,True,True,83.0,-2.0,85.0
4211,mmrf_1512,train,True,True,180.0,-2.0,182.0
4212,mmrf_1512,train,True,True,257.0,-2.0,259.0
4213,mmrf_1512,train,True,True,351.0,-2.0,353.0
4214,mmrf_1512,train,True,True,435.0,-2.0,437.0
4215,mmrf_1512,train,True,True,552.0,-2.0,554.0
4216,mmrf_1512,train,True,True,636.0,-2.0,638.0
4217,mmrf_1512,train,True,True,713.0,-2.0,715.0
4218,mmrf_1512,train,True,True,818.0,-2.0,820.0
4219,mmrf_1512,train,True,True,908.0,-2.0,910.0
4220,mmrf_1512,train,True,True,986.0,-2.0,988.0
4221,mmrf_1512,train,True,True,1084.0,-2.0,1086.0
4222,mmrf_1512,train,True,True,1210.0,-2.0,1212.0
4223,mmrf_1512,train,True,True,1287.0,-2.0,1289.0
4224,mmrf_1512,train,True,True,1364.0,-2.0,1366.0
4225,mmrf_1512,train,True,True,1448.0,-2.0,1450.0
4226,mmrf_1512,train,True,True,1518.0,-2.0,1520.0
4227,mmrf_1512,train,True,True,1623.0,-2.0,1625.0
4228,mmrf_1512,train,True,True,1721.0,-2.0,1723.0
4229,mmrf_1512,train,True,True,1777.0,-2.0,1779.0
4230,mmrf_1512,train,True,True,1980.0,-2.0,1982.0
4231,mmrf_1512,train,True,True,2015.0,-2.0,2017.0
4232,mmrf_1512,train,True,True,2183.0,-2.0,2185.0
4233,mmrf_1512,train,True,True,2358.0,-2.0,2360.0
4234,mmrf_1512,train,True,True,2540.0,-2.0,2542.0
4235,mmrf_1512,train,True,True,2708.0,-2.0,2710.0
4236,mmrf_1513,train,True,True,80.0,-20.0,100.0
4237,mmrf_1513,train,True,True,169.0,-20.0,189.0
4238,mmrf_1513,train,True,True,254.0,-20.0,274.0
4239,mmrf_1513,train,True,True,338.0,-20.0,358.0
4240,mmrf_1513,train,True,True,422.0,-20.0,442.0
4241,mmrf_1513,train,True,True,506.0,-20.0,526.0
4242,mmrf_1513,train,True,True,590.0,-20.0,610.0
4243,mmrf_1513,train,True,True,702.0,-20.0,722.0
4244,mmrf_1513,train,True,True,786.0,-20.0,806.0
4245,mmrf_1513,train,True,True,889.0,-20.0,909.0
4246,mmrf_1513,train,True,True,1003.0,-20.0,1023.0
4247,mmrf_1513,train,True,True,1065.0,-20.0,1085.0
4248,mmrf_1513,train,True,True,1121.0,-20.0,1141.0
4249,mmrf_1513,train,True,True,1213.0,-20.0,1233.0
4250,mmrf_1513,train,True,True,1303.0,-20.0,1323.0
4251,mmrf_1513,train,True,True,1423.0,-20.0,1443.0
4252,mmrf_1513,train,True,True,1492.0,-20.0,1512.0
4253,mmrf_1513,train,True,True,1605.0,-20.0,1625.0
4254,mmrf_1513,train,True,True,1703.0,-20.0,1723.0
4255,mmrf_1513,train,True,True,1774.0,-20.0,1794.0
4256,mmrf_1516,train,True,True,94.0,-11.0,105.0
4257,mmrf_1516,train,True,True,190.0,-11.0,201.0
4258,mmrf_1516,train,True,True,282.0,-11.0,293.0
4259,mmrf_1516,train,True,True,331.0,-11.0,342.0
4260,mmrf_1516,train,True,True,457.0,-11.0,468.0
4261,mmrf_1516,train,True,True,568.0,-11.0,579.0
4262,mmrf_1516,train,True,True,638.0,-11.0,649.0
4263,mmrf_1516,train,True,True,724.0,-11.0,735.0
4265,mmrf_1519,val,True,True,79.0,-1.0,80.0
4266,mmrf_1519,val,True,True,174.0,-1.0,175.0
4267,mmrf_1519,val,True,True,265.0,-1.0,266.0
4268,mmrf_1519,val,True,True,361.0,-1.0,362.0
4269,mmrf_1519,val,True,True,461.0,-1.0,462.0
4270,mmrf_1519,val,True,True,524.0,-1.0,525.0
4271,mmrf_1520,train,True,True,85.0,-18.0,103.0
4272,mmrf_1520,train,True,True,164.0,-18.0,182.0
4273,mmrf_1520,train,True,True,253.0,-18.0,271.0
4274,mmrf_1520,train,False,True,330.0,-18.0,348.0
4275,mmrf_1520,train,False,True,442.0,-18.0,460.0
4276,mmrf_1520,train,False,True,533.0,-18.0,551.0
4277,mmrf_1520,train,False,True,617.0,-18.0,635.0
4278,mmrf_1520,train,False,True,701.0,-18.0,719.0
4279,mmrf_1520,train,False,True,785.0,-18.0,803.0
4280,mmrf_1520,train,False,True,896.0,-18.0,914.0
4281,mmrf_1520,train,False,True,980.0,-18.0,998.0
4282,mmrf_1520,train,False,True,1057.0,-18.0,1075.0
4283,mmrf_1520,train,False,True,1169.0,-18.0,1187.0
4284,mmrf_1520,train,False,True,1260.0,-18.0,1278.0
4285,mmrf_1520,train,False,True,1344.0,-18.0,1362.0
4286,mmrf_1520,train,False,True,1456.0,-18.0,1474.0
4287,mmrf_1520,train,False,True,1541.0,-18.0,1559.0
4288,mmrf_1520,train,False,True,1632.0,-18.0,1650.0
4289,mmrf_1520,train,False,True,1715.0,-18.0,1733.0
4290,mmrf_1520,train,False,True,1799.0,-18.0,1817.0
4291,mmrf_1520,train,False,True,1995.0,-18.0,2013.0
4292,mmrf_1520,train,False,True,2163.0,-18.0,2181.0
4293,mmrf_1520,train,False,True,2324.0,-18.0,2342.0
4294,mmrf_1520,train,False,True,2527.0,-18.0,2545.0
4295,mmrf_1522,train,True,True,67.0,-6.0,73.0
4296,mmrf_1522,train,True,True,151.0,-6.0,157.0
4297,mmrf_1522,train,True,True,261.0,-6.0,267.0
4298,mmrf_1522,train,True,True,359.0,-6.0,365.0
4299,mmrf_1522,train,True,True,408.0,-6.0,414.0
4300,mmrf_1522,train,True,True,549.0,-6.0,555.0
4301,mmrf_1522,train,True,True,592.0,-6.0,598.0
4302,mmrf_1522,train,True,True,724.0,-6.0,730.0
4303,mmrf_1522,train,True,True,837.0,-6.0,843.0
4304,mmrf_1522,train,True,True,912.0,-6.0,918.0
4305,mmrf_1522,train,True,True,975.0,-6.0,981.0
4306,mmrf_1522,train,True,True,1108.0,-6.0,1114.0
4307,mmrf_1522,train,True,True,1201.0,-6.0,1207.0
4308,mmrf_1522,train,True,True,1255.0,-6.0,1261.0
4309,mmrf_1522,train,True,True,1325.0,-6.0,1331.0
4310,mmrf_1522,train,True,True,1565.0,-6.0,1571.0
4311,mmrf_1522,train,True,True,1663.0,-6.0,1669.0
4312,mmrf_1522,train,True,True,1754.0,-6.0,1760.0
4313,mmrf_1522,train,True,True,1817.0,-6.0,1823.0
4314,mmrf_1522,train,True,True,1978.0,-6.0,1984.0
4315,mmrf_1522,train,True,True,2181.0,-6.0,2187.0
4316,mmrf_1523,test,True,True,99.0,-1.0,100.0
4317,mmrf_1523,test,True,True,188.0,-1.0,189.0
4318,mmrf_1523,test,True,True,282.0,-1.0,283.0
4319,mmrf_1523,test,True,True,363.0,-1.0,364.0
4320,mmrf_1523,test,True,True,453.0,-1.0,454.0
4321,mmrf_1523,test,True,True,629.0,-1.0,630.0
4322,mmrf_1523,test,True,True,817.0,-1.0,818.0
4323,mmrf_1523,test,True,True,915.0,-1.0,916.0
4324,mmrf_1523,test,True,True,1006.0,-1.0,1007.0
4325,mmrf_1523,test,True,True,1097.0,-1.0,1098.0
4326,mmrf_1523,test,True,True,1189.0,-1.0,1190.0
4327,mmrf_1523,test,True,True,1279.0,-1.0,1280.0
4328,mmrf_1523,test,True,True,1370.0,-1.0,1371.0
4329,mmrf_1523,test,True,True,1468.0,-1.0,1469.0
4330,mmrf_1523,test,True,True,1559.0,-1.0,1560.0
4331,mmrf_1523,test,True,True,1657.0,-1.0,1658.0
4332,mmrf_1523,test,True,True,1737.0,-1.0,1738.0
4333,mmrf_1523,test,True,True,1831.0,-1.0,1832.0
4334,mmrf_1523,test,True,True,1982.0,-1.0,1983.0
4335,mmrf_1523,test,True,True,2247.0,-1.0,2248.0
4336,mmrf_1523,test,True,True,2322.0,-1.0,2323.0
4337,mmrf_1523,test,True,True,2457.0,-1.0,2458.0
4338,mmrf_1523,test,True,True,2583.0,-1.0,2584.0
4339,mmrf_1523,test,True,True,2751.0,-1.0,2752.0
4363,mmrf_1531,test,True,True,64.0,-13.0,77.0
4364,mmrf_1531,test,True,True,171.0,-13.0,184.0
4365,mmrf_1531,test,True,True,255.0,-13.0,268.0
4366,mmrf_1531,test,True,True,346.0,-13.0,359.0
4367,mmrf_1531,test,True,True,444.0,-13.0,457.0
4373,mmrf_1534,train,True,True,51.0,-20.0,71.0
4374,mmrf_1534,train,True,True,151.0,-20.0,171.0
4375,mmrf_1534,train,True,True,234.0,-20.0,254.0
4376,mmrf_1534,train,True,True,322.0,-20.0,342.0
4377,mmrf_1534,train,True,True,406.0,-20.0,426.0
4378,mmrf_1534,train,True,True,486.0,-20.0,506.0
4379,mmrf_1534,train,True,True,595.0,-20.0,615.0
4380,mmrf_1534,train,True,True,665.0,-20.0,685.0
4381,mmrf_1534,train,True,True,731.0,-20.0,751.0
4382,mmrf_1534,train,True,True,947.0,-20.0,967.0
4383,mmrf_1534,train,True,True,1044.0,-20.0,1064.0
4384,mmrf_1534,train,True,True,1122.0,-20.0,1142.0
4385,mmrf_1534,train,True,True,1248.0,-20.0,1268.0
4386,mmrf_1534,train,True,True,1319.0,-20.0,1339.0
4387,mmrf_1534,train,True,True,1443.0,-20.0,1463.0
4388,mmrf_1534,train,True,True,1485.0,-20.0,1505.0
4389,mmrf_1534,train,True,True,1590.0,-20.0,1610.0
4390,mmrf_1534,train,True,True,1968.0,-20.0,1988.0
4395,mmrf_1537,train,True,True,81.0,-13.0,94.0
4396,mmrf_1537,train,True,True,191.0,-13.0,204.0
4397,mmrf_1537,train,True,True,247.0,-13.0,260.0
4398,mmrf_1537,train,True,True,331.0,-13.0,344.0
4399,mmrf_1537,train,True,True,469.0,-13.0,482.0
4400,mmrf_1537,train,True,True,686.0,-13.0,699.0
4401,mmrf_1537,train,True,True,791.0,-13.0,804.0
4402,mmrf_1537,train,True,True,882.0,-13.0,895.0
4403,mmrf_1537,train,True,True,1064.0,-13.0,1077.0
4404,mmrf_1537,train,True,True,1239.0,-13.0,1252.0
4405,mmrf_1537,train,True,True,1344.0,-13.0,1357.0
4406,mmrf_1537,train,True,True,1428.0,-13.0,1441.0
4407,mmrf_1537,train,True,True,1571.0,-13.0,1584.0
4408,mmrf_1537,train,True,True,1645.0,-13.0,1658.0
4409,mmrf_1537,train,True,True,1765.0,-13.0,1778.0
4410,mmrf_1537,train,True,True,1856.0,-13.0,1869.0
4411,mmrf_1538,train,True,True,69.0,-8.0,77.0
4412,mmrf_1538,train,True,True,169.0,-8.0,177.0
4413,mmrf_1538,train,True,True,260.0,-8.0,268.0
4414,mmrf_1538,train,True,True,363.0,-8.0,371.0
4415,mmrf_1538,train,True,True,440.0,-8.0,448.0
4416,mmrf_1538,train,True,True,538.0,-8.0,546.0
4417,mmrf_1538,train,True,True,622.0,-8.0,630.0
4418,mmrf_1538,train,True,True,729.0,-8.0,737.0
4419,mmrf_1538,train,True,True,816.0,-8.0,824.0
4420,mmrf_1538,train,True,True,902.0,-8.0,910.0
4421,mmrf_1538,train,True,True,978.0,-8.0,986.0
4422,mmrf_1538,train,True,True,1268.0,-8.0,1276.0
4423,mmrf_1538,train,True,True,1405.0,-8.0,1413.0
4424,mmrf_1538,train,True,True,1496.0,-8.0,1504.0
4425,mmrf_1538,train,True,True,1588.0,-8.0,1596.0
4426,mmrf_1538,train,True,True,2539.0,-8.0,2547.0
4427,mmrf_1538,train,True,True,2722.0,-8.0,2730.0
4428,mmrf_1539,train,True,True,73.0,-10.0,83.0
4429,mmrf_1539,train,True,True,157.0,-10.0,167.0
4430,mmrf_1539,train,True,True,256.0,-10.0,266.0
4431,mmrf_1539,train,True,True,325.0,-10.0,335.0
4432,mmrf_1539,train,True,True,402.0,-10.0,412.0
4433,mmrf_1539,train,True,True,493.0,-10.0,503.0
4434,mmrf_1539,train,True,True,598.0,-10.0,608.0
4435,mmrf_1539,train,True,True,689.0,-10.0,699.0
4436,mmrf_1539,train,True,True,780.0,-10.0,790.0
4437,mmrf_1539,train,True,True,878.0,-10.0,888.0
4438,mmrf_1539,train,True,True,984.0,-10.0,994.0
4439,mmrf_1539,train,True,True,1054.0,-10.0,1064.0
4440,mmrf_1539,train,True,True,1165.0,-10.0,1175.0
4441,mmrf_1539,train,True,True,1242.0,-10.0,1252.0
4442,mmrf_1539,train,True,True,1361.0,-10.0,1371.0
4443,mmrf_1539,train,True,True,1431.0,-10.0,1441.0
4444,mmrf_1539,train,True,True,1522.0,-10.0,1532.0
4445,mmrf_1539,train,True,True,1613.0,-10.0,1623.0
4446,mmrf_1539,train,True,True,1704.0,-10.0,1714.0
4447,mmrf_1539,train,True,True,1795.0,-10.0,1805.0
4448,mmrf_1539,train,True,True,1998.0,-10.0,2008.0
4449,mmrf_1539,train,True,True,2698.0,-10.0,2708.0
4450,mmrf_1540,train,True,True,57.0,-53.0,110.0
4451,mmrf_1540,train,True,True,141.0,-53.0,194.0
4452,mmrf_1540,train,True,True,225.0,-53.0,278.0
4453,mmrf_1540,train,True,True,316.0,-53.0,369.0
4454,mmrf_1540,train,True,True,420.0,-53.0,473.0
4455,mmrf_1541,train,True,True,37.0,-22.0,59.0
4456,mmrf_1541,train,True,True,127.0,-22.0,149.0
4457,mmrf_1541,train,True,True,302.0,-22.0,324.0
4458,mmrf_1541,train,True,True,491.0,-22.0,513.0
4459,mmrf_1541,train,True,True,582.0,-22.0,604.0
4460,mmrf_1541,train,True,True,666.0,-22.0,688.0
4461,mmrf_1541,train,True,True,842.0,-22.0,864.0
4462,mmrf_1541,train,True,True,1031.0,-22.0,1053.0
4463,mmrf_1541,train,True,True,1115.0,-22.0,1137.0
4464,mmrf_1541,train,True,True,1199.0,-22.0,1221.0
4465,mmrf_1541,train,True,True,1290.0,-22.0,1312.0
4466,mmrf_1541,train,True,True,1499.0,-22.0,1521.0
4467,mmrf_1541,train,True,True,1576.0,-22.0,1598.0
4468,mmrf_1541,train,True,True,1654.0,-22.0,1676.0
4469,mmrf_1542,train,True,True,156.0,-20.0,176.0
4470,mmrf_1542,train,True,True,254.0,-20.0,274.0
4471,mmrf_1542,train,True,True,331.0,-20.0,351.0
4472,mmrf_1542,train,True,True,429.0,-20.0,449.0
4473,mmrf_1542,train,True,True,502.0,-20.0,522.0
4474,mmrf_1542,train,True,True,597.0,-20.0,617.0
4475,mmrf_1543,train,True,True,170.0,-24.0,194.0
4476,mmrf_1543,train,True,True,257.0,-24.0,281.0
4477,mmrf_1543,train,True,True,348.0,-24.0,372.0
4478,mmrf_1543,train,True,True,502.0,-24.0,526.0
4479,mmrf_1543,train,True,True,611.0,-24.0,635.0
4480,mmrf_1543,train,True,True,745.0,-24.0,769.0
4481,mmrf_1543,train,True,True,880.0,-24.0,904.0
4482,mmrf_1543,train,True,True,1045.0,-24.0,1069.0
4483,mmrf_1543,train,True,True,1136.0,-24.0,1160.0
4484,mmrf_1543,train,True,True,1265.0,-24.0,1289.0
4485,mmrf_1543,train,True,True,1325.0,-24.0,1349.0
4486,mmrf_1543,train,True,True,1389.0,-24.0,1413.0
4487,mmrf_1543,train,True,True,1461.0,-24.0,1485.0
4488,mmrf_1543,train,True,True,1636.0,-24.0,1660.0
4489,mmrf_1543,train,True,True,1818.0,-24.0,1842.0
4490,mmrf_1543,train,True,True,2000.0,-24.0,2024.0
4491,mmrf_1546,train,True,True,57.0,-7.0,64.0
4492,mmrf_1546,train,True,True,176.0,-7.0,183.0
4493,mmrf_1546,train,True,True,261.0,-7.0,268.0
4494,mmrf_1546,train,True,True,357.0,-7.0,364.0
4495,mmrf_1546,train,True,True,463.0,-7.0,470.0
4496,mmrf_1546,train,True,True,534.0,-7.0,541.0
4497,mmrf_1546,train,True,True,652.0,-7.0,659.0
4498,mmrf_1546,train,True,True,708.0,-7.0,715.0
4499,mmrf_1546,train,True,True,792.0,-7.0,799.0
4500,mmrf_1546,train,True,True,918.0,-7.0,925.0
4501,mmrf_1546,train,True,True,1086.0,-7.0,1093.0
4502,mmrf_1546,train,True,True,1199.0,-7.0,1206.0
4503,mmrf_1546,train,True,True,1268.0,-7.0,1275.0
4504,mmrf_1546,train,True,True,1373.0,-7.0,1380.0
4505,mmrf_1546,train,True,True,1450.0,-7.0,1457.0
4506,mmrf_1546,train,True,True,1520.0,-7.0,1527.0
4507,mmrf_1546,train,True,True,1632.0,-7.0,1639.0
4508,mmrf_1546,train,True,True,1729.0,-7.0,1736.0
4509,mmrf_1546,train,True,True,1785.0,-7.0,1792.0
4510,mmrf_1546,train,True,True,2172.0,-7.0,2179.0
4511,mmrf_1546,train,True,True,2356.0,-7.0,2363.0
4537,mmrf_1550,test,True,True,86.0,-14.0,100.0
4538,mmrf_1550,test,True,True,178.0,-14.0,192.0
4539,mmrf_1550,test,True,True,280.0,-14.0,294.0
4540,mmrf_1550,test,True,True,366.0,-14.0,380.0
4541,mmrf_1550,test,True,True,421.0,-14.0,435.0
4542,mmrf_1550,test,True,True,533.0,-14.0,547.0
4543,mmrf_1550,test,True,True,617.0,-14.0,631.0
4544,mmrf_1550,test,True,True,736.0,-14.0,750.0
4545,mmrf_1550,test,True,True,799.0,-14.0,813.0
4546,mmrf_1550,test,True,True,916.0,-14.0,930.0
4547,mmrf_1550,test,True,True,1028.0,-14.0,1042.0
4548,mmrf_1550,test,True,True,1084.0,-14.0,1098.0
4549,mmrf_1550,test,True,True,1168.0,-14.0,1182.0
4553,mmrf_1556,train,True,True,93.0,-6.0,99.0
4554,mmrf_1556,train,True,True,184.0,-6.0,190.0
4555,mmrf_1556,train,True,True,267.0,-6.0,273.0
4556,mmrf_1556,train,True,True,351.0,-6.0,357.0
4557,mmrf_1556,train,True,True,446.0,-6.0,452.0
4558,mmrf_1556,train,True,True,523.0,-6.0,529.0
4559,mmrf_1556,train,True,True,642.0,-6.0,648.0
4560,mmrf_1556,train,True,True,691.0,-6.0,697.0
4561,mmrf_1556,train,True,True,824.0,-6.0,830.0
4562,mmrf_1556,train,True,True,876.0,-6.0,882.0
4563,mmrf_1556,train,True,True,1006.0,-6.0,1012.0
4564,mmrf_1556,train,True,True,1069.0,-6.0,1075.0
4565,mmrf_1556,train,True,True,1160.0,-6.0,1166.0
4566,mmrf_1556,train,True,True,1268.0,-6.0,1274.0
4567,mmrf_1556,train,True,True,1524.0,-6.0,1530.0
4568,mmrf_1556,train,True,True,1643.0,-6.0,1649.0
4569,mmrf_1556,train,True,True,1731.0,-6.0,1737.0
4570,mmrf_1560,train,True,True,170.0,-19.0,189.0
4571,mmrf_1560,train,True,True,236.0,-19.0,255.0
4572,mmrf_1560,train,True,True,348.0,-19.0,367.0
4573,mmrf_1560,train,True,True,435.0,-19.0,454.0
4574,mmrf_1560,train,True,True,530.0,-19.0,549.0
4575,mmrf_1560,train,True,True,607.0,-19.0,626.0
4576,mmrf_1560,train,True,True,691.0,-19.0,710.0
4577,mmrf_1560,train,True,True,768.0,-19.0,787.0
4578,mmrf_1560,train,True,True,859.0,-19.0,878.0
4579,mmrf_1560,train,True,True,950.0,-19.0,969.0
4580,mmrf_1560,train,True,True,1053.0,-19.0,1072.0
4581,mmrf_1560,train,True,True,1095.0,-19.0,1114.0
4582,mmrf_1560,train,True,True,1193.0,-19.0,1212.0
4583,mmrf_1560,train,True,True,1284.0,-19.0,1303.0
4584,mmrf_1560,train,True,True,1377.0,-19.0,1396.0
4585,mmrf_1560,train,True,True,1466.0,-19.0,1485.0
4586,mmrf_1560,train,True,True,1557.0,-19.0,1576.0
4587,mmrf_1560,train,True,True,1648.0,-19.0,1667.0
4588,mmrf_1560,train,True,True,1760.0,-19.0,1779.0
4589,mmrf_1560,train,True,True,2199.0,-19.0,2218.0
4590,mmrf_1560,train,True,True,2612.0,-19.0,2631.0
4605,mmrf_1565,train,True,True,104.0,0.0,104.0
4606,mmrf_1565,train,True,True,202.0,0.0,202.0
4607,mmrf_1565,train,True,True,273.0,0.0,273.0
4608,mmrf_1565,train,False,True,521.0,0.0,521.0
4609,mmrf_1565,train,False,True,651.0,0.0,651.0
4610,mmrf_1565,train,False,True,759.0,0.0,759.0
4611,mmrf_1565,train,False,True,857.0,0.0,857.0
4612,mmrf_1565,train,False,True,975.0,0.0,975.0
4613,mmrf_1565,train,True,True,1136.0,0.0,1136.0
4652,mmrf_1570,test,True,True,64.0,-35.0,99.0
4653,mmrf_1570,test,True,True,135.0,-35.0,170.0
4654,mmrf_1570,test,True,True,252.0,-35.0,287.0
4655,mmrf_1570,test,True,True,372.0,-35.0,407.0
4656,mmrf_1570,test,True,True,442.0,-35.0,477.0
4657,mmrf_1570,test,True,True,532.0,-35.0,567.0
4658,mmrf_1570,test,True,True,652.0,-35.0,687.0
4659,mmrf_1570,test,True,True,747.0,-35.0,782.0
4660,mmrf_1572,train,True,True,64.0,-11.0,75.0
4661,mmrf_1572,train,True,True,175.0,-11.0,186.0
4662,mmrf_1572,train,True,True,260.0,-11.0,271.0
4663,mmrf_1572,train,True,True,330.0,-11.0,341.0
4664,mmrf_1572,train,True,True,414.0,-11.0,425.0
4665,mmrf_1572,train,True,True,520.0,-11.0,531.0
4666,mmrf_1572,train,True,True,582.0,-11.0,593.0
4667,mmrf_1572,train,True,True,715.0,-11.0,726.0
4668,mmrf_1572,train,True,True,806.0,-11.0,817.0
4669,mmrf_1572,train,True,True,904.0,-11.0,915.0
4670,mmrf_1572,train,True,True,995.0,-11.0,1006.0
4671,mmrf_1572,train,True,True,1079.0,-11.0,1090.0
4672,mmrf_1572,train,True,True,1170.0,-11.0,1181.0
4673,mmrf_1572,train,True,True,1275.0,-11.0,1286.0
4674,mmrf_1572,train,True,True,1366.0,-11.0,1377.0
4675,mmrf_1572,train,True,True,1457.0,-11.0,1468.0
4676,mmrf_1572,train,True,True,1569.0,-11.0,1580.0
4677,mmrf_1572,train,True,True,1653.0,-11.0,1664.0
4678,mmrf_1572,train,True,True,1751.0,-11.0,1762.0
4679,mmrf_1572,train,True,True,1835.0,-11.0,1846.0
4680,mmrf_1572,train,True,True,2031.0,-11.0,2042.0
4681,mmrf_1572,train,True,True,2227.0,-11.0,2238.0
4682,mmrf_1572,train,True,True,2395.0,-11.0,2406.0
4683,mmrf_1572,train,True,True,2535.0,-11.0,2546.0
4684,mmrf_1572,train,True,True,2731.0,-11.0,2742.0
4685,mmrf_1573,train,True,True,88.0,0.0,88.0
4686,mmrf_1573,train,True,True,210.0,0.0,210.0
4687,mmrf_1573,train,True,True,291.0,0.0,291.0
4688,mmrf_1573,train,True,True,368.0,0.0,368.0
4689,mmrf_1573,train,False,True,459.0,0.0,459.0
4690,mmrf_1573,train,False,True,760.0,0.0,760.0
4691,mmrf_1573,train,False,True,851.0,0.0,851.0
4692,mmrf_1573,train,False,True,950.0,0.0,950.0
4693,mmrf_1573,train,False,True,1041.0,0.0,1041.0
4694,mmrf_1573,train,False,True,1134.0,0.0,1134.0
4695,mmrf_1573,train,False,True,1295.0,0.0,1295.0
4696,mmrf_1574,test,True,True,106.0,-1.0,107.0
4697,mmrf_1574,test,True,True,221.0,-1.0,222.0
4698,mmrf_1574,test,True,True,270.0,-1.0,271.0
4699,mmrf_1574,test,True,True,368.0,-1.0,369.0
4700,mmrf_1574,test,True,True,436.0,-1.0,437.0
4701,mmrf_1574,test,True,True,562.0,-1.0,563.0
4702,mmrf_1574,test,True,True,653.0,-1.0,654.0
4703,mmrf_1574,test,True,True,723.0,-1.0,724.0
4704,mmrf_1574,test,True,True,814.0,-1.0,815.0
4705,mmrf_1574,test,True,True,940.0,-1.0,941.0
4706,mmrf_1574,test,True,True,1031.0,-1.0,1032.0
4707,mmrf_1574,test,True,True,1129.0,-1.0,1130.0
4708,mmrf_1574,test,True,True,1206.0,-1.0,1207.0
4709,mmrf_1574,test,True,True,1311.0,-1.0,1312.0
4710,mmrf_1574,test,True,True,1402.0,-1.0,1403.0
4711,mmrf_1574,test,True,True,1493.0,-1.0,1494.0
4712,mmrf_1574,test,False,True,1577.0,-1.0,1578.0
4713,mmrf_1577,train,True,True,79.0,-5.0,84.0
4714,mmrf_1577,train,True,True,180.0,-5.0,185.0
4715,mmrf_1577,train,True,True,253.0,-5.0,258.0
4716,mmrf_1577,train,True,True,366.0,-5.0,371.0
4717,mmrf_1577,train,True,True,437.0,-5.0,442.0
4718,mmrf_1577,train,True,True,535.0,-5.0,540.0
4719,mmrf_1577,train,True,True,647.0,-5.0,652.0
4720,mmrf_1577,train,True,True,703.0,-5.0,708.0
4721,mmrf_1577,train,True,True,810.0,-5.0,815.0
4722,mmrf_1577,train,True,True,871.0,-5.0,876.0
4723,mmrf_1577,train,True,True,955.0,-5.0,960.0
4724,mmrf_1577,train,True,True,1039.0,-5.0,1044.0
4725,mmrf_1577,train,True,True,1130.0,-5.0,1135.0
4726,mmrf_1577,train,True,True,1228.0,-5.0,1233.0
4727,mmrf_1577,train,True,True,1368.0,-5.0,1373.0
4728,mmrf_1577,train,True,True,1403.0,-5.0,1408.0
4729,mmrf_1577,train,True,True,1501.0,-5.0,1506.0
4730,mmrf_1577,train,True,True,1599.0,-5.0,1604.0
4731,mmrf_1577,train,True,True,1711.0,-5.0,1716.0
4732,mmrf_1577,train,True,True,1795.0,-5.0,1800.0
4733,mmrf_1577,train,True,True,1970.0,-5.0,1975.0
4734,mmrf_1577,train,True,True,2138.0,-5.0,2143.0
4735,mmrf_1577,train,True,True,2362.0,-5.0,2367.0
4736,mmrf_1577,train,True,True,2530.0,-5.0,2535.0
4737,mmrf_1577,train,True,True,2725.0,-5.0,2730.0
4738,mmrf_1579,train,True,True,189.0,-21.0,210.0
4739,mmrf_1579,train,True,True,280.0,-21.0,301.0
4740,mmrf_1579,train,True,True,399.0,-21.0,420.0
4741,mmrf_1579,train,True,True,456.0,-21.0,477.0
4742,mmrf_1579,train,True,True,574.0,-21.0,595.0
4743,mmrf_1579,train,True,True,637.0,-21.0,658.0
4744,mmrf_1579,train,True,True,735.0,-21.0,756.0
4745,mmrf_1579,train,True,True,798.0,-21.0,819.0
4746,mmrf_1579,train,True,True,987.0,-21.0,1008.0
4747,mmrf_1579,train,True,True,1085.0,-21.0,1106.0
4748,mmrf_1579,train,True,True,1176.0,-21.0,1197.0
4749,mmrf_1579,train,True,True,1279.0,-21.0,1300.0
4750,mmrf_1579,train,True,True,1358.0,-21.0,1379.0
4751,mmrf_1579,train,True,True,1442.0,-21.0,1463.0
4752,mmrf_1579,train,True,True,1519.0,-21.0,1540.0
4753,mmrf_1579,train,True,True,1631.0,-21.0,1652.0
4754,mmrf_1579,train,True,True,1715.0,-21.0,1736.0
4755,mmrf_1583,train,True,True,91.0,-4.0,95.0
4756,mmrf_1583,train,True,True,189.0,-4.0,193.0
4757,mmrf_1583,train,True,True,265.0,-4.0,269.0
4758,mmrf_1583,train,True,True,353.0,-4.0,357.0
4759,mmrf_1583,train,True,True,444.0,-4.0,448.0
4760,mmrf_1583,train,True,True,534.0,-4.0,538.0
4761,mmrf_1583,train,True,True,630.0,-4.0,634.0
4762,mmrf_1583,train,True,True,728.0,-4.0,732.0
4763,mmrf_1583,train,True,True,820.0,-4.0,824.0
4764,mmrf_1583,train,True,True,911.0,-4.0,915.0
4765,mmrf_1583,train,True,True,1005.0,-4.0,1009.0
4766,mmrf_1583,train,True,True,1106.0,-4.0,1110.0
4767,mmrf_1583,train,True,True,1200.0,-4.0,1204.0
4768,mmrf_1583,train,True,True,1290.0,-4.0,1294.0
4769,mmrf_1583,train,True,True,1381.0,-4.0,1385.0
4770,mmrf_1583,train,True,True,1474.0,-4.0,1478.0
4771,mmrf_1583,train,True,True,1570.0,-4.0,1574.0
4772,mmrf_1583,train,True,True,1660.0,-4.0,1664.0
4773,mmrf_1583,train,True,True,1746.0,-4.0,1750.0
4774,mmrf_1583,train,True,True,1837.0,-4.0,1841.0
4775,mmrf_1583,train,True,True,2025.0,-4.0,2029.0
4776,mmrf_1583,train,True,True,2220.0,-4.0,2224.0
4777,mmrf_1583,train,True,True,2417.0,-4.0,2421.0
4778,mmrf_1583,train,True,True,2536.0,-4.0,2540.0
4779,mmrf_1583,train,True,True,2723.0,-4.0,2727.0
4784,mmrf_1587,train,True,True,85.0,-11.0,96.0
4785,mmrf_1587,train,True,True,186.0,-11.0,197.0
4786,mmrf_1587,train,True,True,270.0,-11.0,281.0
4787,mmrf_1587,train,True,True,368.0,-11.0,379.0
4788,mmrf_1587,train,True,True,449.0,-11.0,460.0
4789,mmrf_1587,train,True,True,564.0,-11.0,575.0
4790,mmrf_1588,train,True,True,112.0,-77.0,189.0
4791,mmrf_1588,train,True,True,205.0,-77.0,282.0
4792,mmrf_1588,train,True,True,288.0,-77.0,365.0
4793,mmrf_1588,train,True,True,477.0,-77.0,554.0
4794,mmrf_1588,train,True,True,567.0,-77.0,644.0
4795,mmrf_1588,train,True,True,647.0,-77.0,724.0
4796,mmrf_1588,train,True,True,721.0,-77.0,798.0
4797,mmrf_1588,train,True,True,812.0,-77.0,889.0
4798,mmrf_1588,train,True,True,931.0,-77.0,1008.0
4799,mmrf_1588,train,True,True,1067.0,-77.0,1144.0
4800,mmrf_1588,train,True,True,1157.0,-77.0,1234.0
4801,mmrf_1588,train,True,True,1345.0,-77.0,1422.0
4802,mmrf_1589,val,True,True,78.0,-15.0,93.0
4803,mmrf_1589,val,True,True,152.0,-15.0,167.0
4804,mmrf_1589,val,True,True,250.0,-15.0,265.0
4805,mmrf_1589,val,True,True,329.0,-15.0,344.0
4806,mmrf_1589,val,True,True,422.0,-15.0,437.0
4807,mmrf_1589,val,True,True,518.0,-15.0,533.0
4808,mmrf_1589,val,True,True,616.0,-15.0,631.0
4809,mmrf_1589,val,True,True,686.0,-15.0,701.0
4810,mmrf_1589,val,True,True,798.0,-15.0,813.0
4811,mmrf_1589,val,True,True,861.0,-15.0,876.0
4812,mmrf_1589,val,True,True,980.0,-15.0,995.0
4813,mmrf_1589,val,True,True,1092.0,-15.0,1107.0
4814,mmrf_1589,val,True,True,1155.0,-15.0,1170.0
4815,mmrf_1589,val,True,True,1267.0,-15.0,1282.0
4816,mmrf_1589,val,True,True,1358.0,-15.0,1373.0
4817,mmrf_1589,val,True,True,1449.0,-15.0,1464.0
4818,mmrf_1589,val,True,True,1540.0,-15.0,1555.0
4819,mmrf_1589,val,True,True,1750.0,-15.0,1765.0
4820,mmrf_1589,val,True,True,1841.0,-15.0,1856.0
4821,mmrf_1589,val,False,True,1932.0,-15.0,1947.0
4822,mmrf_1589,val,True,True,2191.0,-15.0,2206.0
4823,mmrf_1589,val,True,True,2374.0,-15.0,2389.0
4824,mmrf_1589,val,False,True,2548.0,-15.0,2563.0
4825,mmrf_1589,val,True,True,2722.0,-15.0,2737.0
4826,mmrf_1593,train,True,True,95.0,-4.0,99.0
4827,mmrf_1593,train,True,True,193.0,-4.0,197.0
4828,mmrf_1593,train,True,True,277.0,-4.0,281.0
4829,mmrf_1593,train,True,True,492.0,-4.0,496.0
4830,mmrf_1593,train,True,True,604.0,-4.0,608.0
4831,mmrf_1593,train,True,True,758.0,-4.0,762.0
4832,mmrf_1593,train,True,True,940.0,-4.0,944.0
4833,mmrf_1593,train,True,True,1122.0,-4.0,1126.0
4834,mmrf_1593,train,True,True,1213.0,-4.0,1217.0
4835,mmrf_1593,train,True,True,1304.0,-4.0,1308.0
4836,mmrf_1593,train,True,True,1395.0,-4.0,1399.0
4837,mmrf_1593,train,True,True,1583.0,-4.0,1587.0
4838,mmrf_1593,train,True,True,1674.0,-4.0,1678.0
4839,mmrf_1593,train,True,True,1772.0,-4.0,1776.0
4840,mmrf_1593,train,True,True,1863.0,-4.0,1867.0
4841,mmrf_1593,train,True,True,1961.0,-4.0,1965.0
4842,mmrf_1593,train,True,True,2150.0,-4.0,2154.0
4843,mmrf_1593,train,True,True,2255.0,-4.0,2259.0
4844,mmrf_1593,train,True,True,2388.0,-4.0,2392.0
4845,mmrf_1593,train,True,True,2570.0,-4.0,2574.0
4846,mmrf_1593,train,True,True,2752.0,-4.0,2756.0
4847,mmrf_1595,train,True,True,85.0,-14.0,99.0
4848,mmrf_1595,train,True,True,257.0,-14.0,271.0
4849,mmrf_1595,train,True,True,442.0,-14.0,456.0
4850,mmrf_1595,train,True,True,623.0,-14.0,637.0
4851,mmrf_1596,test,True,True,88.0,-4.0,92.0
4852,mmrf_1596,test,True,True,186.0,-4.0,190.0
4853,mmrf_1596,test,True,True,279.0,-4.0,283.0
4854,mmrf_1597,train,True,True,106.0,0.0,106.0
4855,mmrf_1597,train,True,True,169.0,0.0,169.0
4856,mmrf_1597,train,True,True,281.0,0.0,281.0
4857,mmrf_1597,train,True,True,336.0,0.0,336.0
4858,mmrf_1597,train,True,True,440.0,0.0,440.0
4859,mmrf_1597,train,True,True,552.0,0.0,552.0
4860,mmrf_1597,train,True,True,615.0,0.0,615.0
4861,mmrf_1597,train,True,True,729.0,0.0,729.0
4862,mmrf_1597,train,True,True,812.0,0.0,812.0
4863,mmrf_1597,train,True,True,894.0,0.0,894.0
4864,mmrf_1597,train,True,True,985.0,0.0,985.0
4865,mmrf_1597,train,True,True,1092.0,0.0,1092.0
4866,mmrf_1597,train,True,True,1204.0,0.0,1204.0
4867,mmrf_1597,train,True,True,1260.0,0.0,1260.0
4881,mmrf_1603,train,True,True,270.0,0.0,270.0
4882,mmrf_1603,train,True,True,371.0,0.0,371.0
4883,mmrf_1603,train,True,True,630.0,0.0,630.0
4884,mmrf_1603,train,True,True,714.0,0.0,714.0
4885,mmrf_1603,train,True,True,802.0,0.0,802.0
4886,mmrf_1603,train,True,True,918.0,0.0,918.0
4887,mmrf_1603,train,True,True,1001.0,0.0,1001.0
4888,mmrf_1603,train,True,True,1181.0,0.0,1181.0
4889,mmrf_1603,train,True,True,1264.0,0.0,1264.0
4890,mmrf_1603,train,True,True,1376.0,0.0,1376.0
4891,mmrf_1603,train,True,True,1460.0,0.0,1460.0
4892,mmrf_1603,train,True,True,1572.0,0.0,1572.0
4893,mmrf_1603,train,True,True,1663.0,0.0,1663.0
4894,mmrf_1603,train,True,True,1719.0,0.0,1719.0
4895,mmrf_1603,train,True,True,1803.0,0.0,1803.0
4896,mmrf_1605,val,True,True,89.0,-3.0,92.0
4897,mmrf_1605,val,True,True,279.0,-3.0,282.0
4898,mmrf_1605,val,True,True,362.0,-3.0,365.0
4899,mmrf_1605,val,True,True,439.0,-3.0,442.0
4900,mmrf_1605,val,True,True,538.0,-3.0,541.0
4901,mmrf_1605,val,True,True,656.0,-3.0,659.0
4902,mmrf_1605,val,True,True,726.0,-3.0,729.0
4903,mmrf_1605,val,True,True,782.0,-3.0,785.0
4904,mmrf_1605,val,True,True,902.0,-3.0,905.0
4905,mmrf_1605,val,True,True,985.0,-3.0,988.0
4906,mmrf_1605,val,True,True,1090.0,-3.0,1093.0
4907,mmrf_1605,val,True,True,1175.0,-3.0,1178.0
4908,mmrf_1605,val,True,True,1261.0,-3.0,1264.0
4969,mmrf_1613,train,True,True,85.0,-7.0,92.0
4970,mmrf_1613,train,True,True,176.0,-7.0,183.0
4971,mmrf_1613,train,True,True,261.0,-7.0,268.0
4972,mmrf_1613,train,True,True,428.0,-7.0,435.0
4973,mmrf_1613,train,True,True,520.0,-7.0,527.0
4974,mmrf_1613,train,True,True,604.0,-7.0,611.0
4975,mmrf_1613,train,True,True,695.0,-7.0,702.0
4976,mmrf_1613,train,True,True,799.0,-7.0,806.0
4977,mmrf_1613,train,True,True,877.0,-7.0,884.0
4978,mmrf_1613,train,True,True,954.0,-7.0,961.0
4979,mmrf_1613,train,True,True,1052.0,-7.0,1059.0
4980,mmrf_1613,train,True,True,1135.0,-7.0,1142.0
4981,mmrf_1614,test,True,True,84.0,-5.0,89.0
4982,mmrf_1614,test,True,True,176.0,-5.0,181.0
4983,mmrf_1614,test,True,True,252.0,-5.0,257.0
4984,mmrf_1614,test,True,True,373.0,-5.0,378.0
4985,mmrf_1614,test,True,True,457.0,-5.0,462.0
4986,mmrf_1614,test,True,True,518.0,-5.0,523.0
4987,mmrf_1614,test,True,True,623.0,-5.0,628.0
4988,mmrf_1614,test,True,True,707.0,-5.0,712.0
4989,mmrf_1614,test,True,True,799.0,-5.0,804.0
4990,mmrf_1614,test,True,True,891.0,-5.0,896.0
4991,mmrf_1617,val,True,True,87.0,-5.0,92.0
4992,mmrf_1617,val,True,True,174.0,-5.0,179.0
4993,mmrf_1617,val,True,True,265.0,-5.0,270.0
4994,mmrf_1617,val,True,True,373.0,-5.0,378.0
4995,mmrf_1617,val,True,True,441.0,-5.0,446.0
4996,mmrf_1617,val,True,True,555.0,-5.0,560.0
4997,mmrf_1617,val,True,True,639.0,-5.0,644.0
4998,mmrf_1617,val,True,True,723.0,-5.0,728.0
4999,mmrf_1617,val,True,True,835.0,-5.0,840.0
5000,mmrf_1617,val,True,True,891.0,-5.0,896.0
5001,mmrf_1617,val,True,True,1003.0,-5.0,1008.0
5002,mmrf_1617,val,True,True,1059.0,-5.0,1064.0
5003,mmrf_1617,val,True,True,1162.0,-5.0,1167.0
5004,mmrf_1617,val,True,True,1360.0,-5.0,1365.0
5005,mmrf_1617,val,True,True,1444.0,-5.0,1449.0
5006,mmrf_1617,val,True,True,1528.0,-5.0,1533.0
5007,mmrf_1617,val,True,True,1616.0,-5.0,1621.0
5008,mmrf_1617,val,True,True,1700.0,-5.0,1705.0
5009,mmrf_1617,val,True,True,1791.0,-5.0,1796.0
5010,mmrf_1617,val,True,True,1994.0,-5.0,1999.0
5011,mmrf_1617,val,True,True,2187.0,-5.0,2192.0
5012,mmrf_1617,val,True,True,2386.0,-5.0,2391.0
5013,mmrf_1617,val,True,True,2554.0,-5.0,2559.0
5014,mmrf_1617,val,True,True,2736.0,-5.0,2741.0
5015,mmrf_1618,val,True,True,93.0,-17.0,110.0
5016,mmrf_1618,val,True,True,135.0,-17.0,152.0
5017,mmrf_1618,val,True,True,205.0,-17.0,222.0
5018,mmrf_1618,val,True,True,328.0,-17.0,345.0
5019,mmrf_1618,val,True,True,394.0,-17.0,411.0
5020,mmrf_1618,val,True,True,574.0,-17.0,591.0
5021,mmrf_1618,val,True,True,756.0,-17.0,773.0
5022,mmrf_1618,val,True,True,938.0,-17.0,955.0
5023,mmrf_1618,val,True,True,1127.0,-17.0,1144.0
5024,mmrf_1618,val,True,True,1309.0,-17.0,1326.0
5025,mmrf_1618,val,True,True,1491.0,-17.0,1508.0
5026,mmrf_1618,val,True,True,1582.0,-17.0,1599.0
5027,mmrf_1618,val,True,True,1659.0,-17.0,1676.0
5028,mmrf_1618,val,True,True,1771.0,-17.0,1788.0
5029,mmrf_1618,val,True,True,1953.0,-17.0,1970.0
5030,mmrf_1618,val,True,True,2142.0,-17.0,2159.0
5031,mmrf_1618,val,True,True,2226.0,-17.0,2243.0
5032,mmrf_1618,val,True,True,2394.0,-17.0,2411.0
5033,mmrf_1618,val,True,True,2597.0,-17.0,2614.0
5034,mmrf_1621,train,True,True,29.0,-12.0,41.0
5035,mmrf_1621,train,True,True,113.0,-12.0,125.0
5036,mmrf_1621,train,True,True,211.0,-12.0,223.0
5037,mmrf_1621,train,True,True,309.0,-12.0,321.0
5038,mmrf_1621,train,True,True,365.0,-12.0,377.0
5039,mmrf_1621,train,False,True,484.0,-12.0,496.0
5040,mmrf_1621,train,False,True,563.0,-12.0,575.0
5041,mmrf_1621,train,False,True,673.0,-12.0,685.0
5042,mmrf_1621,train,False,True,764.0,-12.0,776.0
5043,mmrf_1621,train,False,True,848.0,-12.0,860.0
5044,mmrf_1621,train,False,True,932.0,-12.0,944.0
5045,mmrf_1621,train,False,True,1044.0,-12.0,1056.0
5046,mmrf_1621,train,False,True,1100.0,-12.0,1112.0
5047,mmrf_1621,train,False,True,1212.0,-12.0,1224.0
5048,mmrf_1621,train,False,True,1324.0,-12.0,1336.0
5049,mmrf_1621,train,False,True,1407.0,-12.0,1419.0
5050,mmrf_1621,train,False,True,1499.0,-12.0,1511.0
5051,mmrf_1621,train,False,True,1590.0,-12.0,1602.0
5052,mmrf_1621,train,False,True,1674.0,-12.0,1686.0
5053,mmrf_1621,train,False,True,1765.0,-12.0,1777.0
5054,mmrf_1621,train,False,True,1940.0,-12.0,1952.0
5055,mmrf_1621,train,False,True,2136.0,-12.0,2148.0
5056,mmrf_1621,train,False,True,2304.0,-12.0,2316.0
5057,mmrf_1621,train,False,True,2500.0,-12.0,2512.0
5078,mmrf_1624,train,True,True,62.0,-9.0,71.0
5079,mmrf_1624,train,True,True,142.0,-9.0,151.0
5080,mmrf_1624,train,True,True,279.0,-9.0,288.0
5081,mmrf_1624,train,True,True,574.0,-9.0,583.0
5082,mmrf_1624,train,True,True,721.0,-9.0,730.0
5083,mmrf_1624,train,True,True,784.0,-9.0,793.0
5084,mmrf_1624,train,True,True,873.0,-9.0,882.0
5085,mmrf_1624,train,True,True,938.0,-9.0,947.0
5086,mmrf_1624,train,True,True,1029.0,-9.0,1038.0
5087,mmrf_1624,train,True,True,1127.0,-9.0,1136.0
5088,mmrf_1624,train,True,True,1239.0,-9.0,1248.0
5089,mmrf_1624,train,True,True,1302.0,-9.0,1311.0
5090,mmrf_1624,train,True,True,1440.0,-9.0,1449.0
5091,mmrf_1624,train,True,True,1540.0,-9.0,1549.0
5092,mmrf_1624,train,True,True,1584.0,-9.0,1593.0
5093,mmrf_1624,train,True,True,1720.0,-9.0,1729.0
5094,mmrf_1624,train,True,True,1770.0,-9.0,1779.0
5095,mmrf_1624,train,True,True,1846.0,-9.0,1855.0
5096,mmrf_1625,train,True,True,83.0,-1.0,84.0
5097,mmrf_1625,train,True,True,173.0,-1.0,174.0
5098,mmrf_1627,train,True,True,97.0,-1.0,98.0
5099,mmrf_1627,train,True,True,197.0,-1.0,198.0
5100,mmrf_1627,train,True,True,251.0,-1.0,252.0
5101,mmrf_1627,train,True,True,342.0,-1.0,343.0
5102,mmrf_1627,train,True,True,489.0,-1.0,490.0
5103,mmrf_1627,train,True,True,581.0,-1.0,582.0
5104,mmrf_1627,train,True,True,609.0,-1.0,610.0
5105,mmrf_1627,train,True,True,707.0,636.0,71.0
5106,mmrf_1627,train,True,True,826.0,636.0,190.0
5107,mmrf_1627,train,True,True,1080.0,636.0,444.0
5108,mmrf_1627,train,True,True,1164.0,636.0,528.0
5109,mmrf_1627,train,True,True,1262.0,636.0,626.0
5110,mmrf_1627,train,True,True,1356.0,636.0,720.0
5111,mmrf_1627,train,True,True,1472.0,636.0,836.0
5112,mmrf_1627,train,True,True,1526.0,636.0,890.0
5159,mmrf_1630,test,True,True,84.0,-5.0,89.0
5160,mmrf_1630,test,True,True,171.0,-5.0,176.0
5161,mmrf_1630,test,True,True,280.0,-5.0,285.0
5162,mmrf_1630,test,False,True,371.0,-5.0,376.0
5163,mmrf_1630,test,False,True,455.0,-5.0,460.0
5164,mmrf_1630,test,False,True,539.0,-5.0,544.0
5165,mmrf_1630,test,False,True,623.0,-5.0,628.0
5166,mmrf_1630,test,False,True,714.0,-5.0,719.0
5167,mmrf_1630,test,False,True,812.0,-5.0,817.0
5168,mmrf_1630,test,False,True,896.0,-5.0,901.0
5169,mmrf_1630,test,False,True,987.0,-5.0,992.0
5170,mmrf_1630,test,False,True,1099.0,-5.0,1104.0
5171,mmrf_1630,test,False,True,1211.0,-5.0,1216.0
5172,mmrf_1630,test,False,True,1267.0,-5.0,1272.0
5173,mmrf_1630,test,False,True,1379.0,-5.0,1384.0
5174,mmrf_1630,test,False,True,1463.0,-5.0,1468.0
5175,mmrf_1630,test,False,True,1519.0,-5.0,1524.0
5176,mmrf_1630,test,False,True,1603.0,-5.0,1608.0
5177,mmrf_1630,test,False,True,1687.0,-5.0,1692.0
5178,mmrf_1630,test,False,True,1771.0,-5.0,1776.0
5179,mmrf_1630,test,False,True,2023.0,-5.0,2028.0
5180,mmrf_1630,test,False,True,2221.0,-5.0,2226.0
5181,mmrf_1630,test,False,True,2373.0,-5.0,2378.0
5182,mmrf_1630,test,False,True,2555.0,-5.0,2560.0
5183,mmrf_1630,test,False,True,2736.0,-5.0,2741.0
5184,mmrf_1633,train,True,True,98.0,-2.0,100.0
5185,mmrf_1637,train,True,True,95.0,-11.0,106.0
5186,mmrf_1637,train,True,True,186.0,-11.0,197.0
5187,mmrf_1637,train,True,True,201.0,-11.0,212.0
5188,mmrf_1637,train,True,True,257.0,-11.0,268.0
5189,mmrf_1637,train,True,True,362.0,-11.0,373.0
5190,mmrf_1637,train,True,True,437.0,-11.0,448.0
5191,mmrf_1637,train,True,True,488.0,-11.0,499.0
5192,mmrf_1637,train,True,True,565.0,-11.0,576.0
5193,mmrf_1637,train,True,True,621.0,-11.0,632.0
5194,mmrf_1637,train,True,True,719.0,-11.0,730.0
5195,mmrf_1637,train,True,True,782.0,-11.0,793.0
5196,mmrf_1637,train,True,True,901.0,-11.0,912.0
5197,mmrf_1637,train,True,True,964.0,-11.0,975.0
5198,mmrf_1637,train,True,True,1034.0,-11.0,1045.0
5199,mmrf_1637,train,True,True,1086.0,-11.0,1097.0
5200,mmrf_1637,train,True,True,1167.0,-11.0,1178.0
5201,mmrf_1637,train,True,True,1272.0,-11.0,1283.0
5202,mmrf_1637,train,True,True,1335.0,-11.0,1346.0
5203,mmrf_1637,train,True,True,1433.0,-11.0,1444.0
5204,mmrf_1637,train,True,True,1510.0,-11.0,1521.0
5205,mmrf_1637,train,True,True,1593.0,-11.0,1604.0
5206,mmrf_1637,train,True,True,1691.0,-11.0,1702.0
5207,mmrf_1637,train,True,True,1793.0,-11.0,1804.0
5208,mmrf_1637,train,True,True,2062.0,-11.0,2073.0
5209,mmrf_1637,train,True,True,2188.0,-11.0,2199.0
5210,mmrf_1637,train,True,True,2531.0,-11.0,2542.0
5211,mmrf_1637,train,False,True,2713.0,-11.0,2724.0
5218,mmrf_1639,val,True,True,84.0,0.0,84.0
5219,mmrf_1639,val,True,True,168.0,0.0,168.0
5220,mmrf_1639,val,True,True,258.0,0.0,258.0
5221,mmrf_1639,val,True,True,531.0,0.0,531.0
5222,mmrf_1640,train,True,True,107.0,0.0,107.0
5223,mmrf_1640,train,True,True,199.0,0.0,199.0
5224,mmrf_1640,train,True,True,276.0,0.0,276.0
5225,mmrf_1640,train,True,True,337.0,0.0,337.0
5226,mmrf_1640,train,True,True,451.0,0.0,451.0
5227,mmrf_1640,train,True,True,542.0,0.0,542.0
5228,mmrf_1640,train,True,True,633.0,0.0,633.0
5229,mmrf_1640,train,True,True,730.0,0.0,730.0
5230,mmrf_1640,train,False,True,821.0,0.0,821.0
5231,mmrf_1640,train,False,True,918.0,0.0,918.0
5232,mmrf_1640,train,False,True,1037.0,0.0,1037.0
5233,mmrf_1640,train,False,True,1128.0,0.0,1128.0
5234,mmrf_1640,train,False,True,1219.0,0.0,1219.0
5235,mmrf_1640,train,False,True,1310.0,0.0,1310.0
5236,mmrf_1640,train,False,True,1394.0,0.0,1394.0
5237,mmrf_1640,train,False,True,1485.0,0.0,1485.0
5238,mmrf_1640,train,False,True,1576.0,0.0,1576.0
5239,mmrf_1640,train,False,True,1667.0,0.0,1667.0
5240,mmrf_1640,train,False,True,1730.0,0.0,1730.0
5241,mmrf_1640,train,False,True,1821.0,0.0,1821.0
5242,mmrf_1640,train,True,True,2003.0,0.0,2003.0
5243,mmrf_1640,train,True,True,2256.0,0.0,2256.0
5244,mmrf_1640,train,True,True,2395.0,0.0,2395.0
5245,mmrf_1640,train,False,True,2585.0,0.0,2585.0
5246,mmrf_1640,train,True,True,2767.0,0.0,2767.0
5247,mmrf_1641,train,True,True,90.0,-3.0,93.0
5248,mmrf_1641,train,True,True,189.0,-3.0,192.0
5249,mmrf_1641,train,True,True,267.0,-3.0,270.0
5250,mmrf_1641,train,True,True,351.0,-3.0,354.0
5251,mmrf_1643,train,True,True,106.0,-20.0,126.0
5252,mmrf_1643,train,True,True,162.0,-20.0,182.0
5253,mmrf_1643,train,True,True,311.0,-20.0,331.0
5254,mmrf_1643,train,True,True,421.0,-20.0,441.0
5255,mmrf_1643,train,True,True,536.0,-20.0,556.0
5256,mmrf_1643,train,True,True,625.0,-20.0,645.0
5257,mmrf_1643,train,True,True,717.0,-20.0,737.0
5258,mmrf_1643,train,True,True,886.0,-20.0,906.0
5259,mmrf_1645,test,True,True,98.0,-2.0,100.0
5260,mmrf_1645,test,True,True,175.0,-2.0,177.0
5261,mmrf_1645,test,True,True,293.0,-2.0,295.0
5262,mmrf_1645,test,True,True,370.0,-2.0,372.0
5263,mmrf_1645,test,True,True,540.0,-2.0,542.0
5264,mmrf_1645,test,True,True,624.0,-2.0,626.0
5265,mmrf_1645,test,True,True,734.0,-2.0,736.0
5266,mmrf_1645,test,True,True,873.0,-2.0,875.0
5267,mmrf_1645,test,True,True,1030.0,-2.0,1032.0
5268,mmrf_1645,test,True,True,1093.0,-2.0,1095.0
5269,mmrf_1645,test,True,True,1156.0,-2.0,1158.0
5270,mmrf_1645,test,True,True,1267.0,-2.0,1269.0
5271,mmrf_1645,test,True,True,1330.0,-2.0,1332.0
5272,mmrf_1645,test,True,True,1456.0,-2.0,1458.0
5273,mmrf_1645,test,True,True,1519.0,-2.0,1521.0
5274,mmrf_1645,test,True,True,1639.0,-2.0,1641.0
5275,mmrf_1645,test,True,True,1730.0,-2.0,1732.0
5276,mmrf_1645,test,True,True,1821.0,-2.0,1823.0
5277,mmrf_1645,test,True,True,2015.0,-2.0,2017.0
5278,mmrf_1645,test,True,True,2183.0,-2.0,2185.0
5279,mmrf_1645,test,True,True,2364.0,-2.0,2366.0
5280,mmrf_1645,test,True,True,2581.0,-2.0,2583.0
5281,mmrf_1645,test,True,True,2700.0,-2.0,2702.0
5292,mmrf_1650,val,True,True,743.0,645.0,98.0
5293,mmrf_1650,val,True,True,771.0,645.0,126.0
5294,mmrf_1650,val,True,True,866.0,645.0,221.0
5295,mmrf_1651,train,True,True,71.0,-6.0,77.0
5296,mmrf_1651,train,True,True,176.0,-6.0,182.0
5297,mmrf_1651,train,True,True,274.0,-6.0,280.0
5298,mmrf_1651,train,True,True,358.0,-6.0,364.0
5299,mmrf_1652,train,True,True,64.0,-13.0,77.0
5300,mmrf_1652,train,True,True,159.0,-13.0,172.0
5301,mmrf_1652,train,True,True,260.0,-13.0,273.0
5302,mmrf_1652,train,False,True,356.0,-13.0,369.0
5303,mmrf_1652,train,True,True,449.0,-13.0,462.0
5304,mmrf_1652,train,False,True,533.0,-13.0,546.0
5305,mmrf_1652,train,False,True,617.0,-13.0,630.0
5306,mmrf_1652,train,False,True,706.0,-13.0,719.0
5307,mmrf_1652,train,False,True,790.0,-13.0,803.0
5308,mmrf_1652,train,False,True,902.0,-13.0,915.0
5309,mmrf_1652,train,False,True,993.0,-13.0,1006.0
5310,mmrf_1652,train,False,True,1091.0,-13.0,1104.0
5311,mmrf_1652,train,False,True,1147.0,-13.0,1160.0
5312,mmrf_1652,train,False,True,1259.0,-13.0,1272.0
5313,mmrf_1652,train,False,True,1315.0,-13.0,1328.0
5314,mmrf_1652,train,False,True,1434.0,-13.0,1447.0
5315,mmrf_1652,train,False,True,1518.0,-13.0,1531.0
5316,mmrf_1652,train,False,True,1609.0,-13.0,1622.0
5317,mmrf_1652,train,False,True,1672.0,-13.0,1685.0
5318,mmrf_1652,train,False,True,1811.0,-13.0,1824.0
5319,mmrf_1652,train,False,True,2015.0,-13.0,2028.0
5320,mmrf_1652,train,False,True,2190.0,-13.0,2203.0
5321,mmrf_1652,train,False,True,2379.0,-13.0,2392.0
5322,mmrf_1652,train,False,True,2554.0,-13.0,2567.0
5323,mmrf_1652,train,False,True,2736.0,-13.0,2749.0
5324,mmrf_1655,test,True,True,81.0,-8.0,89.0
5325,mmrf_1655,test,True,True,164.0,-8.0,172.0
5326,mmrf_1655,test,True,True,336.0,-8.0,344.0
5327,mmrf_1655,test,True,True,429.0,-8.0,437.0
5328,mmrf_1655,test,True,True,513.0,-8.0,521.0
5329,mmrf_1655,test,True,True,766.0,-8.0,774.0
5330,mmrf_1655,test,True,True,849.0,-8.0,857.0
5331,mmrf_1655,test,True,True,946.0,-8.0,954.0
5332,mmrf_1655,test,True,True,1031.0,-8.0,1039.0
5333,mmrf_1655,test,True,True,1115.0,-8.0,1123.0
5334,mmrf_1655,test,True,True,1199.0,-8.0,1207.0
5335,mmrf_1655,test,True,True,1281.0,-8.0,1289.0
5336,mmrf_1655,test,True,True,1389.0,-8.0,1397.0
5337,mmrf_1655,test,True,True,1535.0,-8.0,1543.0
5338,mmrf_1655,test,True,True,1618.0,-8.0,1626.0
5339,mmrf_1655,test,True,True,1703.0,-8.0,1711.0
5340,mmrf_1655,test,True,True,1787.0,-8.0,1795.0
5341,mmrf_1655,test,True,True,1971.0,-8.0,1979.0
5342,mmrf_1655,test,True,True,2163.0,-8.0,2171.0
5343,mmrf_1655,test,True,True,2362.0,-8.0,2370.0
5344,mmrf_1656,val,True,True,64.0,-18.0,82.0
5345,mmrf_1656,val,True,True,161.0,-18.0,179.0
5346,mmrf_1656,val,True,True,257.0,-18.0,275.0
5347,mmrf_1656,val,True,True,302.0,-18.0,320.0
5348,mmrf_1656,val,True,True,433.0,-18.0,451.0
5349,mmrf_1659,train,True,True,98.0,0.0,98.0
5350,mmrf_1659,train,True,True,178.0,0.0,178.0
5351,mmrf_1659,train,True,True,281.0,0.0,281.0
5352,mmrf_1659,train,True,True,288.0,0.0,288.0
5353,mmrf_1659,train,True,True,357.0,0.0,357.0
5354,mmrf_1659,train,True,True,438.0,0.0,438.0
5355,mmrf_1659,train,True,True,548.0,0.0,548.0
5356,mmrf_1659,train,True,True,638.0,623.0,15.0
5357,mmrf_1659,train,True,True,679.0,623.0,56.0
5358,mmrf_1659,train,True,True,721.0,623.0,98.0
5359,mmrf_1659,train,True,True,815.0,623.0,192.0
5360,mmrf_1659,train,True,True,893.0,623.0,270.0
5361,mmrf_1659,train,True,True,1001.0,623.0,378.0
5362,mmrf_1659,train,True,True,1169.0,623.0,546.0
5363,mmrf_1659,train,True,True,1282.0,623.0,659.0
5364,mmrf_1659,train,True,True,1373.0,623.0,750.0
5392,mmrf_1664,test,True,True,101.0,0.0,101.0
5393,mmrf_1664,test,True,True,283.0,0.0,283.0
5394,mmrf_1664,test,False,True,387.0,0.0,387.0
5395,mmrf_1664,test,False,True,458.0,0.0,458.0
5396,mmrf_1664,test,False,True,549.0,0.0,549.0
5397,mmrf_1664,test,False,True,648.0,0.0,648.0
5398,mmrf_1664,test,False,True,717.0,0.0,717.0
5399,mmrf_1664,test,False,True,934.0,0.0,934.0
5400,mmrf_1664,test,False,True,1019.0,0.0,1019.0
5401,mmrf_1664,test,False,True,1104.0,0.0,1104.0
5402,mmrf_1664,test,False,True,1194.0,0.0,1194.0
5403,mmrf_1664,test,False,True,1250.0,0.0,1250.0
5404,mmrf_1664,test,False,True,1347.0,0.0,1347.0
5405,mmrf_1664,test,False,True,1445.0,0.0,1445.0
5406,mmrf_1664,test,True,True,1536.0,0.0,1536.0
5407,mmrf_1664,test,True,True,1634.0,0.0,1634.0
5408,mmrf_1664,test,True,True,1739.0,0.0,1739.0
5409,mmrf_1664,test,True,True,1851.0,0.0,1851.0
5410,mmrf_1665,test,True,True,121.0,0.0,121.0
5411,mmrf_1665,test,True,True,204.0,0.0,204.0
5412,mmrf_1665,test,True,True,295.0,0.0,295.0
5413,mmrf_1665,test,True,True,352.0,0.0,352.0
5414,mmrf_1665,test,True,True,443.0,0.0,443.0
5415,mmrf_1665,test,True,True,551.0,0.0,551.0
5416,mmrf_1665,test,True,True,649.0,0.0,649.0
5417,mmrf_1665,test,True,True,831.0,0.0,831.0
5418,mmrf_1665,test,True,True,936.0,0.0,936.0
5419,mmrf_1665,test,True,True,995.0,0.0,995.0
5420,mmrf_1665,test,True,True,1065.0,0.0,1065.0
5421,mmrf_1665,test,True,True,1156.0,0.0,1156.0
5422,mmrf_1665,test,True,True,1219.0,0.0,1219.0
5423,mmrf_1665,test,True,True,1352.0,0.0,1352.0
5424,mmrf_1665,test,True,True,1447.0,0.0,1447.0
5425,mmrf_1665,test,True,True,1499.0,0.0,1499.0
5426,mmrf_1665,test,True,True,1620.0,0.0,1620.0
5427,mmrf_1665,test,True,True,1695.0,0.0,1695.0
5452,mmrf_1668,train,True,True,77.0,0.0,77.0
5453,mmrf_1668,train,True,True,170.0,0.0,170.0
5472,mmrf_1671,train,True,True,70.0,-18.0,88.0
5473,mmrf_1671,train,True,True,156.0,-18.0,174.0
5474,mmrf_1671,train,True,True,239.0,-18.0,257.0
5475,mmrf_1671,train,True,True,323.0,-18.0,341.0
5476,mmrf_1671,train,True,True,407.0,-18.0,425.0
5477,mmrf_1671,train,True,True,505.0,-18.0,523.0
5478,mmrf_1671,train,True,True,590.0,-18.0,608.0
5479,mmrf_1671,train,True,True,701.0,-18.0,719.0
5480,mmrf_1671,train,True,True,792.0,-18.0,810.0
5481,mmrf_1671,train,True,True,865.0,848.0,17.0
5482,mmrf_1671,train,True,True,960.0,848.0,112.0
5483,mmrf_1671,train,True,True,1044.0,848.0,196.0
5484,mmrf_1671,train,True,True,1129.0,848.0,281.0
5485,mmrf_1671,train,True,True,1240.0,848.0,392.0
5486,mmrf_1671,train,True,True,1332.0,848.0,484.0
5487,mmrf_1671,train,True,True,1408.0,848.0,560.0
5488,mmrf_1671,train,True,True,1520.0,848.0,672.0
5489,mmrf_1671,train,True,True,1608.0,848.0,760.0
5490,mmrf_1671,train,True,True,1671.0,848.0,823.0
5491,mmrf_1671,train,True,True,1769.0,848.0,921.0
5492,mmrf_1671,train,True,True,1832.0,848.0,984.0
5493,mmrf_1671,train,True,True,1957.0,848.0,1109.0
5494,mmrf_1671,train,True,True,2154.0,848.0,1306.0
5495,mmrf_1671,train,True,True,2221.0,848.0,1373.0
5496,mmrf_1672,train,True,True,71.0,-28.0,99.0
5497,mmrf_1672,train,True,True,154.0,-28.0,182.0
5498,mmrf_1672,train,True,True,257.0,-28.0,285.0
5499,mmrf_1672,train,True,True,348.0,-28.0,376.0
5500,mmrf_1672,train,True,True,541.0,-28.0,569.0
5501,mmrf_1672,train,True,True,716.0,-28.0,744.0
5502,mmrf_1672,train,True,True,919.0,-28.0,947.0
5503,mmrf_1672,train,True,True,1010.0,-28.0,1038.0
5504,mmrf_1672,train,True,True,1101.0,-28.0,1129.0
5505,mmrf_1672,train,True,True,1195.0,-28.0,1223.0
5506,mmrf_1672,train,True,True,1283.0,-28.0,1311.0
5507,mmrf_1672,train,True,True,1381.0,-28.0,1409.0
5508,mmrf_1672,train,True,True,1479.0,-28.0,1507.0
5509,mmrf_1672,train,True,True,1580.0,-28.0,1608.0
5510,mmrf_1672,train,True,True,1675.0,-28.0,1703.0
5511,mmrf_1672,train,True,True,1769.0,-28.0,1797.0
5512,mmrf_1672,train,True,True,1979.0,-28.0,2007.0
5513,mmrf_1672,train,True,True,2179.0,-28.0,2207.0
5514,mmrf_1672,train,True,True,2310.0,-28.0,2338.0
5515,mmrf_1672,train,True,True,2472.0,-28.0,2500.0
5516,mmrf_1672,train,True,True,2711.0,-28.0,2739.0
5568,mmrf_1677,train,True,True,69.0,-27.0,96.0
5569,mmrf_1677,train,True,True,142.0,-27.0,169.0
5570,mmrf_1677,train,True,True,182.0,-27.0,209.0
5571,mmrf_1677,train,True,True,273.0,-27.0,300.0
5572,mmrf_1677,train,True,True,393.0,-27.0,420.0
5573,mmrf_1677,train,True,True,476.0,-27.0,503.0
5574,mmrf_1677,train,True,True,574.0,-27.0,601.0
5575,mmrf_1677,train,True,True,637.0,-27.0,664.0
5576,mmrf_1677,train,True,True,756.0,-27.0,783.0
5577,mmrf_1677,train,True,True,932.0,-27.0,959.0
5578,mmrf_1677,train,True,True,1135.0,-27.0,1162.0
5579,mmrf_1677,train,True,True,1296.0,-27.0,1323.0
5580,mmrf_1677,train,True,True,1410.0,-27.0,1437.0
5581,mmrf_1677,train,True,True,1546.0,-27.0,1573.0
5582,mmrf_1677,train,True,True,1660.0,-27.0,1687.0
5583,mmrf_1677,train,True,True,1774.0,-27.0,1801.0
5594,mmrf_1682,val,True,True,85.0,-1.0,86.0
5595,mmrf_1682,val,True,True,211.0,-1.0,212.0
5596,mmrf_1682,val,True,True,295.0,-1.0,296.0
5597,mmrf_1682,val,True,True,367.0,-1.0,368.0
5598,mmrf_1683,val,True,True,64.0,-35.0,99.0
5599,mmrf_1683,val,True,True,151.0,-35.0,186.0
5600,mmrf_1683,val,True,True,513.0,-35.0,548.0
5601,mmrf_1683,val,True,True,652.0,-35.0,687.0
5602,mmrf_1683,val,False,True,835.0,-35.0,870.0
5603,mmrf_1683,val,False,True,949.0,-35.0,984.0
5604,mmrf_1683,val,False,True,1122.0,-35.0,1157.0
5605,mmrf_1683,val,True,True,1241.0,-35.0,1276.0
5606,mmrf_1683,val,True,True,1299.0,-35.0,1334.0
5607,mmrf_1683,val,True,True,1391.0,-35.0,1426.0
5608,mmrf_1683,val,True,True,1640.0,-35.0,1675.0
5609,mmrf_1683,val,True,True,1747.0,-35.0,1782.0
5610,mmrf_1683,val,True,True,1972.0,-35.0,2007.0
5611,mmrf_1686,train,True,True,78.0,-15.0,93.0
5612,mmrf_1686,train,True,True,191.0,-15.0,206.0
5613,mmrf_1686,train,True,True,281.0,273.0,8.0
5614,mmrf_1686,train,True,True,351.0,273.0,78.0
5615,mmrf_1686,train,True,True,527.0,273.0,254.0
5616,mmrf_1686,train,True,True,793.0,273.0,520.0
5617,mmrf_1686,train,True,True,856.0,273.0,583.0
5618,mmrf_1686,train,True,True,1003.0,273.0,730.0
5619,mmrf_1686,train,True,True,1108.0,273.0,835.0
5620,mmrf_1686,train,True,True,1192.0,273.0,919.0
5621,mmrf_1686,train,True,True,1388.0,273.0,1115.0
5622,mmrf_1686,train,True,True,1479.0,273.0,1206.0
5623,mmrf_1686,train,True,True,1570.0,273.0,1297.0
5624,mmrf_1686,train,True,True,1654.0,273.0,1381.0
5625,mmrf_1686,train,True,True,1836.0,273.0,1563.0
5626,mmrf_1686,train,True,True,2011.0,273.0,1738.0
5627,mmrf_1686,train,True,True,2235.0,273.0,1962.0
5654,mmrf_1690,train,True,True,86.0,-12.0,98.0
5655,mmrf_1690,train,True,True,165.0,-12.0,177.0
5656,mmrf_1690,train,False,True,254.0,-12.0,266.0
5657,mmrf_1690,train,False,True,345.0,-12.0,357.0
5658,mmrf_1690,train,False,True,457.0,-12.0,469.0
5659,mmrf_1690,train,False,True,513.0,-12.0,525.0
5660,mmrf_1690,train,False,True,625.0,-12.0,637.0
5661,mmrf_1690,train,False,True,716.0,-12.0,728.0
5662,mmrf_1690,train,False,True,800.0,-12.0,812.0
5663,mmrf_1690,train,False,True,884.0,-12.0,896.0
5664,mmrf_1690,train,False,True,996.0,-12.0,1008.0
5665,mmrf_1690,train,False,True,1087.0,-12.0,1099.0
5666,mmrf_1690,train,False,True,1150.0,-12.0,1162.0
5667,mmrf_1690,train,False,True,1206.0,-12.0,1218.0
5668,mmrf_1690,train,False,True,1346.0,-12.0,1358.0
5669,mmrf_1690,train,False,True,1479.0,-12.0,1491.0
5670,mmrf_1690,train,False,True,1535.0,-12.0,1547.0
5671,mmrf_1690,train,False,True,1591.0,-12.0,1603.0
5672,mmrf_1690,train,False,True,1668.0,-12.0,1680.0
5673,mmrf_1690,train,False,True,1842.0,-12.0,1854.0
5674,mmrf_1690,train,False,True,2025.0,-12.0,2037.0
5675,mmrf_1690,train,True,True,2213.0,-12.0,2225.0
5676,mmrf_1690,train,True,True,2382.0,-12.0,2394.0
5677,mmrf_1690,train,True,True,2529.0,-12.0,2541.0
5678,mmrf_1690,train,True,True,2704.0,-12.0,2716.0
5679,mmrf_1690,train,True,True,2706.0,-12.0,2718.0
5718,mmrf_1694,train,True,True,70.0,-25.0,95.0
5719,mmrf_1694,train,True,True,144.0,-25.0,169.0
5720,mmrf_1694,train,True,True,193.0,-25.0,218.0
5721,mmrf_1694,train,True,True,270.0,-25.0,295.0
5722,mmrf_1694,train,True,True,375.0,-25.0,400.0
5723,mmrf_1694,train,True,True,564.0,-25.0,589.0
5724,mmrf_1694,train,True,True,784.0,-25.0,809.0
5725,mmrf_1694,train,True,True,935.0,916.0,19.0
5726,mmrf_1694,train,True,True,1026.0,916.0,110.0
5727,mmrf_1694,train,True,True,1124.0,916.0,208.0
5728,mmrf_1694,train,True,True,1208.0,916.0,292.0
5729,mmrf_1694,train,True,True,1327.0,916.0,411.0
5730,mmrf_1694,train,True,True,1391.0,916.0,475.0
5731,mmrf_1694,train,True,True,1509.0,916.0,593.0
5732,mmrf_1694,train,True,True,1642.0,916.0,726.0
5733,mmrf_1694,train,True,True,1698.0,916.0,782.0
5734,mmrf_1694,train,True,True,1765.0,916.0,849.0
5735,mmrf_1694,train,True,True,1808.0,916.0,892.0
5736,mmrf_1694,train,True,True,1876.0,916.0,960.0
5737,mmrf_1695,val,True,True,48.0,-22.0,70.0
5738,mmrf_1695,val,True,True,144.0,-22.0,166.0
5739,mmrf_1695,val,True,True,237.0,-22.0,259.0
5740,mmrf_1698,train,True,True,92.0,-5.0,97.0
5741,mmrf_1698,train,True,True,186.0,-5.0,191.0
5742,mmrf_1698,train,True,True,270.0,-5.0,275.0
5743,mmrf_1698,train,True,True,375.0,-5.0,380.0
5744,mmrf_1698,train,True,True,466.0,-5.0,471.0
5745,mmrf_1698,train,True,True,536.0,-5.0,541.0
5746,mmrf_1698,train,True,True,632.0,-5.0,637.0
5747,mmrf_1698,train,True,True,694.0,-5.0,699.0
5748,mmrf_1698,train,True,True,786.0,-5.0,791.0
5749,mmrf_1700,train,True,True,89.0,-6.0,95.0
5750,mmrf_1700,train,True,True,194.0,-6.0,200.0
5751,mmrf_1700,train,True,True,279.0,-6.0,285.0
5752,mmrf_1700,train,True,True,348.0,-6.0,354.0
5753,mmrf_1700,train,True,True,446.0,-6.0,452.0
5769,mmrf_1705,test,True,True,104.0,-50.0,154.0
5770,mmrf_1705,test,True,True,197.0,-50.0,247.0
5771,mmrf_1705,test,True,True,288.0,-50.0,338.0
5772,mmrf_1705,test,True,True,386.0,-50.0,436.0
5773,mmrf_1705,test,True,True,470.0,-50.0,520.0
5774,mmrf_1705,test,True,True,552.0,-50.0,602.0
5775,mmrf_1705,test,True,True,610.0,-50.0,660.0
5776,mmrf_1705,test,True,True,716.0,-50.0,766.0
5777,mmrf_1705,test,True,True,821.0,-50.0,871.0
5778,mmrf_1705,test,True,True,947.0,-50.0,997.0
5779,mmrf_1705,test,True,True,1094.0,-50.0,1144.0
5780,mmrf_1705,test,True,True,1444.0,-50.0,1494.0
5781,mmrf_1705,test,True,True,1556.0,-50.0,1606.0
5782,mmrf_1705,test,True,True,1703.0,-50.0,1753.0
5783,mmrf_1705,test,True,True,1913.0,-50.0,1963.0
5784,mmrf_1705,test,True,True,2081.0,-50.0,2131.0
5785,mmrf_1705,test,True,True,2186.0,-50.0,2236.0
5811,mmrf_1710,train,True,True,98.0,-8.0,106.0
5812,mmrf_1710,train,True,True,174.0,-8.0,182.0
5813,mmrf_1710,train,True,True,260.0,-8.0,268.0
5814,mmrf_1710,train,True,True,405.0,-8.0,413.0
5815,mmrf_1710,train,True,True,580.0,-8.0,588.0
5836,mmrf_1713,test,True,True,84.0,-4.0,88.0
5837,mmrf_1713,test,True,True,126.0,-4.0,130.0
5838,mmrf_1713,test,True,True,281.0,-4.0,285.0
5839,mmrf_1713,test,True,True,316.0,-4.0,320.0
5840,mmrf_1713,test,True,True,448.0,-4.0,452.0
5841,mmrf_1713,test,True,True,546.0,-4.0,550.0
5842,mmrf_1713,test,True,True,630.0,-4.0,634.0
5843,mmrf_1713,test,True,True,658.0,-4.0,662.0
5844,mmrf_1713,test,True,True,770.0,-4.0,774.0
5845,mmrf_1713,test,True,True,840.0,-4.0,844.0
5846,mmrf_1713,test,True,True,1109.0,-4.0,1113.0
5847,mmrf_1713,test,True,True,1169.0,-4.0,1173.0
5848,mmrf_1713,test,True,True,1295.0,-4.0,1299.0
5849,mmrf_1713,test,True,True,1337.0,-4.0,1341.0
5850,mmrf_1713,test,True,True,1478.0,-4.0,1482.0
5851,mmrf_1713,test,True,True,1534.0,-4.0,1538.0
5852,mmrf_1713,test,True,True,1659.0,-4.0,1663.0
5853,mmrf_1713,test,True,True,1767.0,-4.0,1771.0
5854,mmrf_1713,test,True,True,1827.0,-4.0,1831.0
5855,mmrf_1714,train,True,True,94.0,-3.0,97.0
5856,mmrf_1714,train,True,True,166.0,-3.0,169.0
5857,mmrf_1714,train,True,True,297.0,-3.0,300.0
5858,mmrf_1714,train,True,True,389.0,-3.0,392.0
5859,mmrf_1714,train,True,True,478.0,-3.0,481.0
5860,mmrf_1714,train,True,True,562.0,-3.0,565.0
5861,mmrf_1714,train,True,True,667.0,-3.0,670.0
5862,mmrf_1714,train,True,True,760.0,-3.0,763.0
5863,mmrf_1714,train,True,True,849.0,-3.0,852.0
5864,mmrf_1714,train,True,True,947.0,-3.0,950.0
5865,mmrf_1714,train,True,True,1038.0,-3.0,1041.0
5866,mmrf_1714,train,True,True,1122.0,-3.0,1125.0
5867,mmrf_1714,train,True,True,1206.0,-3.0,1209.0
5868,mmrf_1714,train,True,True,1304.0,-3.0,1307.0
5869,mmrf_1714,train,True,True,1395.0,-3.0,1398.0
5870,mmrf_1714,train,True,True,1486.0,-3.0,1489.0
5871,mmrf_1714,train,True,True,1584.0,-3.0,1587.0
5872,mmrf_1714,train,True,True,1661.0,-3.0,1664.0
5873,mmrf_1714,train,True,True,1758.0,-3.0,1761.0
5874,mmrf_1714,train,True,True,1884.0,-3.0,1887.0
5875,mmrf_1714,train,True,True,1997.0,-3.0,2000.0
5876,mmrf_1714,train,True,True,2193.0,-3.0,2196.0
5877,mmrf_1714,train,True,True,2382.0,-3.0,2385.0
5878,mmrf_1714,train,True,True,2572.0,-3.0,2575.0
5879,mmrf_1714,train,True,True,2755.0,-3.0,2758.0
5880,mmrf_1715,train,True,True,84.0,-7.0,91.0
5881,mmrf_1715,train,True,True,166.0,-7.0,173.0
5902,mmrf_1718,train,True,True,92.0,-9.0,101.0
5903,mmrf_1718,train,True,True,183.0,-9.0,192.0
5904,mmrf_1718,train,True,True,288.0,-9.0,297.0
5905,mmrf_1718,train,True,True,372.0,-9.0,381.0
5906,mmrf_1718,train,True,True,449.0,-9.0,458.0
5907,mmrf_1719,test,True,True,79.0,0.0,79.0
5908,mmrf_1719,test,True,True,190.0,0.0,190.0
5909,mmrf_1719,test,True,True,282.0,0.0,282.0
5910,mmrf_1719,test,True,True,344.0,0.0,344.0
5911,mmrf_1719,test,True,True,443.0,0.0,443.0
5912,mmrf_1719,test,True,True,632.0,0.0,632.0
5913,mmrf_1719,test,True,True,723.0,0.0,723.0
5914,mmrf_1719,test,True,True,814.0,0.0,814.0
5915,mmrf_1719,test,True,True,891.0,0.0,891.0
5916,mmrf_1719,test,True,True,975.0,0.0,975.0
5917,mmrf_1721,train,True,True,57.0,-37.0,94.0
5918,mmrf_1722,train,True,True,64.0,-4.0,68.0
5919,mmrf_1722,train,True,True,168.0,-4.0,172.0
5920,mmrf_1722,train,True,True,436.0,-4.0,440.0
5921,mmrf_1722,train,True,True,515.0,-4.0,519.0
5922,mmrf_1722,train,True,True,602.0,-4.0,606.0
5923,mmrf_1722,train,True,True,939.0,-4.0,943.0
5974,mmrf_1726,val,True,True,85.0,-3.0,88.0
5975,mmrf_1726,val,True,True,190.0,-3.0,193.0
5976,mmrf_1726,val,True,True,323.0,-3.0,326.0
5977,mmrf_1726,val,True,True,384.0,-3.0,387.0
5978,mmrf_1726,val,True,True,496.0,-3.0,499.0
5979,mmrf_1726,val,True,True,601.0,-3.0,604.0
5980,mmrf_1726,val,True,True,704.0,-3.0,707.0
5981,mmrf_1727,train,True,True,83.0,-14.0,97.0
5982,mmrf_1727,train,True,True,169.0,-14.0,183.0
5983,mmrf_1727,train,True,True,260.0,-14.0,274.0
5984,mmrf_1727,train,True,True,344.0,-14.0,358.0
5985,mmrf_1727,train,True,True,442.0,-14.0,456.0
5986,mmrf_1727,train,True,True,526.0,-14.0,540.0
5987,mmrf_1727,train,True,True,610.0,-14.0,624.0
5988,mmrf_1727,train,True,True,715.0,-14.0,729.0
5989,mmrf_1727,train,True,True,771.0,-14.0,785.0
5990,mmrf_1727,train,True,True,883.0,-14.0,897.0
5991,mmrf_1727,train,True,True,967.0,-14.0,981.0
5992,mmrf_1727,train,True,True,1058.0,-14.0,1072.0
5993,mmrf_1727,train,True,True,1156.0,-14.0,1170.0
5994,mmrf_1727,train,True,True,1239.0,-14.0,1253.0
5995,mmrf_1727,train,True,True,1350.0,-14.0,1364.0
5996,mmrf_1727,train,True,True,1435.0,-14.0,1449.0
5997,mmrf_1727,train,True,True,1532.0,-14.0,1546.0
5998,mmrf_1727,train,True,True,1603.0,-14.0,1617.0
5999,mmrf_1727,train,True,True,1714.0,-14.0,1728.0
6000,mmrf_1727,train,True,True,1802.0,-14.0,1816.0
6001,mmrf_1727,train,True,True,1980.0,-14.0,1994.0
6002,mmrf_1730,test,True,True,92.0,-23.0,115.0
6003,mmrf_1730,test,True,True,235.0,-23.0,258.0
6004,mmrf_1730,test,True,True,291.0,-23.0,314.0
6005,mmrf_1730,test,True,True,599.0,-23.0,622.0
6006,mmrf_1730,test,True,True,704.0,-23.0,727.0
6007,mmrf_1730,test,True,True,802.0,-23.0,825.0
6008,mmrf_1730,test,True,True,1063.0,-23.0,1086.0
6009,mmrf_1730,test,True,True,1152.0,-23.0,1175.0
6010,mmrf_1730,test,True,True,1250.0,-23.0,1273.0
6011,mmrf_1730,test,True,True,1341.0,-23.0,1364.0
6012,mmrf_1730,test,True,True,1439.0,-23.0,1462.0
6013,mmrf_1730,test,True,True,1530.0,-23.0,1553.0
6014,mmrf_1730,test,True,True,1621.0,-23.0,1644.0
6015,mmrf_1730,test,True,True,1712.0,-23.0,1735.0
6016,mmrf_1730,test,True,True,1806.0,-23.0,1829.0
6017,mmrf_1730,test,False,True,2170.0,-23.0,2193.0
6018,mmrf_1730,test,False,True,2342.0,-23.0,2365.0
6019,mmrf_1730,test,True,True,2531.0,-23.0,2554.0
6020,mmrf_1730,test,True,True,2714.0,-23.0,2737.0
6021,mmrf_1731,train,True,True,106.0,0.0,106.0
6022,mmrf_1731,train,True,True,182.0,0.0,182.0
6023,mmrf_1731,train,True,True,273.0,0.0,273.0
6024,mmrf_1731,train,True,True,364.0,0.0,364.0
6025,mmrf_1731,train,True,True,455.0,0.0,455.0
6026,mmrf_1731,train,True,True,553.0,0.0,553.0
6027,mmrf_1731,train,True,True,644.0,0.0,644.0
6028,mmrf_1731,train,True,True,735.0,0.0,735.0
6029,mmrf_1731,train,True,True,811.0,0.0,811.0
6030,mmrf_1731,train,True,True,917.0,0.0,917.0
6031,mmrf_1731,train,True,True,1000.0,0.0,1000.0
6032,mmrf_1731,train,True,True,1072.0,0.0,1072.0
6033,mmrf_1731,train,True,True,1154.0,0.0,1154.0
6034,mmrf_1731,train,True,True,1281.0,0.0,1281.0
6035,mmrf_1731,train,True,True,1371.0,0.0,1371.0
6036,mmrf_1731,train,True,True,1456.0,0.0,1456.0
6037,mmrf_1731,train,True,True,1539.0,0.0,1539.0
6038,mmrf_1731,train,True,True,1603.0,0.0,1603.0
6039,mmrf_1731,train,True,True,1700.0,0.0,1700.0
6040,mmrf_1731,train,True,True,1784.0,0.0,1784.0
6041,mmrf_1731,train,True,True,1822.0,0.0,1822.0
6042,mmrf_1731,train,True,True,2106.0,0.0,2106.0
6043,mmrf_1731,train,True,True,2162.0,0.0,2162.0
6044,mmrf_1731,train,True,True,2365.0,0.0,2365.0
6045,mmrf_1731,train,True,True,2540.0,0.0,2540.0
6046,mmrf_1731,train,True,True,2736.0,0.0,2736.0
6047,mmrf_1733,val,True,True,92.0,-14.0,106.0
6048,mmrf_1733,val,True,True,176.0,-14.0,190.0
6049,mmrf_1733,val,True,True,274.0,-14.0,288.0
6050,mmrf_1733,val,True,True,358.0,-14.0,372.0
6051,mmrf_1733,val,True,True,442.0,-14.0,456.0
6052,mmrf_1733,val,True,True,540.0,-14.0,554.0
6053,mmrf_1733,val,True,True,624.0,-14.0,638.0
6054,mmrf_1733,val,True,True,708.0,-14.0,722.0
6055,mmrf_1733,val,True,True,799.0,-14.0,813.0
6056,mmrf_1733,val,True,True,890.0,-14.0,904.0
6057,mmrf_1733,val,True,True,995.0,-14.0,1009.0
6058,mmrf_1733,val,True,True,1108.0,-14.0,1122.0
6059,mmrf_1733,val,True,True,1198.0,-14.0,1212.0
6060,mmrf_1733,val,True,True,1297.0,-14.0,1311.0
6061,mmrf_1733,val,True,True,1450.0,-14.0,1464.0
6062,mmrf_1733,val,True,True,1563.0,-14.0,1577.0
6063,mmrf_1733,val,True,True,1723.0,-14.0,1737.0
6064,mmrf_1733,val,True,True,1940.0,-14.0,1954.0
6065,mmrf_1733,val,True,True,2171.0,-14.0,2185.0
6066,mmrf_1733,val,True,True,2332.0,-14.0,2346.0
6067,mmrf_1733,val,True,True,2525.0,-14.0,2539.0
6068,mmrf_1733,val,True,True,2788.0,-14.0,2802.0
6069,mmrf_1735,val,True,True,176.0,-18.0,194.0
6070,mmrf_1735,val,True,True,269.0,-18.0,287.0
6071,mmrf_1735,val,True,True,358.0,-18.0,376.0
6072,mmrf_1735,val,True,True,453.0,-18.0,471.0
6073,mmrf_1735,val,True,True,521.0,-18.0,539.0
6074,mmrf_1735,val,True,True,638.0,-18.0,656.0
6075,mmrf_1735,val,True,True,718.0,-18.0,736.0
6076,mmrf_1735,val,True,True,821.0,-18.0,839.0
6077,mmrf_1735,val,True,True,899.0,-18.0,917.0
6078,mmrf_1735,val,True,True,941.0,-18.0,959.0
6079,mmrf_1735,val,True,True,983.0,-18.0,1001.0
6080,mmrf_1735,val,True,True,1010.0,-18.0,1028.0
6081,mmrf_1735,val,True,True,1071.0,-18.0,1089.0
6082,mmrf_1735,val,True,True,1155.0,-18.0,1173.0
6083,mmrf_1735,val,True,True,1246.0,-18.0,1264.0
6084,mmrf_1735,val,True,True,1337.0,-18.0,1355.0
6085,mmrf_1735,val,True,True,1428.0,-18.0,1446.0
6086,mmrf_1735,val,True,True,1512.0,-18.0,1530.0
6087,mmrf_1735,val,True,True,1596.0,-18.0,1614.0
6088,mmrf_1735,val,True,True,1687.0,-18.0,1705.0
6089,mmrf_1735,val,True,True,1765.0,-18.0,1783.0
6090,mmrf_1735,val,True,True,1992.0,-18.0,2010.0
6091,mmrf_1735,val,True,True,2202.0,-18.0,2220.0
6092,mmrf_1735,val,True,True,2375.0,-18.0,2393.0
6093,mmrf_1735,val,True,True,2558.0,-18.0,2576.0
6094,mmrf_1735,val,True,True,2753.0,-18.0,2771.0
6095,mmrf_1736,train,True,True,68.0,-31.0,99.0
6096,mmrf_1736,train,True,True,121.0,-31.0,152.0
6097,mmrf_1736,train,True,True,250.0,-31.0,281.0
6098,mmrf_1736,train,True,True,300.0,-31.0,331.0
6099,mmrf_1736,train,True,True,411.0,-31.0,442.0
6100,mmrf_1736,train,True,True,502.0,-31.0,533.0
6101,mmrf_1736,train,True,True,618.0,-31.0,649.0
6102,mmrf_1736,train,True,True,714.0,-31.0,745.0
6103,mmrf_1736,train,True,True,813.0,-31.0,844.0
6104,mmrf_1736,train,True,True,896.0,-31.0,927.0
6105,mmrf_1736,train,True,True,980.0,-31.0,1011.0
6106,mmrf_1736,train,True,True,1023.0,-31.0,1054.0
6107,mmrf_1736,train,True,True,1146.0,-31.0,1177.0
6108,mmrf_1736,train,True,True,1218.0,-31.0,1249.0
6109,mmrf_1736,train,True,True,1330.0,-31.0,1361.0
6110,mmrf_1736,train,True,True,1378.0,-31.0,1409.0
6111,mmrf_1736,train,True,True,1520.0,-31.0,1551.0
6112,mmrf_1736,train,True,True,1622.0,-31.0,1653.0
6113,mmrf_1736,train,True,True,1709.0,-31.0,1740.0
6114,mmrf_1736,train,True,True,1769.0,-31.0,1800.0
6115,mmrf_1736,train,True,True,1965.0,-31.0,1996.0
6116,mmrf_1736,train,True,True,2136.0,-31.0,2167.0
6117,mmrf_1736,train,True,True,2354.0,-31.0,2385.0
6118,mmrf_1738,train,True,True,86.0,-1.0,87.0
6119,mmrf_1738,train,True,True,174.0,-1.0,175.0
6120,mmrf_1738,train,True,True,259.0,-1.0,260.0
6121,mmrf_1738,train,True,True,323.0,-1.0,324.0
6122,mmrf_1738,train,True,True,476.0,-1.0,477.0
6123,mmrf_1738,train,True,True,547.0,-1.0,548.0
6124,mmrf_1739,train,True,True,85.0,0.0,85.0
6125,mmrf_1739,train,True,True,176.0,0.0,176.0
6126,mmrf_1739,train,True,True,281.0,0.0,281.0
6127,mmrf_1739,train,True,True,349.0,0.0,349.0
6128,mmrf_1739,train,True,True,442.0,0.0,442.0
6129,mmrf_1739,train,True,True,533.0,0.0,533.0
6130,mmrf_1739,train,True,True,624.0,0.0,624.0
6131,mmrf_1739,train,True,True,720.0,0.0,720.0
6132,mmrf_1739,train,True,True,820.0,0.0,820.0
6133,mmrf_1739,train,True,True,911.0,0.0,911.0
6134,mmrf_1739,train,True,True,988.0,0.0,988.0
6135,mmrf_1739,train,True,True,1086.0,0.0,1086.0
6136,mmrf_1739,train,True,True,1170.0,0.0,1170.0
6137,mmrf_1739,train,True,True,1254.0,0.0,1254.0
6138,mmrf_1739,train,False,True,1450.0,0.0,1450.0
6139,mmrf_1739,train,False,True,1616.0,0.0,1616.0
6140,mmrf_1739,train,True,True,1730.0,0.0,1730.0
6141,mmrf_1739,train,True,True,1821.0,0.0,1821.0
6142,mmrf_1739,train,True,True,2190.0,0.0,2190.0
6143,mmrf_1739,train,True,True,2351.0,0.0,2351.0
6144,mmrf_1739,train,True,True,2575.0,0.0,2575.0
6145,mmrf_1739,train,True,True,2759.0,0.0,2759.0
6154,mmrf_1744,train,True,True,78.0,0.0,78.0
6155,mmrf_1744,train,True,True,166.0,0.0,166.0
6156,mmrf_1744,train,True,True,257.0,0.0,257.0
6157,mmrf_1744,train,True,True,356.0,0.0,356.0
6158,mmrf_1744,train,True,True,454.0,0.0,454.0
6159,mmrf_1744,train,True,True,503.0,0.0,503.0
6160,mmrf_1744,train,True,True,685.0,0.0,685.0
6161,mmrf_1744,train,True,True,776.0,0.0,776.0
6162,mmrf_1744,train,True,True,846.0,0.0,846.0
6163,mmrf_1744,train,True,True,947.0,0.0,947.0
6164,mmrf_1744,train,True,True,1078.0,0.0,1078.0
6165,mmrf_1744,train,True,True,1155.0,0.0,1155.0
6166,mmrf_1744,train,True,True,1300.0,0.0,1300.0
6167,mmrf_1744,train,True,True,1346.0,0.0,1346.0
6168,mmrf_1744,train,True,True,1456.0,0.0,1456.0
6169,mmrf_1744,train,True,True,1533.0,0.0,1533.0
6170,mmrf_1744,train,True,True,1622.0,0.0,1622.0
6171,mmrf_1744,train,True,True,1706.0,0.0,1706.0
6172,mmrf_1744,train,True,True,1829.0,0.0,1829.0
6173,mmrf_1744,train,True,True,2001.0,0.0,2001.0
6174,mmrf_1744,train,True,True,2197.0,0.0,2197.0
6175,mmrf_1744,train,True,True,2219.0,0.0,2219.0
6176,mmrf_1744,train,True,True,2317.0,0.0,2317.0
6218,mmrf_1750,train,False,True,148.0,-23.0,171.0
6219,mmrf_1750,train,False,True,239.0,-23.0,262.0
6220,mmrf_1750,train,False,True,365.0,-23.0,388.0
6221,mmrf_1750,train,False,True,527.0,-23.0,550.0
6222,mmrf_1750,train,False,True,611.0,-23.0,634.0
6223,mmrf_1750,train,True,True,695.0,-23.0,718.0
6224,mmrf_1750,train,False,True,785.0,-23.0,808.0
6225,mmrf_1750,train,False,True,891.0,-23.0,914.0
6226,mmrf_1750,train,False,True,958.0,-23.0,981.0
6227,mmrf_1750,train,False,True,1024.0,-23.0,1047.0
6228,mmrf_1750,train,False,True,1147.0,-23.0,1170.0
6229,mmrf_1750,train,True,True,1198.0,-23.0,1221.0
6230,mmrf_1750,train,False,True,1350.0,-23.0,1373.0
6231,mmrf_1750,train,False,True,1577.0,-23.0,1600.0
6232,mmrf_1750,train,False,True,1646.0,-23.0,1669.0
6233,mmrf_1750,train,False,True,1723.0,-23.0,1746.0
6234,mmrf_1750,train,False,True,1840.0,-23.0,1863.0
6235,mmrf_1750,train,False,True,1961.0,-23.0,1984.0
6236,mmrf_1750,train,False,True,2079.0,-23.0,2102.0
6237,mmrf_1750,train,True,True,2393.0,-23.0,2416.0
6238,mmrf_1750,train,True,True,2606.0,-23.0,2629.0
6239,mmrf_1750,train,True,True,2799.0,-23.0,2822.0
6240,mmrf_1755,val,True,True,138.0,-54.0,192.0
6241,mmrf_1758,train,True,True,106.0,-1.0,107.0
6242,mmrf_1758,train,True,True,198.0,-1.0,199.0
6243,mmrf_1758,train,True,True,289.0,-1.0,290.0
6244,mmrf_1758,train,True,True,376.0,-1.0,377.0
6245,mmrf_1758,train,True,True,460.0,-1.0,461.0
6246,mmrf_1758,train,True,True,552.0,-1.0,553.0
6247,mmrf_1758,train,True,True,643.0,-1.0,644.0
6248,mmrf_1758,train,True,True,734.0,-1.0,735.0
6249,mmrf_1758,train,True,True,824.0,-1.0,825.0
6250,mmrf_1758,train,True,True,922.0,-1.0,923.0
6251,mmrf_1758,train,True,True,1013.0,-1.0,1014.0
6252,mmrf_1758,train,True,True,1105.0,-1.0,1106.0
6253,mmrf_1758,train,True,True,1168.0,-1.0,1169.0
6254,mmrf_1758,train,True,True,1237.0,-1.0,1238.0
6255,mmrf_1758,train,True,True,1286.0,-1.0,1287.0
6256,mmrf_1758,train,True,True,1356.0,-1.0,1357.0
6257,mmrf_1758,train,True,True,1441.0,-1.0,1442.0
6258,mmrf_1758,train,True,True,1547.0,-1.0,1548.0
6259,mmrf_1758,train,True,True,1625.0,-1.0,1626.0
6260,mmrf_1759,train,True,True,86.0,-6.0,92.0
6261,mmrf_1759,train,True,True,170.0,-6.0,176.0
6262,mmrf_1759,train,True,True,263.0,-6.0,269.0
6327,mmrf_1766,train,True,True,93.0,-4.0,97.0
6328,mmrf_1766,train,True,True,184.0,-4.0,188.0
6329,mmrf_1766,train,True,True,275.0,-4.0,279.0
6330,mmrf_1766,train,True,True,367.0,-4.0,371.0
6331,mmrf_1766,train,True,True,452.0,-4.0,456.0
6332,mmrf_1766,train,True,True,543.0,-4.0,547.0
6333,mmrf_1766,train,True,True,620.0,-4.0,624.0
6334,mmrf_1766,train,True,True,714.0,-4.0,718.0
6335,mmrf_1766,train,True,True,795.0,-4.0,799.0
6336,mmrf_1766,train,True,True,918.0,-4.0,922.0
6337,mmrf_1766,train,True,True,989.0,-4.0,993.0
6338,mmrf_1766,train,True,True,1066.0,-4.0,1070.0
6339,mmrf_1766,train,True,True,1162.0,-4.0,1166.0
6340,mmrf_1766,train,True,True,1255.0,-4.0,1259.0
6341,mmrf_1766,train,True,True,1346.0,-4.0,1350.0
6342,mmrf_1766,train,True,True,1439.0,-4.0,1443.0
6343,mmrf_1766,train,True,True,1521.0,-4.0,1525.0
6344,mmrf_1766,train,True,True,1610.0,-4.0,1614.0
6345,mmrf_1766,train,True,True,1696.0,-4.0,1700.0
6346,mmrf_1766,train,True,True,1836.0,-4.0,1840.0
6347,mmrf_1766,train,True,True,2002.0,-4.0,2006.0
6348,mmrf_1766,train,True,True,2550.0,-4.0,2554.0
6349,mmrf_1766,train,True,True,2752.0,-4.0,2756.0
6350,mmrf_1768,train,True,True,77.0,-15.0,92.0
6351,mmrf_1768,train,True,True,171.0,-15.0,186.0
6352,mmrf_1768,train,True,True,245.0,-15.0,260.0
6353,mmrf_1768,train,True,True,350.0,-15.0,365.0
6354,mmrf_1768,train,True,True,382.0,-15.0,397.0
6355,mmrf_1771,train,True,True,84.0,-1.0,85.0
6356,mmrf_1771,train,True,True,175.0,-1.0,176.0
6357,mmrf_1771,train,True,True,280.0,-1.0,281.0
6358,mmrf_1771,train,True,True,364.0,-1.0,365.0
6359,mmrf_1771,train,True,True,455.0,-1.0,456.0
6382,mmrf_1773,train,True,True,106.0,-14.0,120.0
6383,mmrf_1773,train,True,True,183.0,-14.0,197.0
6384,mmrf_1773,train,True,True,266.0,-14.0,280.0
6385,mmrf_1773,train,True,True,358.0,-14.0,372.0
6386,mmrf_1773,train,False,True,442.0,-14.0,456.0
6387,mmrf_1773,train,False,True,554.0,-14.0,568.0
6388,mmrf_1773,train,False,True,638.0,-14.0,652.0
6389,mmrf_1773,train,False,True,722.0,-14.0,736.0
6390,mmrf_1773,train,False,True,813.0,-14.0,827.0
6391,mmrf_1773,train,False,True,911.0,-14.0,925.0
6392,mmrf_1773,train,False,True,995.0,-14.0,1009.0
6393,mmrf_1773,train,False,True,1079.0,-14.0,1093.0
6394,mmrf_1773,train,False,True,1205.0,-14.0,1219.0
6395,mmrf_1773,train,True,True,1289.0,-14.0,1303.0
6396,mmrf_1773,train,False,True,1373.0,-14.0,1387.0
6397,mmrf_1773,train,False,True,1457.0,-14.0,1471.0
6398,mmrf_1773,train,False,True,1541.0,-14.0,1555.0
6399,mmrf_1773,train,False,True,1625.0,-14.0,1639.0
6400,mmrf_1773,train,False,True,1716.0,-14.0,1730.0
6401,mmrf_1773,train,False,True,1821.0,-14.0,1835.0
6402,mmrf_1773,train,False,True,1989.0,-14.0,2003.0
6403,mmrf_1773,train,True,True,2388.0,-14.0,2402.0
6404,mmrf_1773,train,True,True,2584.0,-14.0,2598.0
6405,mmrf_1773,train,True,True,2773.0,-14.0,2787.0
6425,mmrf_1775,train,True,True,91.0,-8.0,99.0
6426,mmrf_1775,train,True,True,183.0,-8.0,191.0
6427,mmrf_1775,train,True,True,267.0,-8.0,275.0
6428,mmrf_1775,train,True,True,358.0,-8.0,366.0
6429,mmrf_1775,train,True,True,446.0,-8.0,454.0
6430,mmrf_1775,train,True,True,544.0,-8.0,552.0
6431,mmrf_1775,train,True,True,635.0,-8.0,643.0
6432,mmrf_1775,train,True,True,719.0,-8.0,727.0
6433,mmrf_1775,train,True,True,810.0,-8.0,818.0
6434,mmrf_1775,train,True,True,915.0,-8.0,923.0
6435,mmrf_1775,train,True,True,999.0,-8.0,1007.0
6436,mmrf_1775,train,True,True,1083.0,-8.0,1091.0
6437,mmrf_1775,train,True,True,1199.0,-8.0,1207.0
6438,mmrf_1775,train,True,True,1276.0,-8.0,1284.0
6439,mmrf_1775,train,True,True,1363.0,-8.0,1371.0
6440,mmrf_1775,train,True,True,1454.0,-8.0,1462.0
6441,mmrf_1775,train,True,True,1545.0,-8.0,1553.0
6442,mmrf_1775,train,True,True,1632.0,-8.0,1640.0
6443,mmrf_1775,train,True,True,1755.0,-8.0,1763.0
6444,mmrf_1775,train,True,True,1811.0,-8.0,1819.0
6445,mmrf_1775,train,True,True,1962.0,-8.0,1970.0
6446,mmrf_1775,train,True,True,2147.0,-8.0,2155.0
6447,mmrf_1775,train,True,True,2322.0,-8.0,2330.0
6448,mmrf_1777,train,True,True,369.0,-7.0,376.0
6449,mmrf_1777,train,True,True,490.0,-7.0,497.0
6450,mmrf_1777,train,True,True,546.0,-7.0,553.0
6451,mmrf_1777,train,True,True,610.0,-7.0,617.0
6452,mmrf_1777,train,True,True,750.0,-7.0,757.0
6453,mmrf_1777,train,True,True,918.0,-7.0,925.0
6454,mmrf_1777,train,True,True,981.0,-7.0,988.0
6455,mmrf_1777,train,True,True,1100.0,-7.0,1107.0
6456,mmrf_1777,train,True,True,1170.0,-7.0,1177.0
6457,mmrf_1777,train,True,True,1254.0,-7.0,1261.0
6458,mmrf_1777,train,True,True,1324.0,-7.0,1331.0
6459,mmrf_1777,train,True,True,1443.0,-7.0,1450.0
6460,mmrf_1777,train,True,True,1534.0,-7.0,1541.0
6461,mmrf_1777,train,True,True,1590.0,-7.0,1597.0
6462,mmrf_1777,train,True,True,1793.0,-7.0,1800.0
6463,mmrf_1777,train,True,True,1996.0,-7.0,2003.0
6464,mmrf_1777,train,True,True,2241.0,-7.0,2248.0
6465,mmrf_1780,test,True,True,77.0,-2.0,79.0
6466,mmrf_1780,test,True,True,182.0,-2.0,184.0
6467,mmrf_1780,test,True,True,261.0,-2.0,263.0
6468,mmrf_1780,test,True,True,371.0,-2.0,373.0
6469,mmrf_1780,test,True,True,434.0,-2.0,436.0
6470,mmrf_1780,test,True,True,552.0,-2.0,554.0
6471,mmrf_1780,test,True,True,615.0,-2.0,617.0
6497,mmrf_1782,train,True,True,113.0,-16.0,129.0
6498,mmrf_1782,train,True,True,176.0,-16.0,192.0
6499,mmrf_1782,train,True,True,272.0,-16.0,288.0
6500,mmrf_1782,train,True,True,414.0,-16.0,430.0
6501,mmrf_1782,train,True,True,562.0,-16.0,578.0
6502,mmrf_1782,train,True,True,639.0,-16.0,655.0
6503,mmrf_1782,train,True,True,744.0,-16.0,760.0
6504,mmrf_1782,train,True,True,806.0,-16.0,822.0
6505,mmrf_1783,train,True,True,65.0,-33.0,98.0
6506,mmrf_1783,train,True,True,156.0,-33.0,189.0
6507,mmrf_1783,train,True,True,303.0,-33.0,336.0
6508,mmrf_1783,train,True,True,380.0,379.0,1.0
6509,mmrf_1783,train,True,True,523.0,379.0,144.0
6531,mmrf_1785,train,True,True,177.0,-6.0,183.0
6532,mmrf_1785,train,True,True,282.0,-6.0,288.0
6533,mmrf_1785,train,True,True,352.0,-6.0,358.0
6534,mmrf_1785,train,True,True,499.0,-6.0,505.0
6535,mmrf_1785,train,True,True,639.0,-6.0,645.0
6536,mmrf_1785,train,True,True,687.0,-6.0,693.0
6537,mmrf_1785,train,True,True,800.0,-6.0,806.0
6538,mmrf_1785,train,True,True,884.0,-6.0,890.0
6539,mmrf_1785,train,True,True,968.0,-6.0,974.0
6540,mmrf_1785,train,True,True,1080.0,-6.0,1086.0
6541,mmrf_1785,train,True,True,1276.0,-6.0,1282.0
6542,mmrf_1785,train,True,True,1345.0,-6.0,1351.0
6543,mmrf_1785,train,True,True,1424.0,-6.0,1430.0
6544,mmrf_1785,train,True,True,1514.0,-6.0,1520.0
6545,mmrf_1785,train,True,True,1605.0,-6.0,1611.0
6546,mmrf_1785,train,True,True,1822.0,-6.0,1828.0
6547,mmrf_1785,train,True,True,2011.0,-6.0,2017.0
6548,mmrf_1785,train,True,True,2088.0,-6.0,2094.0
6549,mmrf_1785,train,True,True,2215.0,-6.0,2221.0
6550,mmrf_1785,train,True,True,2390.0,-6.0,2396.0
6551,mmrf_1785,train,True,True,2551.0,-6.0,2557.0
6552,mmrf_1785,train,True,True,2747.0,-6.0,2753.0
6553,mmrf_1785,train,True,True,2815.0,-6.0,2821.0
6554,mmrf_1786,test,True,True,100.0,-11.0,111.0
6555,mmrf_1786,test,True,True,185.0,-11.0,196.0
6556,mmrf_1786,test,True,True,276.0,-11.0,287.0
6557,mmrf_1786,test,True,True,360.0,-11.0,371.0
6558,mmrf_1786,test,True,True,422.0,-11.0,433.0
6559,mmrf_1786,test,True,True,549.0,-11.0,560.0
6560,mmrf_1786,test,True,True,633.0,-11.0,644.0
6561,mmrf_1786,test,True,True,710.0,-11.0,721.0
6562,mmrf_1786,test,True,True,822.0,-11.0,833.0
6563,mmrf_1786,test,True,True,913.0,-11.0,924.0
6564,mmrf_1786,test,True,True,970.0,-11.0,981.0
6565,mmrf_1786,test,True,True,1087.0,-11.0,1098.0
6566,mmrf_1786,test,True,True,1270.0,-11.0,1281.0
6567,mmrf_1786,test,True,True,1416.0,-11.0,1427.0
6568,mmrf_1786,test,True,True,1528.0,-11.0,1539.0
6569,mmrf_1786,test,True,True,1612.0,-11.0,1623.0
6570,mmrf_1786,test,True,True,1724.0,-11.0,1735.0
6571,mmrf_1786,test,True,True,1963.0,-11.0,1974.0
6572,mmrf_1786,test,True,True,2172.0,-11.0,2183.0
6573,mmrf_1786,test,True,True,2277.0,-11.0,2288.0
6574,mmrf_1786,test,True,True,2728.0,-11.0,2739.0
6575,mmrf_1787,train,True,True,82.0,-18.0,100.0
6576,mmrf_1787,train,True,True,155.0,-18.0,173.0
6577,mmrf_1787,train,True,True,285.0,-18.0,303.0
6578,mmrf_1787,train,True,True,379.0,-18.0,397.0
6579,mmrf_1787,train,True,True,470.0,-18.0,488.0
6580,mmrf_1787,train,False,True,603.0,-18.0,621.0
6581,mmrf_1787,train,False,True,698.0,-18.0,716.0
6582,mmrf_1787,train,False,True,792.0,-18.0,810.0
6583,mmrf_1787,train,False,True,887.0,-18.0,905.0
6584,mmrf_1787,train,False,True,985.0,-18.0,1003.0
6585,mmrf_1787,train,False,True,1069.0,-18.0,1087.0
6586,mmrf_1787,train,False,True,1167.0,-18.0,1185.0
6587,mmrf_1787,train,False,True,1258.0,-18.0,1276.0
6588,mmrf_1787,train,False,True,1362.0,-18.0,1380.0
6589,mmrf_1787,train,False,True,1447.0,-18.0,1465.0
6590,mmrf_1787,train,False,True,1531.0,-18.0,1549.0
6591,mmrf_1787,train,False,True,1622.0,-18.0,1640.0
6592,mmrf_1787,train,False,True,1713.0,-18.0,1731.0
6593,mmrf_1787,train,False,True,1804.0,-18.0,1822.0
6594,mmrf_1787,train,False,True,1965.0,-18.0,1983.0
6595,mmrf_1787,train,False,True,2147.0,-18.0,2165.0
6596,mmrf_1787,train,True,True,2355.0,-18.0,2373.0
6597,mmrf_1787,train,True,True,2545.0,-18.0,2563.0
6598,mmrf_1787,train,True,True,2720.0,-18.0,2738.0
6599,mmrf_1790,train,True,True,186.0,-7.0,193.0
6600,mmrf_1790,train,True,True,268.0,-7.0,275.0
6601,mmrf_1790,train,True,True,359.0,350.0,9.0
6602,mmrf_1790,train,True,True,442.0,350.0,92.0
6603,mmrf_1790,train,True,True,550.0,350.0,200.0
6604,mmrf_1790,train,True,True,624.0,597.0,27.0
6605,mmrf_1790,train,True,True,722.0,597.0,125.0
6606,mmrf_1790,train,True,True,814.0,597.0,217.0
6607,mmrf_1792,val,True,True,79.0,-1.0,80.0
6608,mmrf_1792,val,True,True,177.0,-1.0,178.0
6609,mmrf_1792,val,True,True,268.0,-1.0,269.0
6610,mmrf_1792,val,True,True,359.0,-1.0,360.0
6611,mmrf_1792,val,True,True,443.0,-1.0,444.0
6612,mmrf_1792,val,True,True,527.0,-1.0,528.0
6613,mmrf_1792,val,True,True,639.0,-1.0,640.0
6614,mmrf_1792,val,True,True,748.0,-1.0,749.0
6615,mmrf_1792,val,True,True,807.0,-1.0,808.0
6616,mmrf_1792,val,True,True,891.0,-1.0,892.0
6617,mmrf_1792,val,True,True,1003.0,-1.0,1004.0
6618,mmrf_1792,val,True,True,1087.0,-1.0,1088.0
6619,mmrf_1792,val,True,True,1115.0,-1.0,1116.0
6620,mmrf_1792,val,True,True,1154.0,-1.0,1155.0
6621,mmrf_1792,val,True,True,1178.0,-1.0,1179.0
6622,mmrf_1792,val,True,True,1213.0,-1.0,1214.0
6623,mmrf_1792,val,True,True,1241.0,-1.0,1242.0
6624,mmrf_1792,val,True,True,1262.0,-1.0,1263.0
6625,mmrf_1792,val,True,True,1273.0,-1.0,1274.0
6626,mmrf_1792,val,True,True,1364.0,-1.0,1365.0
6627,mmrf_1792,val,True,True,1392.0,-1.0,1393.0
6628,mmrf_1792,val,True,True,1437.0,-1.0,1438.0
6629,mmrf_1792,val,True,True,1478.0,-1.0,1479.0
6630,mmrf_1792,val,True,True,1515.0,-1.0,1516.0
6631,mmrf_1793,train,True,True,84.0,-21.0,105.0
6632,mmrf_1793,train,True,True,162.0,-21.0,183.0
6633,mmrf_1793,train,True,True,253.0,-21.0,274.0
6634,mmrf_1793,train,True,True,338.0,-21.0,359.0
6635,mmrf_1793,train,True,True,421.0,-21.0,442.0
6636,mmrf_1793,train,True,True,534.0,-21.0,555.0
6637,mmrf_1793,train,True,True,617.0,-21.0,638.0
6638,mmrf_1793,train,True,True,701.0,-21.0,722.0
6639,mmrf_1793,train,True,True,784.0,-21.0,805.0
6640,mmrf_1793,train,True,True,849.0,-21.0,870.0
6641,mmrf_1793,train,True,True,939.0,-21.0,960.0
6642,mmrf_1793,train,True,True,1037.0,-21.0,1058.0
6643,mmrf_1793,train,True,True,1129.0,-21.0,1150.0
6644,mmrf_1793,train,True,True,1261.0,-21.0,1282.0
6645,mmrf_1793,train,True,True,1407.0,-21.0,1428.0
6646,mmrf_1793,train,True,True,1507.0,-21.0,1528.0
6647,mmrf_1793,train,False,True,1641.0,-21.0,1662.0
6648,mmrf_1793,train,False,True,1698.0,-21.0,1719.0
6649,mmrf_1793,train,False,True,1806.0,-21.0,1827.0
6650,mmrf_1793,train,False,True,1907.0,-21.0,1928.0
6651,mmrf_1793,train,False,True,2257.0,-21.0,2278.0
6652,mmrf_1793,train,False,True,2550.0,-21.0,2571.0
6653,mmrf_1793,train,False,True,2767.0,-21.0,2788.0
6665,mmrf_1795,test,True,True,85.0,-12.0,97.0
6666,mmrf_1795,test,True,True,183.0,-12.0,195.0
6667,mmrf_1795,test,True,True,274.0,-12.0,286.0
6668,mmrf_1795,test,True,True,358.0,-12.0,370.0
6669,mmrf_1795,test,True,True,429.0,-12.0,441.0
6670,mmrf_1795,test,True,True,533.0,-12.0,545.0
6671,mmrf_1795,test,False,True,659.0,-12.0,671.0
6672,mmrf_1795,test,False,True,736.0,-12.0,748.0
6673,mmrf_1795,test,False,True,820.0,-12.0,832.0
6674,mmrf_1795,test,False,True,914.0,-12.0,926.0
6675,mmrf_1795,test,False,True,995.0,-12.0,1007.0
6676,mmrf_1795,test,False,True,1107.0,-12.0,1119.0
6677,mmrf_1795,test,False,True,1237.0,-12.0,1249.0
6678,mmrf_1795,test,True,True,1293.0,-12.0,1305.0
6679,mmrf_1795,test,True,True,1362.0,-12.0,1374.0
6680,mmrf_1795,test,True,True,1447.0,-12.0,1459.0
6681,mmrf_1795,test,True,True,1544.0,-12.0,1556.0
6682,mmrf_1795,test,False,True,1657.0,-12.0,1669.0
6683,mmrf_1795,test,False,True,1755.0,-12.0,1767.0
6684,mmrf_1795,test,False,True,1797.0,-12.0,1809.0
6685,mmrf_1795,test,False,True,2010.0,-12.0,2022.0
6686,mmrf_1796,train,True,True,331.0,-13.0,344.0
6687,mmrf_1796,train,True,True,884.0,-13.0,897.0
6688,mmrf_1796,train,True,True,1164.0,-13.0,1177.0
6689,mmrf_1796,train,True,True,1332.0,-13.0,1345.0
6690,mmrf_1796,train,True,True,1612.0,-13.0,1625.0
6691,mmrf_1796,train,True,True,1710.0,-13.0,1723.0
6692,mmrf_1797,train,True,True,57.0,-13.0,70.0
6693,mmrf_1797,train,True,True,148.0,-13.0,161.0
6694,mmrf_1797,train,False,True,259.0,-13.0,272.0
6695,mmrf_1797,train,False,True,343.0,-13.0,356.0
6696,mmrf_1797,train,False,True,427.0,-13.0,440.0
6697,mmrf_1797,train,False,True,511.0,-13.0,524.0
6698,mmrf_1801,train,True,True,92.0,-14.0,106.0
6699,mmrf_1801,train,True,True,232.0,-14.0,246.0
6700,mmrf_1801,train,True,True,338.0,-14.0,352.0
6701,mmrf_1801,train,False,True,457.0,-14.0,471.0
6702,mmrf_1801,train,False,True,544.0,-14.0,558.0
6703,mmrf_1802,train,True,True,85.0,-10.0,95.0
6704,mmrf_1802,train,True,True,169.0,-10.0,179.0
6705,mmrf_1802,train,True,True,267.0,-10.0,277.0
6706,mmrf_1802,train,True,True,516.0,-10.0,526.0
6707,mmrf_1802,train,True,True,608.0,-10.0,618.0
6708,mmrf_1802,train,True,True,790.0,-10.0,800.0
6709,mmrf_1802,train,True,True,874.0,-10.0,884.0
6710,mmrf_1802,train,True,True,972.0,-10.0,982.0
6711,mmrf_1802,train,True,True,1190.0,-10.0,1200.0
6712,mmrf_1802,train,False,True,1251.0,-10.0,1261.0
6713,mmrf_1802,train,True,True,1343.0,-10.0,1353.0
6714,mmrf_1802,train,True,True,1520.0,-10.0,1530.0
6715,mmrf_1802,train,True,True,1611.0,-10.0,1621.0
6716,mmrf_1802,train,True,True,1702.0,-10.0,1712.0
6717,mmrf_1802,train,True,True,1884.0,-10.0,1894.0
6718,mmrf_1802,train,True,True,2248.0,-10.0,2258.0
6719,mmrf_1802,train,True,True,2345.0,-10.0,2355.0
6720,mmrf_1802,train,True,True,2541.0,-10.0,2551.0
6721,mmrf_1802,train,True,True,2723.0,-10.0,2733.0
6743,mmrf_1805,test,True,True,85.0,-49.0,134.0
6744,mmrf_1805,test,True,True,141.0,-49.0,190.0
6745,mmrf_1805,test,True,True,225.0,-49.0,274.0
6746,mmrf_1805,test,True,True,302.0,-49.0,351.0
6747,mmrf_1805,test,True,True,407.0,-49.0,456.0
6748,mmrf_1805,test,True,True,532.0,-49.0,581.0
6749,mmrf_1805,test,True,True,602.0,-49.0,651.0
6750,mmrf_1805,test,True,True,701.0,-49.0,750.0
6751,mmrf_1805,test,True,True,792.0,-49.0,841.0
6752,mmrf_1805,test,True,True,889.0,-49.0,938.0
6753,mmrf_1805,test,True,True,1023.0,-49.0,1072.0
6754,mmrf_1805,test,True,True,1135.0,-49.0,1184.0
6755,mmrf_1805,test,True,True,1226.0,-49.0,1275.0
6756,mmrf_1805,test,True,True,1310.0,-49.0,1359.0
6757,mmrf_1805,test,True,True,1394.0,-49.0,1443.0
6758,mmrf_1805,test,True,True,1485.0,-49.0,1534.0
6759,mmrf_1805,test,True,True,1583.0,-49.0,1632.0
6760,mmrf_1805,test,True,True,1674.0,-49.0,1723.0
6761,mmrf_1805,test,True,True,1751.0,-49.0,1800.0
6762,mmrf_1805,test,True,True,1957.0,-49.0,2006.0
6763,mmrf_1805,test,True,True,2143.0,-49.0,2192.0
6764,mmrf_1805,test,True,True,2318.0,-49.0,2367.0
6765,mmrf_1805,test,True,True,2500.0,-49.0,2549.0
6766,mmrf_1805,test,True,True,2612.0,-49.0,2661.0
6767,mmrf_1807,train,True,True,122.0,-47.0,169.0
6768,mmrf_1807,train,True,True,340.0,-47.0,387.0
6769,mmrf_1807,train,True,True,522.0,-47.0,569.0
6770,mmrf_1807,train,True,True,627.0,-47.0,674.0
6771,mmrf_1808,val,True,True,97.0,-14.0,111.0
6772,mmrf_1808,val,True,True,156.0,-14.0,170.0
6773,mmrf_1808,val,True,True,237.0,-14.0,251.0
6774,mmrf_1808,val,True,True,329.0,-14.0,343.0
6775,mmrf_1808,val,True,True,442.0,-14.0,456.0
6776,mmrf_1810,test,True,True,85.0,0.0,85.0
6777,mmrf_1810,test,True,True,196.0,0.0,196.0
6778,mmrf_1810,test,True,True,261.0,0.0,261.0
6779,mmrf_1810,test,True,True,359.0,0.0,359.0
6780,mmrf_1810,test,True,True,462.0,0.0,462.0
6781,mmrf_1810,test,True,True,552.0,0.0,552.0
6782,mmrf_1810,test,True,True,642.0,0.0,642.0
6783,mmrf_1810,test,True,True,824.0,0.0,824.0
6784,mmrf_1810,test,True,True,908.0,0.0,908.0
6785,mmrf_1810,test,True,True,992.0,0.0,992.0
6786,mmrf_1810,test,True,True,1069.0,0.0,1069.0
6787,mmrf_1810,test,True,True,1153.0,0.0,1153.0
6788,mmrf_1810,test,True,True,1272.0,0.0,1272.0
6789,mmrf_1810,test,True,True,1356.0,0.0,1356.0
6790,mmrf_1814,train,True,True,85.0,-13.0,98.0
6791,mmrf_1814,train,True,True,162.0,-13.0,175.0
6792,mmrf_1814,train,True,True,232.0,-13.0,245.0
6793,mmrf_1814,train,True,True,393.0,-13.0,406.0
6794,mmrf_1814,train,True,True,491.0,-13.0,504.0
6795,mmrf_1814,train,True,True,566.0,-13.0,579.0
6796,mmrf_1814,train,True,True,659.0,-13.0,672.0
6797,mmrf_1814,train,True,True,722.0,-13.0,735.0
6823,mmrf_1817,test,True,True,71.0,-24.0,95.0
6824,mmrf_1817,test,True,True,156.0,-24.0,180.0
6825,mmrf_1817,test,True,True,263.0,-24.0,287.0
6826,mmrf_1817,test,True,True,382.0,-24.0,406.0
6827,mmrf_1817,test,True,True,459.0,-24.0,483.0
6828,mmrf_1817,test,True,True,550.0,-24.0,574.0
6829,mmrf_1817,test,True,True,627.0,-24.0,651.0
6830,mmrf_1817,test,True,True,718.0,-24.0,742.0
6831,mmrf_1817,test,True,True,802.0,-24.0,826.0
6832,mmrf_1817,test,True,True,921.0,-24.0,945.0
6833,mmrf_1817,test,True,True,1066.0,-24.0,1090.0
6834,mmrf_1817,test,True,True,1152.0,-24.0,1176.0
6835,mmrf_1817,test,True,True,1264.0,-24.0,1288.0
6836,mmrf_1817,test,True,True,1317.0,-24.0,1341.0
6837,mmrf_1817,test,True,True,1415.0,-24.0,1439.0
6838,mmrf_1817,test,True,True,1551.0,-24.0,1575.0
6857,mmrf_1822,train,True,True,80.0,-7.0,87.0
6858,mmrf_1822,train,True,True,178.0,-7.0,185.0
6859,mmrf_1822,train,True,True,269.0,-7.0,276.0
6860,mmrf_1822,train,True,True,346.0,-7.0,353.0
6861,mmrf_1822,train,True,True,472.0,-7.0,479.0
6862,mmrf_1822,train,True,True,528.0,-7.0,535.0
6863,mmrf_1822,train,True,True,710.0,-7.0,717.0
6864,mmrf_1822,train,True,True,745.0,-7.0,752.0
6865,mmrf_1822,train,True,True,780.0,-7.0,787.0
6866,mmrf_1822,train,True,True,833.0,-7.0,840.0
6867,mmrf_1822,train,True,True,868.0,-7.0,875.0
6868,mmrf_1822,train,True,True,962.0,-7.0,969.0
6869,mmrf_1822,train,True,True,997.0,-7.0,1004.0
6870,mmrf_1822,train,True,True,1318.0,-7.0,1325.0
6871,mmrf_1822,train,True,True,1585.0,-7.0,1592.0
6872,mmrf_1822,train,True,True,1676.0,-7.0,1683.0
6873,mmrf_1823,train,True,True,85.0,-8.0,93.0
6874,mmrf_1823,train,True,True,161.0,-8.0,169.0
6875,mmrf_1823,train,True,True,293.0,-8.0,301.0
6876,mmrf_1823,train,True,True,370.0,-8.0,378.0
6877,mmrf_1823,train,True,True,427.0,-8.0,435.0
6878,mmrf_1823,train,True,True,531.0,-8.0,539.0
6879,mmrf_1823,train,True,True,631.0,-8.0,639.0
6880,mmrf_1823,train,True,True,715.0,-8.0,723.0
6881,mmrf_1823,train,True,True,825.0,-8.0,833.0
6882,mmrf_1823,train,True,True,888.0,-8.0,896.0
6883,mmrf_1823,train,True,True,1001.0,-8.0,1009.0
6884,mmrf_1823,train,True,True,1084.0,-8.0,1092.0
6885,mmrf_1823,train,True,True,1170.0,-8.0,1178.0
6886,mmrf_1824,train,True,True,57.0,-21.0,78.0
6887,mmrf_1824,train,True,True,148.0,-21.0,169.0
6888,mmrf_1824,train,True,True,248.0,-21.0,269.0
6889,mmrf_1824,train,True,True,325.0,-21.0,346.0
6890,mmrf_1824,train,True,True,430.0,-21.0,451.0
6891,mmrf_1824,train,True,True,521.0,-21.0,542.0
6892,mmrf_1824,train,True,True,624.0,-21.0,645.0
6893,mmrf_1824,train,True,True,687.0,-21.0,708.0
6894,mmrf_1824,train,True,True,771.0,-21.0,792.0
6895,mmrf_1824,train,True,True,891.0,-21.0,912.0
6896,mmrf_1824,train,True,True,982.0,-21.0,1003.0
6897,mmrf_1824,train,True,True,1058.0,-21.0,1079.0
6898,mmrf_1824,train,True,True,1137.0,-21.0,1158.0
6899,mmrf_1824,train,True,True,1249.0,-21.0,1270.0
6900,mmrf_1824,train,True,True,1354.0,-21.0,1375.0
6901,mmrf_1824,train,True,True,1438.0,-21.0,1459.0
6902,mmrf_1825,train,True,True,92.0,-7.0,99.0
6903,mmrf_1825,train,True,True,183.0,-7.0,190.0
6904,mmrf_1825,train,True,True,260.0,-7.0,267.0
6905,mmrf_1825,train,True,True,372.0,-7.0,379.0
6906,mmrf_1825,train,True,True,456.0,-7.0,463.0
6907,mmrf_1825,train,True,True,541.0,-7.0,548.0
6908,mmrf_1825,train,True,True,625.0,-7.0,632.0
6909,mmrf_1825,train,True,True,737.0,-7.0,744.0
6910,mmrf_1825,train,True,True,821.0,-7.0,828.0
6911,mmrf_1825,train,True,True,914.0,-7.0,921.0
6912,mmrf_1825,train,True,True,1004.0,-7.0,1011.0
6913,mmrf_1825,train,True,True,1088.0,-7.0,1095.0
6914,mmrf_1825,train,True,True,1172.0,-7.0,1179.0
6915,mmrf_1825,train,True,True,1268.0,-7.0,1275.0
6916,mmrf_1825,train,True,True,1359.0,-7.0,1366.0
6917,mmrf_1825,train,True,True,1458.0,-7.0,1465.0
6918,mmrf_1825,train,True,True,1548.0,-7.0,1555.0
6919,mmrf_1825,train,False,True,1661.0,-7.0,1668.0
6920,mmrf_1825,train,False,True,1738.0,-7.0,1745.0
6921,mmrf_1825,train,False,True,1800.0,-7.0,1807.0
6922,mmrf_1825,train,False,True,1976.0,-7.0,1983.0
6923,mmrf_1825,train,False,True,2200.0,-7.0,2207.0
6924,mmrf_1825,train,False,True,2374.0,-7.0,2381.0
6925,mmrf_1825,train,False,True,2550.0,-7.0,2557.0
6926,mmrf_1825,train,True,True,2725.0,-7.0,2732.0
6927,mmrf_1825,train,True,True,2830.0,-7.0,2837.0
6934,mmrf_1830,train,True,True,81.0,-4.0,85.0
6935,mmrf_1830,train,True,True,149.0,-4.0,153.0
6936,mmrf_1830,train,True,True,246.0,-4.0,250.0
6937,mmrf_1830,train,True,True,338.0,-4.0,342.0
6938,mmrf_1830,train,True,True,457.0,-4.0,461.0
6939,mmrf_1830,train,True,True,542.0,-4.0,546.0
6940,mmrf_1830,train,True,True,639.0,-4.0,643.0
6941,mmrf_1830,train,True,True,751.0,-4.0,755.0
6942,mmrf_1830,train,True,True,835.0,-4.0,839.0
6943,mmrf_1830,train,True,True,933.0,-4.0,937.0
6944,mmrf_1830,train,True,True,981.0,-4.0,985.0
6945,mmrf_1830,train,True,True,1102.0,-4.0,1106.0
6946,mmrf_1830,train,True,True,1177.0,-4.0,1181.0
6947,mmrf_1830,train,True,True,1256.0,-4.0,1260.0
6948,mmrf_1830,train,True,True,1317.0,-4.0,1321.0
6949,mmrf_1830,train,True,True,1487.0,-4.0,1491.0
6950,mmrf_1830,train,True,True,1625.0,-4.0,1629.0
6951,mmrf_1830,train,True,True,1795.0,-4.0,1799.0
6952,mmrf_1830,train,True,True,1815.0,-4.0,1819.0
6953,mmrf_1830,train,True,True,2013.0,-4.0,2017.0
6954,mmrf_1830,train,True,True,2382.0,-4.0,2386.0
6955,mmrf_1830,train,False,True,2544.0,-4.0,2548.0
6956,mmrf_1830,train,False,True,2746.0,-4.0,2750.0
6957,mmrf_1831,test,True,True,100.0,-4.0,104.0
6958,mmrf_1831,test,True,True,198.0,-4.0,202.0
6959,mmrf_1831,test,True,True,254.0,-4.0,258.0
6960,mmrf_1831,test,True,True,338.0,-4.0,342.0
6961,mmrf_1831,test,True,True,422.0,-4.0,426.0
6962,mmrf_1831,test,True,True,520.0,-4.0,524.0
6963,mmrf_1831,test,True,True,744.0,-4.0,748.0
6964,mmrf_1831,test,True,True,786.0,-4.0,790.0
6965,mmrf_1831,test,True,True,870.0,-4.0,874.0
6966,mmrf_1831,test,True,True,1038.0,-4.0,1042.0
6967,mmrf_1831,test,True,True,1284.0,-4.0,1288.0
6968,mmrf_1831,test,True,True,1367.0,-4.0,1371.0
6969,mmrf_1831,test,True,True,1451.0,-4.0,1455.0
6970,mmrf_1832,val,True,True,89.0,-8.0,97.0
6971,mmrf_1832,val,True,True,183.0,-8.0,191.0
6972,mmrf_1832,val,True,True,257.0,-8.0,265.0
6973,mmrf_1832,val,True,True,369.0,-8.0,377.0
6974,mmrf_1832,val,True,True,453.0,-8.0,461.0
6975,mmrf_1832,val,True,True,537.0,-8.0,545.0
6976,mmrf_1832,val,True,True,621.0,-8.0,629.0
6977,mmrf_1832,val,True,True,705.0,-8.0,713.0
6978,mmrf_1832,val,True,True,789.0,-8.0,797.0
6979,mmrf_1832,val,True,True,901.0,-8.0,909.0
6980,mmrf_1832,val,True,True,985.0,-8.0,993.0
6981,mmrf_1832,val,True,True,1076.0,-8.0,1084.0
6982,mmrf_1833,val,True,True,99.0,-39.0,138.0
6983,mmrf_1833,val,True,True,204.0,-39.0,243.0
6984,mmrf_1833,val,True,True,260.0,-39.0,299.0
6985,mmrf_1833,val,True,True,345.0,-39.0,384.0
6986,mmrf_1833,val,True,True,452.0,-39.0,491.0
6987,mmrf_1833,val,True,True,551.0,-39.0,590.0
6988,mmrf_1833,val,True,True,649.0,-39.0,688.0
6989,mmrf_1833,val,True,True,739.0,-39.0,778.0
6990,mmrf_1833,val,True,True,827.0,-39.0,866.0
6991,mmrf_1833,val,True,True,925.0,-39.0,964.0
6992,mmrf_1833,val,True,True,995.0,-39.0,1034.0
6993,mmrf_1833,val,True,True,1072.0,-39.0,1111.0
6994,mmrf_1833,val,True,True,1185.0,-39.0,1224.0
6995,mmrf_1833,val,True,True,1275.0,-39.0,1314.0
6996,mmrf_1833,val,True,True,1327.0,-39.0,1366.0
6997,mmrf_1833,val,True,True,1453.0,-39.0,1492.0
6998,mmrf_1833,val,True,True,1514.0,-39.0,1553.0
6999,mmrf_1833,val,True,True,1573.0,-39.0,1612.0
7000,mmrf_1833,val,True,True,1724.0,-39.0,1763.0
7001,mmrf_1833,val,True,True,1803.0,-39.0,1842.0
7002,mmrf_1833,val,True,True,2006.0,-39.0,2045.0
7003,mmrf_1833,val,True,True,2145.0,-39.0,2184.0
7004,mmrf_1833,val,True,True,2355.0,-39.0,2394.0
7005,mmrf_1833,val,True,True,2551.0,-39.0,2590.0
7006,mmrf_1833,val,True,True,2747.0,-39.0,2786.0
7015,mmrf_1835,train,True,True,92.0,-18.0,110.0
7016,mmrf_1835,train,True,True,183.0,-18.0,201.0
7017,mmrf_1835,train,True,True,267.0,-18.0,285.0
7018,mmrf_1835,train,True,True,373.0,-18.0,391.0
7019,mmrf_1835,train,True,True,457.0,-18.0,475.0
7020,mmrf_1835,train,True,True,540.0,-18.0,558.0
7021,mmrf_1835,train,True,True,624.0,-18.0,642.0
7022,mmrf_1835,train,True,True,737.0,-18.0,755.0
7023,mmrf_1835,train,False,True,821.0,-18.0,839.0
7024,mmrf_1835,train,True,True,906.0,-18.0,924.0
7025,mmrf_1835,train,True,True,997.0,-18.0,1015.0
7026,mmrf_1835,train,True,True,1103.0,-18.0,1121.0
7027,mmrf_1835,train,True,True,1186.0,-18.0,1204.0
7028,mmrf_1835,train,True,True,1270.0,-18.0,1288.0
7029,mmrf_1835,train,True,True,1360.0,-18.0,1378.0
7030,mmrf_1835,train,True,True,1465.0,-18.0,1483.0
7031,mmrf_1835,train,True,True,1549.0,-18.0,1567.0
7032,mmrf_1835,train,True,True,1634.0,-18.0,1652.0
7033,mmrf_1835,train,True,True,1725.0,-18.0,1743.0
7034,mmrf_1835,train,True,True,1801.0,-18.0,1819.0
7035,mmrf_1835,train,True,True,1969.0,-18.0,1987.0
7036,mmrf_1835,train,True,True,2187.0,-18.0,2205.0
7037,mmrf_1835,train,True,True,2362.0,-18.0,2380.0
7038,mmrf_1835,train,True,True,2530.0,-18.0,2548.0
7039,mmrf_1835,train,True,True,2698.0,-18.0,2716.0
7040,mmrf_1837,test,True,True,78.0,-15.0,93.0
7041,mmrf_1837,test,True,True,150.0,-15.0,165.0
7042,mmrf_1837,test,True,True,329.0,-15.0,344.0
7043,mmrf_1837,test,True,True,441.0,-15.0,456.0
7044,mmrf_1837,test,True,True,511.0,-15.0,526.0
7045,mmrf_1837,test,True,True,700.0,-15.0,715.0
7046,mmrf_1837,test,True,True,882.0,-15.0,897.0
7047,mmrf_1837,test,True,True,973.0,-15.0,988.0
7048,mmrf_1837,test,True,True,1267.0,-15.0,1282.0
7049,mmrf_1837,test,True,True,1323.0,-15.0,1338.0
7050,mmrf_1837,test,True,True,1442.0,-15.0,1457.0
7051,mmrf_1837,test,True,True,1526.0,-15.0,1541.0
7052,mmrf_1837,test,True,True,1617.0,-15.0,1632.0
7053,mmrf_1837,test,True,True,1701.0,-15.0,1716.0
7054,mmrf_1837,test,True,True,1806.0,-15.0,1821.0
7055,mmrf_1837,test,True,True,1995.0,-15.0,2010.0
7056,mmrf_1837,test,True,True,2163.0,-15.0,2178.0
7057,mmrf_1837,test,True,True,2366.0,-15.0,2381.0
7058,mmrf_1837,test,True,True,2534.0,-15.0,2549.0
7059,mmrf_1837,test,True,True,2730.0,-15.0,2745.0
7061,mmrf_1838,train,True,True,180.0,167.0,13.0
7062,mmrf_1838,train,True,True,259.0,167.0,92.0
7063,mmrf_1838,train,True,True,356.0,167.0,189.0
7064,mmrf_1838,train,True,True,454.0,167.0,287.0
7065,mmrf_1838,train,True,True,526.0,167.0,359.0
7066,mmrf_1838,train,True,True,686.0,167.0,519.0
7067,mmrf_1838,train,True,True,797.0,167.0,630.0
7068,mmrf_1838,train,True,True,882.0,167.0,715.0
7069,mmrf_1839,train,True,True,80.0,-14.0,94.0
7070,mmrf_1839,train,True,True,155.0,-14.0,169.0
7071,mmrf_1839,train,True,True,261.0,-14.0,275.0
7072,mmrf_1839,train,True,True,336.0,-14.0,350.0
7073,mmrf_1839,train,True,True,442.0,-14.0,456.0
7074,mmrf_1839,train,True,True,529.0,-14.0,543.0
7075,mmrf_1839,train,True,True,611.0,-14.0,625.0
7076,mmrf_1839,train,True,True,674.0,-14.0,688.0
7077,mmrf_1839,train,True,True,786.0,-14.0,800.0
7078,mmrf_1839,train,True,True,898.0,-14.0,912.0
7079,mmrf_1839,train,True,True,988.0,-14.0,1002.0
7080,mmrf_1839,train,True,True,1080.0,-14.0,1094.0
7081,mmrf_1839,train,True,True,1184.0,-14.0,1198.0
7082,mmrf_1839,train,True,True,1282.0,-14.0,1296.0
7083,mmrf_1839,train,True,True,1351.0,-14.0,1365.0
7084,mmrf_1839,train,True,True,1542.0,-14.0,1556.0
7085,mmrf_1839,train,True,True,1633.0,-14.0,1647.0
7107,mmrf_1842,train,True,True,64.0,-26.0,90.0
7108,mmrf_1842,train,True,True,190.0,-26.0,216.0
7109,mmrf_1842,train,True,True,260.0,-26.0,286.0
7110,mmrf_1842,train,True,True,354.0,-26.0,380.0
7111,mmrf_1842,train,True,True,466.0,-26.0,492.0
7112,mmrf_1842,train,True,True,548.0,-26.0,574.0
7113,mmrf_1842,train,True,True,583.0,-26.0,609.0
7114,mmrf_1842,train,True,True,731.0,-26.0,757.0
7115,mmrf_1842,train,True,True,814.0,-26.0,840.0
7116,mmrf_1842,train,True,True,892.0,-26.0,918.0
7117,mmrf_1842,train,True,True,996.0,-26.0,1022.0
7118,mmrf_1842,train,True,True,1094.0,-26.0,1120.0
7119,mmrf_1842,train,True,True,1187.0,-26.0,1213.0
7120,mmrf_1842,train,True,True,1269.0,-26.0,1295.0
7121,mmrf_1842,train,True,True,1354.0,-26.0,1380.0
7122,mmrf_1842,train,True,True,1437.0,-26.0,1463.0
7123,mmrf_1845,train,True,True,85.0,-14.0,99.0
7124,mmrf_1845,train,True,True,162.0,-14.0,176.0
7125,mmrf_1845,train,True,True,246.0,-14.0,260.0
7126,mmrf_1845,train,True,True,358.0,-14.0,372.0
7127,mmrf_1845,train,True,True,428.0,-14.0,442.0
7128,mmrf_1845,train,True,True,568.0,-14.0,582.0
7129,mmrf_1845,train,True,True,652.0,-14.0,666.0
7130,mmrf_1845,train,True,True,750.0,-14.0,764.0
7131,mmrf_1845,train,True,True,792.0,-14.0,806.0
7132,mmrf_1845,train,True,True,897.0,-14.0,911.0
7133,mmrf_1845,train,True,True,981.0,-14.0,995.0
7134,mmrf_1845,train,True,True,1065.0,-14.0,1079.0
7135,mmrf_1845,train,True,True,1115.0,-14.0,1129.0
7136,mmrf_1845,train,True,True,1167.0,-14.0,1181.0
7137,mmrf_1845,train,True,True,1254.0,-14.0,1268.0
7138,mmrf_1845,train,True,True,1356.0,-14.0,1370.0
7139,mmrf_1845,train,True,True,1422.0,-14.0,1436.0
7140,mmrf_1845,train,True,True,1541.0,-14.0,1555.0
7141,mmrf_1845,train,True,True,1611.0,-14.0,1625.0
7142,mmrf_1845,train,True,True,1709.0,-14.0,1723.0
7143,mmrf_1845,train,True,True,1828.0,-14.0,1842.0
7144,mmrf_1845,train,True,True,1982.0,-14.0,1996.0
7145,mmrf_1845,train,True,True,2185.0,-14.0,2199.0
7146,mmrf_1845,train,True,True,2529.0,-14.0,2543.0
7147,mmrf_1845,train,True,True,2774.0,-14.0,2788.0
7148,mmrf_1846,test,True,True,84.0,-12.0,96.0
7149,mmrf_1846,test,True,True,168.0,-12.0,180.0
7150,mmrf_1846,test,True,True,259.0,-12.0,271.0
7151,mmrf_1846,test,True,True,343.0,-12.0,355.0
7152,mmrf_1846,test,True,True,477.0,-12.0,489.0
7153,mmrf_1846,test,True,True,652.0,-12.0,664.0
7154,mmrf_1846,test,True,True,743.0,-12.0,755.0
7155,mmrf_1846,test,True,True,834.0,-12.0,846.0
7156,mmrf_1846,test,True,True,918.0,-12.0,930.0
7157,mmrf_1846,test,True,True,1009.0,-12.0,1021.0
7158,mmrf_1846,test,True,True,1093.0,-12.0,1105.0
7159,mmrf_1846,test,True,True,1177.0,-12.0,1189.0
7160,mmrf_1846,test,True,True,1268.0,-12.0,1280.0
7161,mmrf_1846,test,True,True,1324.0,-12.0,1336.0
7162,mmrf_1846,test,True,True,1408.0,-12.0,1420.0
7163,mmrf_1846,test,True,True,1499.0,-12.0,1511.0
7164,mmrf_1846,test,True,True,1583.0,-12.0,1595.0
7165,mmrf_1846,test,True,True,1723.0,-12.0,1735.0
7166,mmrf_1846,test,True,True,1786.0,-12.0,1798.0
7167,mmrf_1846,test,True,True,1960.0,-12.0,1972.0
7168,mmrf_1846,test,True,True,2156.0,-12.0,2168.0
7169,mmrf_1846,test,True,True,2324.0,-12.0,2336.0
7170,mmrf_1846,test,True,True,2388.0,-12.0,2400.0
7171,mmrf_1846,test,True,True,2549.0,-12.0,2561.0
7172,mmrf_1846,test,True,True,2800.0,-12.0,2812.0
7173,mmrf_1847,train,True,True,128.0,-13.0,141.0
7174,mmrf_1847,train,True,True,264.0,-13.0,277.0
7175,mmrf_1847,train,True,True,364.0,-13.0,377.0
7176,mmrf_1847,train,True,True,455.0,-13.0,468.0
7177,mmrf_1847,train,True,True,553.0,-13.0,566.0
7178,mmrf_1847,train,True,True,798.0,-13.0,811.0
7179,mmrf_1847,train,True,True,896.0,-13.0,909.0
7180,mmrf_1847,train,True,True,987.0,-13.0,1000.0
7181,mmrf_1847,train,True,True,1085.0,-13.0,1098.0
7182,mmrf_1847,train,True,True,1169.0,-13.0,1182.0
7183,mmrf_1847,train,True,True,1267.0,-13.0,1280.0
7184,mmrf_1847,train,True,True,1359.0,-13.0,1372.0
7185,mmrf_1847,train,True,True,1450.0,-13.0,1463.0
7186,mmrf_1847,train,True,True,1541.0,-13.0,1554.0
7187,mmrf_1847,train,True,True,1632.0,-13.0,1645.0
7188,mmrf_1847,train,True,True,1723.0,-13.0,1736.0
7189,mmrf_1847,train,True,True,1814.0,-13.0,1827.0
7190,mmrf_1847,train,True,True,1895.0,-13.0,1908.0
7191,mmrf_1847,train,True,True,2080.0,-13.0,2093.0
7192,mmrf_1847,train,False,True,2234.0,-13.0,2247.0
7193,mmrf_1850,train,True,True,51.0,-41.0,92.0
7194,mmrf_1850,train,True,True,150.0,-41.0,191.0
7195,mmrf_1850,train,True,True,249.0,-41.0,290.0
7196,mmrf_1850,train,True,True,338.0,-41.0,379.0
7197,mmrf_1850,train,True,True,453.0,-41.0,494.0
7198,mmrf_1850,train,True,True,533.0,-41.0,574.0
7199,mmrf_1850,train,True,True,625.0,-41.0,666.0
7200,mmrf_1850,train,True,True,723.0,-41.0,764.0
7201,mmrf_1850,train,True,True,814.0,-41.0,855.0
7202,mmrf_1850,train,True,True,905.0,-41.0,946.0
7203,mmrf_1850,train,True,True,998.0,-41.0,1039.0
7204,mmrf_1850,train,True,True,1089.0,-41.0,1130.0
7205,mmrf_1850,train,True,True,1187.0,-41.0,1228.0
7206,mmrf_1850,train,True,True,1282.0,-41.0,1323.0
7207,mmrf_1850,train,True,True,1527.0,-41.0,1568.0
7208,mmrf_1850,train,False,True,1669.0,-41.0,1710.0
7209,mmrf_1850,train,False,True,1858.0,-41.0,1899.0
7210,mmrf_1850,train,False,True,2088.0,-41.0,2129.0
7211,mmrf_1850,train,True,True,2342.0,-41.0,2383.0
7212,mmrf_1850,train,True,True,2507.0,-41.0,2548.0
7213,mmrf_1850,train,True,True,2696.0,-41.0,2737.0
7214,mmrf_1854,val,True,True,64.0,-13.0,77.0
7215,mmrf_1854,val,True,True,179.0,-13.0,192.0
7216,mmrf_1854,val,True,True,253.0,-13.0,266.0
7217,mmrf_1854,val,True,True,365.0,-13.0,378.0
7218,mmrf_1854,val,True,True,457.0,-13.0,470.0
7219,mmrf_1854,val,True,True,547.0,-13.0,560.0
7220,mmrf_1854,val,True,True,625.0,-13.0,638.0
7221,mmrf_1854,val,True,True,729.0,-13.0,742.0
7222,mmrf_1854,val,True,True,793.0,-13.0,806.0
7223,mmrf_1854,val,True,True,911.0,-13.0,924.0
7224,mmrf_1854,val,True,True,1066.0,-13.0,1079.0
7225,mmrf_1854,val,True,True,1156.0,-13.0,1169.0
7226,mmrf_1854,val,True,True,1282.0,-13.0,1295.0
7227,mmrf_1854,val,True,True,1653.0,-13.0,1666.0
7228,mmrf_1855,train,True,True,92.0,-7.0,99.0
7229,mmrf_1855,train,True,True,183.0,-7.0,190.0
7230,mmrf_1855,train,True,True,260.0,-7.0,267.0
7231,mmrf_1855,train,True,True,351.0,-7.0,358.0
7232,mmrf_1855,train,True,True,463.0,-7.0,470.0
7233,mmrf_1855,train,True,True,548.0,-7.0,555.0
7234,mmrf_1855,train,True,True,629.0,-7.0,636.0
7235,mmrf_1855,train,True,True,715.0,-7.0,722.0
7236,mmrf_1856,train,True,True,88.0,-8.0,96.0
7237,mmrf_1856,train,True,True,148.0,-8.0,156.0
7238,mmrf_1856,train,True,True,253.0,-8.0,261.0
7239,mmrf_1856,train,True,True,361.0,-8.0,369.0
7240,mmrf_1856,train,True,True,445.0,-8.0,453.0
7241,mmrf_1856,train,True,True,559.0,-8.0,567.0
7242,mmrf_1856,train,True,True,644.0,-8.0,652.0
7243,mmrf_1856,train,True,True,728.0,-8.0,736.0
7244,mmrf_1856,train,True,True,819.0,-8.0,827.0
7245,mmrf_1856,train,True,True,1348.0,-8.0,1356.0
7246,mmrf_1856,train,True,True,1546.0,-8.0,1554.0
7247,mmrf_1856,train,True,True,1602.0,-8.0,1610.0
7248,mmrf_1856,train,True,True,1685.0,-8.0,1693.0
7249,mmrf_1856,train,True,True,1797.0,-8.0,1805.0
7250,mmrf_1856,train,True,True,1966.0,-8.0,1974.0
7251,mmrf_1857,train,True,True,79.0,-13.0,92.0
7252,mmrf_1857,train,True,True,188.0,-13.0,201.0
7253,mmrf_1857,train,True,True,273.0,-13.0,286.0
7254,mmrf_1857,train,True,True,334.0,-13.0,347.0
7255,mmrf_1857,train,True,True,446.0,-13.0,459.0
7256,mmrf_1857,train,True,True,532.0,-13.0,545.0
7269,mmrf_1859,test,True,True,99.0,-1.0,100.0
7270,mmrf_1859,test,True,True,211.0,-1.0,212.0
7271,mmrf_1859,test,True,True,266.0,-1.0,267.0
7272,mmrf_1859,test,True,True,357.0,-1.0,358.0
7273,mmrf_1859,test,True,True,449.0,-1.0,450.0
7274,mmrf_1859,test,True,True,547.0,-1.0,548.0
7275,mmrf_1859,test,True,True,721.0,-1.0,722.0
7276,mmrf_1859,test,True,True,860.0,-1.0,861.0
7277,mmrf_1859,test,True,True,952.0,-1.0,953.0
7278,mmrf_1859,test,True,True,1093.0,-1.0,1094.0
7279,mmrf_1859,test,True,True,1282.0,-1.0,1283.0
7280,mmrf_1859,test,True,True,1450.0,-1.0,1451.0
7281,mmrf_1859,test,True,True,1667.0,-1.0,1668.0
7282,mmrf_1860,test,True,True,95.0,-17.0,112.0
7283,mmrf_1860,test,True,True,175.0,-17.0,192.0
7284,mmrf_1860,test,True,True,287.0,-17.0,304.0
7285,mmrf_1860,test,True,True,344.0,-17.0,361.0
7286,mmrf_1860,test,True,True,435.0,-17.0,452.0
7287,mmrf_1860,test,True,True,529.0,-17.0,546.0
7288,mmrf_1860,test,True,True,634.0,-17.0,651.0
7289,mmrf_1860,test,True,True,725.0,-17.0,742.0
7290,mmrf_1860,test,True,True,823.0,-17.0,840.0
7291,mmrf_1860,test,True,True,921.0,-17.0,938.0
7292,mmrf_1860,test,True,True,1012.0,-17.0,1029.0
7293,mmrf_1860,test,False,True,1103.0,-17.0,1120.0
7294,mmrf_1860,test,False,True,1194.0,-17.0,1211.0
7295,mmrf_1860,test,False,True,1320.0,-17.0,1337.0
7296,mmrf_1860,test,False,True,1418.0,-17.0,1435.0
7297,mmrf_1860,test,False,True,1523.0,-17.0,1540.0
7298,mmrf_1860,test,False,True,1614.0,-17.0,1631.0
7299,mmrf_1860,test,False,True,1705.0,-17.0,1722.0
7300,mmrf_1860,test,False,True,1796.0,-17.0,1813.0
7301,mmrf_1860,test,False,True,1971.0,-17.0,1988.0
7302,mmrf_1860,test,False,True,2231.0,-17.0,2248.0
7303,mmrf_1860,test,False,True,2321.0,-17.0,2338.0
7304,mmrf_1860,test,False,True,2595.0,-17.0,2612.0
7305,mmrf_1860,test,False,True,2706.0,-17.0,2723.0
7306,mmrf_1861,train,True,True,102.0,-56.0,158.0
7307,mmrf_1861,train,True,True,186.0,-56.0,242.0
7308,mmrf_1861,train,True,True,249.0,-56.0,305.0
7309,mmrf_1861,train,True,True,353.0,-56.0,409.0
7310,mmrf_1861,train,True,True,437.0,-56.0,493.0
7311,mmrf_1861,train,True,True,549.0,-56.0,605.0
7312,mmrf_1861,train,True,True,605.0,-56.0,661.0
7313,mmrf_1861,train,True,True,717.0,-56.0,773.0
7314,mmrf_1861,train,True,True,801.0,-56.0,857.0
7315,mmrf_1861,train,True,True,913.0,-56.0,969.0
7316,mmrf_1861,train,True,True,997.0,-56.0,1053.0
7317,mmrf_1861,train,True,True,1068.0,-56.0,1124.0
7318,mmrf_1861,train,True,True,1180.0,-56.0,1236.0
7319,mmrf_1862,train,True,True,164.0,-14.0,178.0
7320,mmrf_1862,train,True,True,268.0,-14.0,282.0
7321,mmrf_1862,train,True,True,372.0,-14.0,386.0
7322,mmrf_1862,train,True,True,724.0,-14.0,738.0
7323,mmrf_1862,train,True,True,814.0,-14.0,828.0
7324,mmrf_1862,train,True,True,919.0,-14.0,933.0
7325,mmrf_1862,train,True,True,1130.0,-14.0,1144.0
7326,mmrf_1862,train,True,True,1774.0,-14.0,1788.0
7327,mmrf_1862,train,True,True,1999.0,-14.0,2013.0
7328,mmrf_1862,train,True,True,2174.0,-14.0,2188.0
7329,mmrf_1862,train,True,True,2534.0,-14.0,2548.0
7330,mmrf_1865,val,True,True,103.0,-1.0,104.0
7331,mmrf_1865,val,True,True,172.0,-1.0,173.0
7332,mmrf_1865,val,True,True,454.0,-1.0,455.0
7333,mmrf_1865,val,True,True,646.0,-1.0,647.0
7334,mmrf_1865,val,True,True,747.0,-1.0,748.0
7335,mmrf_1865,val,True,True,839.0,-1.0,840.0
7336,mmrf_1865,val,True,True,932.0,-1.0,933.0
7337,mmrf_1865,val,True,True,1035.0,-1.0,1036.0
7338,mmrf_1865,val,True,True,1125.0,-1.0,1126.0
7339,mmrf_1865,val,False,True,1247.0,-1.0,1248.0
7340,mmrf_1865,val,False,True,1336.0,-1.0,1337.0
7341,mmrf_1865,val,False,True,1434.0,-1.0,1435.0
7342,mmrf_1865,val,False,True,1527.0,-1.0,1528.0
7343,mmrf_1865,val,False,True,1625.0,-1.0,1626.0
7344,mmrf_1865,val,False,True,1713.0,-1.0,1714.0
7345,mmrf_1865,val,False,True,1804.0,-1.0,1805.0
7346,mmrf_1865,val,False,True,1987.0,-1.0,1988.0
7347,mmrf_1865,val,False,True,2204.0,-1.0,2205.0
7348,mmrf_1865,val,False,True,2393.0,-1.0,2394.0
7349,mmrf_1865,val,False,True,2570.0,-1.0,2571.0
7350,mmrf_1865,val,False,True,2784.0,-1.0,2785.0
7369,mmrf_1867,train,True,True,93.0,-15.0,108.0
7370,mmrf_1867,train,True,True,159.0,-15.0,174.0
7371,mmrf_1867,train,True,True,250.0,-15.0,265.0
7372,mmrf_1867,train,True,True,343.0,-15.0,358.0
7373,mmrf_1867,train,True,True,399.0,-15.0,414.0
7374,mmrf_1867,train,True,True,511.0,-15.0,526.0
7375,mmrf_1867,train,True,True,628.0,-15.0,643.0
7376,mmrf_1867,train,True,True,686.0,-15.0,701.0
7377,mmrf_1867,train,True,True,798.0,-15.0,813.0
7378,mmrf_1867,train,True,True,910.0,-15.0,925.0
7379,mmrf_1867,train,True,True,966.0,-15.0,981.0
7380,mmrf_1867,train,True,True,1078.0,-15.0,1093.0
7381,mmrf_1867,train,True,True,1190.0,-15.0,1205.0
7382,mmrf_1867,train,True,True,1260.0,-15.0,1275.0
7383,mmrf_1867,train,True,True,1379.0,-15.0,1394.0
7384,mmrf_1867,train,True,True,1442.0,-15.0,1457.0
7385,mmrf_1867,train,True,True,1505.0,-15.0,1520.0
7386,mmrf_1867,train,True,True,1631.0,-15.0,1646.0
7387,mmrf_1867,train,True,True,1687.0,-15.0,1702.0
7388,mmrf_1867,train,True,True,1841.0,-15.0,1856.0
7389,mmrf_1867,train,True,True,1988.0,-15.0,2003.0
7390,mmrf_1867,train,True,True,2198.0,-15.0,2213.0
7391,mmrf_1867,train,True,True,2387.0,-15.0,2402.0
7392,mmrf_1867,train,True,True,2548.0,-15.0,2563.0
7393,mmrf_1867,train,False,True,2709.0,-15.0,2724.0
7394,mmrf_1871,test,True,True,97.0,-1.0,98.0
7395,mmrf_1871,test,True,True,186.0,-1.0,187.0
7396,mmrf_1871,test,True,True,263.0,-1.0,264.0
7397,mmrf_1871,test,True,True,356.0,-1.0,357.0
7398,mmrf_1871,test,True,True,446.0,-1.0,447.0
7399,mmrf_1871,test,True,True,532.0,-1.0,533.0
7400,mmrf_1871,test,True,True,641.0,-1.0,642.0
7401,mmrf_1871,test,True,True,713.0,-1.0,714.0
7402,mmrf_1871,test,True,True,810.0,-1.0,811.0
7403,mmrf_1871,test,True,True,902.0,-1.0,903.0
7404,mmrf_1871,test,True,True,1112.0,-1.0,1113.0
7405,mmrf_1871,test,True,True,1126.0,-1.0,1127.0
7406,mmrf_1871,test,True,True,1428.0,-1.0,1429.0
7407,mmrf_1871,test,True,True,1540.0,-1.0,1541.0
7408,mmrf_1871,test,True,True,1638.0,-1.0,1639.0
7409,mmrf_1871,test,True,True,1771.0,-1.0,1772.0
7410,mmrf_1871,test,True,True,1876.0,-1.0,1877.0
7411,mmrf_1871,test,True,True,2051.0,-1.0,2052.0
7412,mmrf_1876,train,True,True,57.0,-1.0,58.0
7413,mmrf_1876,train,True,True,183.0,-1.0,184.0
7414,mmrf_1876,train,True,True,276.0,-1.0,277.0
7415,mmrf_1876,train,True,True,445.0,-1.0,446.0
7416,mmrf_1879,test,True,True,85.0,-7.0,92.0
7417,mmrf_1879,test,True,True,169.0,-7.0,176.0
7418,mmrf_1880,test,True,True,96.0,-15.0,111.0
7419,mmrf_1880,test,True,True,187.0,-15.0,202.0
7420,mmrf_1880,test,True,True,275.0,-15.0,290.0
7421,mmrf_1880,test,True,True,357.0,-15.0,372.0
7422,mmrf_1881,val,True,True,80.0,-27.0,107.0
7423,mmrf_1881,val,True,True,143.0,-27.0,170.0
7424,mmrf_1881,val,True,True,225.0,-27.0,252.0
7425,mmrf_1881,val,True,True,352.0,-27.0,379.0
7426,mmrf_1881,val,True,True,414.0,-27.0,441.0
7427,mmrf_1881,val,True,True,527.0,-27.0,554.0
7428,mmrf_1881,val,True,True,609.0,-27.0,636.0
7429,mmrf_1881,val,True,True,667.0,-27.0,694.0
7430,mmrf_1881,val,True,True,760.0,-27.0,787.0
7431,mmrf_1881,val,True,True,899.0,-27.0,926.0
7432,mmrf_1881,val,True,True,1018.0,-27.0,1045.0
7433,mmrf_1881,val,True,True,1088.0,-27.0,1115.0
7434,mmrf_1881,val,True,True,1158.0,-27.0,1185.0
7435,mmrf_1881,val,True,True,1242.0,-27.0,1269.0
7436,mmrf_1881,val,True,True,1355.0,-27.0,1382.0
7437,mmrf_1881,val,True,True,1499.0,-27.0,1526.0
7438,mmrf_1882,test,True,True,364.0,-28.0,392.0
7439,mmrf_1882,test,True,True,443.0,-28.0,471.0
7440,mmrf_1882,test,True,True,800.0,-28.0,828.0
7441,mmrf_1882,test,True,True,905.0,-28.0,933.0
7442,mmrf_1882,test,True,True,994.0,-28.0,1022.0
7443,mmrf_1886,val,True,True,94.0,-4.0,98.0
7444,mmrf_1886,val,True,True,177.0,-4.0,181.0
7445,mmrf_1886,val,True,True,262.0,-4.0,266.0
7446,mmrf_1886,val,True,True,373.0,-4.0,377.0
7447,mmrf_1886,val,True,True,430.0,-4.0,434.0
7448,mmrf_1886,val,True,True,542.0,-4.0,546.0
7449,mmrf_1886,val,True,True,597.0,-4.0,601.0
7450,mmrf_1886,val,True,True,689.0,-4.0,693.0
7451,mmrf_1886,val,True,True,800.0,-4.0,804.0
7452,mmrf_1886,val,True,True,884.0,-4.0,888.0
7453,mmrf_1886,val,True,True,1010.0,-4.0,1014.0
7454,mmrf_1886,val,True,True,1080.0,-4.0,1084.0
7455,mmrf_1886,val,True,True,1171.0,-4.0,1175.0
7456,mmrf_1886,val,True,True,1262.0,-4.0,1266.0
7457,mmrf_1886,val,True,True,1493.0,-4.0,1497.0
7458,mmrf_1886,val,True,True,1626.0,-4.0,1630.0
7459,mmrf_1886,val,True,True,1730.0,-4.0,1734.0
7460,mmrf_1886,val,True,True,1814.0,-4.0,1818.0
7461,mmrf_1888,train,True,True,68.0,-59.0,127.0
7462,mmrf_1888,train,True,True,166.0,-59.0,225.0
7463,mmrf_1888,train,True,True,227.0,-59.0,286.0
7464,mmrf_1888,train,True,True,276.0,-59.0,335.0
7465,mmrf_1888,train,True,True,332.0,-59.0,391.0
7466,mmrf_1888,train,True,True,493.0,-59.0,552.0
7467,mmrf_1888,train,True,True,675.0,-59.0,734.0
7468,mmrf_1888,train,True,True,864.0,-59.0,923.0
7469,mmrf_1888,train,True,True,1046.0,-59.0,1105.0
7470,mmrf_1888,train,False,True,1235.0,-59.0,1294.0
7471,mmrf_1888,train,True,True,1332.0,-59.0,1391.0
7472,mmrf_1888,train,True,True,1423.0,-59.0,1482.0
7473,mmrf_1888,train,True,True,1521.0,-59.0,1580.0
7474,mmrf_1888,train,True,True,1612.0,-59.0,1671.0
7475,mmrf_1888,train,True,True,1710.0,-59.0,1769.0
7476,mmrf_1888,train,True,True,1787.0,-59.0,1846.0
7477,mmrf_1888,train,True,True,1962.0,-59.0,2021.0
7478,mmrf_1888,train,True,True,2179.0,-59.0,2238.0
7479,mmrf_1888,train,True,True,2270.0,-59.0,2329.0
7480,mmrf_1888,train,True,True,2459.0,-59.0,2518.0
7481,mmrf_1888,train,True,True,2592.0,-59.0,2651.0
7482,mmrf_1888,train,True,True,2718.0,-59.0,2777.0
7483,mmrf_1889,test,True,True,64.0,-34.0,98.0
7484,mmrf_1889,test,True,True,253.0,-34.0,287.0
7485,mmrf_1889,test,True,True,344.0,-34.0,378.0
7486,mmrf_1889,test,True,True,435.0,406.0,29.0
7487,mmrf_1889,test,True,True,526.0,406.0,120.0
7488,mmrf_1889,test,True,True,610.0,406.0,204.0
7489,mmrf_1889,test,True,True,638.0,406.0,232.0
7490,mmrf_1889,test,True,True,687.0,406.0,281.0
7491,mmrf_1891,test,True,True,43.0,-43.0,86.0
7492,mmrf_1891,test,True,True,137.0,-43.0,180.0
7493,mmrf_1891,test,True,True,204.0,-43.0,247.0
7494,mmrf_1891,test,True,True,599.0,-43.0,642.0
7495,mmrf_1891,test,True,True,687.0,-43.0,730.0
7496,mmrf_1891,test,True,True,771.0,-43.0,814.0
7497,mmrf_1891,test,True,True,855.0,-43.0,898.0
7498,mmrf_1891,test,True,True,918.0,-43.0,961.0
7499,mmrf_1891,test,True,True,1037.0,-43.0,1080.0
7500,mmrf_1891,test,True,True,1114.0,-43.0,1157.0
7501,mmrf_1891,test,True,True,1198.0,-43.0,1241.0
7502,mmrf_1891,test,True,True,1324.0,-43.0,1367.0
7503,mmrf_1891,test,True,True,1380.0,-43.0,1423.0
7504,mmrf_1891,test,True,True,1506.0,-43.0,1549.0
7505,mmrf_1891,test,True,True,1590.0,-43.0,1633.0
7506,mmrf_1891,test,True,True,1702.0,-43.0,1745.0
7507,mmrf_1891,test,True,True,1786.0,-43.0,1829.0
7508,mmrf_1891,test,True,True,1989.0,-43.0,2032.0
7509,mmrf_1891,test,True,True,2143.0,-43.0,2186.0
7510,mmrf_1891,test,True,True,2353.0,-43.0,2396.0
7511,mmrf_1891,test,True,True,2549.0,-43.0,2592.0
7512,mmrf_1891,test,True,True,2696.0,-43.0,2739.0
7513,mmrf_1893,val,True,True,57.0,-7.0,64.0
7514,mmrf_1893,val,True,True,144.0,-7.0,151.0
7515,mmrf_1893,val,True,True,252.0,-7.0,259.0
7516,mmrf_1893,val,True,True,414.0,-7.0,421.0
7517,mmrf_1893,val,True,True,505.0,-7.0,512.0
7518,mmrf_1893,val,True,True,680.0,-7.0,687.0
7519,mmrf_1893,val,True,True,773.0,-7.0,780.0
7520,mmrf_1893,val,True,True,878.0,-7.0,885.0
7521,mmrf_1893,val,True,True,1176.0,-7.0,1183.0
7522,mmrf_1893,val,True,True,1359.0,-7.0,1366.0
7523,mmrf_1893,val,True,True,1456.0,-7.0,1463.0
7524,mmrf_1893,val,True,True,1544.0,-7.0,1551.0
7525,mmrf_1893,val,True,True,1575.0,-7.0,1582.0
7526,mmrf_1893,val,True,True,1739.0,-7.0,1746.0
7527,mmrf_1895,train,True,True,81.0,-12.0,93.0
7528,mmrf_1895,train,True,True,177.0,-12.0,189.0
7529,mmrf_1895,train,True,True,270.0,-12.0,282.0
7530,mmrf_1895,train,True,True,287.0,-12.0,299.0
7531,mmrf_1895,train,True,True,352.0,-12.0,364.0
7532,mmrf_1895,train,False,True,458.0,-12.0,470.0
7533,mmrf_1895,train,False,True,549.0,-12.0,561.0
7534,mmrf_1895,train,False,True,640.0,-12.0,652.0
7535,mmrf_1895,train,False,True,730.0,-12.0,742.0
7536,mmrf_1895,train,False,True,823.0,-12.0,835.0
7537,mmrf_1895,train,False,True,914.0,-12.0,926.0
7538,mmrf_1895,train,False,True,1005.0,-12.0,1017.0
7539,mmrf_1895,train,False,True,1096.0,-12.0,1108.0
7540,mmrf_1895,train,False,True,1187.0,-12.0,1199.0
7541,mmrf_1895,train,True,True,1348.0,-12.0,1360.0
7542,mmrf_1895,train,True,True,1444.0,-12.0,1456.0
7543,mmrf_1895,train,True,True,1537.0,-12.0,1549.0
7544,mmrf_1900,train,True,True,71.0,-13.0,84.0
7545,mmrf_1900,train,True,True,288.0,-13.0,301.0
7546,mmrf_1900,train,True,True,407.0,-13.0,420.0
7547,mmrf_1900,train,True,True,489.0,-13.0,502.0
7548,mmrf_1900,train,True,True,595.0,-13.0,608.0
7549,mmrf_1900,train,True,True,708.0,-13.0,721.0
7550,mmrf_1900,train,True,True,771.0,-13.0,784.0
7551,mmrf_1900,train,True,True,834.0,-13.0,847.0
7552,mmrf_1900,train,True,True,925.0,-13.0,938.0
7553,mmrf_1900,train,True,True,960.0,-13.0,973.0
7554,mmrf_1906,train,True,True,92.0,-2.0,94.0
7555,mmrf_1906,train,True,True,168.0,-2.0,170.0
7556,mmrf_1906,train,True,True,281.0,-2.0,283.0
7557,mmrf_1906,train,True,True,351.0,-2.0,353.0
7558,mmrf_1906,train,True,True,449.0,-2.0,451.0
7559,mmrf_1906,train,True,True,533.0,-2.0,535.0
7560,mmrf_1906,train,True,True,617.0,-2.0,619.0
7561,mmrf_1906,train,True,True,729.0,-2.0,731.0
7562,mmrf_1906,train,True,True,785.0,-2.0,787.0
7563,mmrf_1908,train,True,True,91.0,-5.0,96.0
7564,mmrf_1908,train,True,True,176.0,-5.0,181.0
7565,mmrf_1908,train,False,True,255.0,-5.0,260.0
7566,mmrf_1908,train,False,True,351.0,-5.0,356.0
7567,mmrf_1908,train,True,True,460.0,-5.0,465.0
7568,mmrf_1908,train,True,True,640.0,-5.0,645.0
7569,mmrf_1908,train,True,True,718.0,-5.0,723.0
7570,mmrf_1908,train,True,True,982.0,-5.0,987.0
7571,mmrf_1908,train,True,True,1086.0,-5.0,1091.0
7572,mmrf_1908,train,True,True,1172.0,-5.0,1177.0
7573,mmrf_1908,train,True,True,1480.0,-5.0,1485.0
7574,mmrf_1908,train,True,True,1552.0,-5.0,1557.0
7575,mmrf_1908,train,True,True,1648.0,-5.0,1653.0
7576,mmrf_1908,train,True,True,1746.0,-5.0,1751.0
7577,mmrf_1908,train,True,True,1816.0,-5.0,1821.0
7578,mmrf_1910,train,True,True,121.0,22.0,99.0
7579,mmrf_1910,train,True,True,217.0,22.0,195.0
7580,mmrf_1910,train,True,True,288.0,22.0,266.0
7581,mmrf_1910,train,True,True,367.0,22.0,345.0
7582,mmrf_1910,train,True,True,478.0,22.0,456.0
7583,mmrf_1911,test,True,True,70.0,-13.0,83.0
7584,mmrf_1911,test,True,True,164.0,-13.0,177.0
7585,mmrf_1911,test,True,True,246.0,-13.0,259.0
7586,mmrf_1911,test,True,True,360.0,-13.0,373.0
7587,mmrf_1911,test,True,True,542.0,-13.0,555.0
7588,mmrf_1911,test,True,True,640.0,-13.0,653.0
7589,mmrf_1911,test,True,True,724.0,-13.0,737.0
7590,mmrf_1911,test,True,True,824.0,-13.0,837.0
7591,mmrf_1911,test,True,True,906.0,-13.0,919.0
7592,mmrf_1911,test,True,True,990.0,-13.0,1003.0
7593,mmrf_1911,test,True,True,1242.0,-13.0,1255.0
7594,mmrf_1911,test,True,True,1354.0,-13.0,1367.0
7595,mmrf_1911,test,True,True,1439.0,-13.0,1452.0
7596,mmrf_1911,test,True,True,1529.0,-13.0,1542.0
7597,mmrf_1911,test,True,True,1620.0,-13.0,1633.0
7598,mmrf_1911,test,True,True,1711.0,-13.0,1724.0
7599,mmrf_1911,test,True,True,1813.0,-13.0,1826.0
7600,mmrf_1911,test,True,True,1970.0,-13.0,1983.0
7601,mmrf_1911,test,True,True,2103.0,-13.0,2116.0
7602,mmrf_1911,test,True,True,2348.0,-13.0,2361.0
7603,mmrf_1911,test,True,True,2555.0,-13.0,2568.0
7604,mmrf_1911,test,True,True,2698.0,-13.0,2711.0
7605,mmrf_1912,val,True,True,85.0,-10.0,95.0
7606,mmrf_1912,val,True,True,176.0,-10.0,186.0
7607,mmrf_1912,val,True,True,267.0,-10.0,277.0
7617,mmrf_1913,train,True,True,874.0,794.0,80.0
7618,mmrf_1913,train,True,True,957.0,794.0,163.0
7619,mmrf_1913,train,True,True,1069.0,794.0,275.0
7620,mmrf_1913,train,True,True,1152.0,794.0,358.0
7621,mmrf_1913,train,True,True,1237.0,794.0,443.0
7622,mmrf_1913,train,True,True,1320.0,794.0,526.0
7623,mmrf_1915,train,True,True,82.0,0.0,82.0
7624,mmrf_1915,train,True,True,173.0,0.0,173.0
7625,mmrf_1915,train,True,True,269.0,0.0,269.0
7626,mmrf_1915,train,True,True,353.0,0.0,353.0
7627,mmrf_1915,train,True,True,445.0,0.0,445.0
7628,mmrf_1915,train,True,True,551.0,0.0,551.0
7629,mmrf_1915,train,True,True,675.0,0.0,675.0
7630,mmrf_1915,train,True,True,850.0,0.0,850.0
7631,mmrf_1915,train,True,True,915.0,0.0,915.0
7632,mmrf_1915,train,True,True,983.0,0.0,983.0
7633,mmrf_1915,train,True,True,1130.0,0.0,1130.0
7634,mmrf_1915,train,True,True,1228.0,0.0,1228.0
7635,mmrf_1915,train,True,True,1353.0,0.0,1353.0
7636,mmrf_1915,train,True,True,1444.0,0.0,1444.0
7637,mmrf_1915,train,True,True,1514.0,0.0,1514.0
7638,mmrf_1915,train,True,True,1577.0,0.0,1577.0
7639,mmrf_1915,train,True,True,1640.0,0.0,1640.0
7640,mmrf_1915,train,True,True,1696.0,0.0,1696.0
7641,mmrf_1915,train,True,True,1787.0,0.0,1787.0
7642,mmrf_1915,train,True,True,1899.0,0.0,1899.0
7643,mmrf_1915,train,True,True,2053.0,0.0,2053.0
7644,mmrf_1915,train,True,True,2242.0,0.0,2242.0
7645,mmrf_1915,train,True,True,2431.0,0.0,2431.0
7646,mmrf_1915,train,True,True,2760.0,0.0,2760.0
7647,mmrf_1916,test,True,True,62.0,-1.0,63.0
7648,mmrf_1916,test,True,True,141.0,-1.0,142.0
7649,mmrf_1916,test,True,True,258.0,-1.0,259.0
7650,mmrf_1916,test,True,True,342.0,-1.0,343.0
7651,mmrf_1916,test,True,True,440.0,-1.0,441.0
7652,mmrf_1916,test,True,True,524.0,-1.0,525.0
7653,mmrf_1916,test,True,True,594.0,-1.0,595.0
7654,mmrf_1916,test,True,True,717.0,-1.0,718.0
7655,mmrf_1916,test,True,True,773.0,-1.0,774.0
7656,mmrf_1916,test,True,True,864.0,-1.0,865.0
7657,mmrf_1916,test,True,True,976.0,-1.0,977.0
7658,mmrf_1916,test,True,True,1056.0,-1.0,1057.0
7659,mmrf_1916,test,True,True,1156.0,-1.0,1157.0
7660,mmrf_1916,test,True,True,1252.0,-1.0,1253.0
7661,mmrf_1916,test,True,True,1323.0,-1.0,1324.0
7662,mmrf_1916,test,True,True,1408.0,-1.0,1409.0
7663,mmrf_1916,test,True,True,1514.0,-1.0,1515.0
7664,mmrf_1917,train,False,True,72.0,-22.0,94.0
7665,mmrf_1917,train,True,True,164.0,-22.0,186.0
7666,mmrf_1917,train,True,True,256.0,-22.0,278.0
7667,mmrf_1917,train,True,True,343.0,-22.0,365.0
7668,mmrf_1917,train,True,True,431.0,-22.0,453.0
7669,mmrf_1917,train,True,True,529.0,-22.0,551.0
7670,mmrf_1917,train,True,True,571.0,-22.0,593.0
7671,mmrf_1918,train,True,True,63.0,-77.0,140.0
7672,mmrf_1918,train,True,True,113.0,-77.0,190.0
7673,mmrf_1918,train,True,True,214.0,-77.0,291.0
7674,mmrf_1918,train,True,True,308.0,-77.0,385.0
7675,mmrf_1918,train,True,True,451.0,-77.0,528.0
7676,mmrf_1918,train,True,True,547.0,-77.0,624.0
7677,mmrf_1918,train,True,True,644.0,-77.0,721.0
7678,mmrf_1918,train,True,True,723.0,-77.0,800.0
7679,mmrf_1918,train,True,True,799.0,-77.0,876.0
7680,mmrf_1918,train,True,True,889.0,-77.0,966.0
7681,mmrf_1918,train,True,True,980.0,-77.0,1057.0
7682,mmrf_1918,train,True,True,1088.0,-77.0,1165.0
7683,mmrf_1918,train,True,True,1170.0,-77.0,1247.0
7684,mmrf_1918,train,True,True,1256.0,-77.0,1333.0
7685,mmrf_1918,train,True,True,1333.0,-77.0,1410.0
7686,mmrf_1918,train,True,True,1452.0,-77.0,1529.0
7687,mmrf_1918,train,True,True,1548.0,-77.0,1625.0
7688,mmrf_1918,train,True,True,1646.0,-77.0,1723.0
7689,mmrf_1918,train,True,True,1746.0,-77.0,1823.0
7690,mmrf_1918,train,True,True,1942.0,-77.0,2019.0
7691,mmrf_1918,train,True,True,2080.0,-77.0,2157.0
7692,mmrf_1918,train,True,True,2263.0,-77.0,2340.0
7693,mmrf_1918,train,True,True,2436.0,-77.0,2513.0
7694,mmrf_1918,train,True,True,2626.0,-77.0,2703.0
7695,mmrf_1921,train,True,True,97.0,-10.0,107.0
7696,mmrf_1921,train,True,True,181.0,-10.0,191.0
7697,mmrf_1921,train,True,True,250.0,-10.0,260.0
7698,mmrf_1921,train,True,True,349.0,-10.0,359.0
7699,mmrf_1921,train,True,True,433.0,-10.0,443.0
7700,mmrf_1921,train,True,True,545.0,-10.0,555.0
7701,mmrf_1921,train,True,True,629.0,-10.0,639.0
7702,mmrf_1921,train,True,True,699.0,-10.0,709.0
7703,mmrf_1921,train,True,True,818.0,-10.0,828.0
7704,mmrf_1921,train,True,True,916.0,-10.0,926.0
7705,mmrf_1921,train,True,True,1007.0,-10.0,1017.0
7706,mmrf_1921,train,True,True,1098.0,-10.0,1108.0
7707,mmrf_1921,train,True,True,1189.0,-10.0,1199.0
7708,mmrf_1921,train,True,True,1272.0,-10.0,1282.0
7709,mmrf_1921,train,True,True,1342.0,-10.0,1352.0
7710,mmrf_1921,train,True,True,1432.0,-10.0,1442.0
7711,mmrf_1921,train,True,True,1488.0,-10.0,1498.0
7712,mmrf_1921,train,True,True,1614.0,-10.0,1624.0
7713,mmrf_1921,train,True,True,1678.0,-10.0,1688.0
7714,mmrf_1921,train,True,True,1817.0,-10.0,1827.0
7715,mmrf_1921,train,True,True,1999.0,-10.0,2009.0
7716,mmrf_1921,train,True,True,2366.0,-10.0,2376.0
7717,mmrf_1921,train,True,True,2548.0,-10.0,2558.0
7718,mmrf_1921,train,True,True,2723.0,-10.0,2733.0
7719,mmrf_1922,train,True,True,89.0,-10.0,99.0
7720,mmrf_1922,train,True,True,180.0,-10.0,190.0
7721,mmrf_1922,train,True,True,335.0,-10.0,345.0
7722,mmrf_1922,train,True,True,405.0,-10.0,415.0
7723,mmrf_1922,train,True,True,536.0,-10.0,546.0
7724,mmrf_1922,train,True,True,630.0,-10.0,640.0
7725,mmrf_1922,train,True,True,691.0,-10.0,701.0
7726,mmrf_1922,train,True,True,775.0,-10.0,785.0
7727,mmrf_1922,train,True,True,873.0,-10.0,883.0
7728,mmrf_1922,train,True,True,979.0,-10.0,989.0
7729,mmrf_1922,train,True,True,1036.0,-10.0,1046.0
7730,mmrf_1922,train,True,True,1126.0,-10.0,1136.0
7731,mmrf_1922,train,True,True,1232.0,-10.0,1242.0
7732,mmrf_1922,train,True,True,1323.0,-10.0,1333.0
7733,mmrf_1922,train,True,True,1386.0,-10.0,1396.0
7734,mmrf_1922,train,True,True,1497.0,-10.0,1507.0
7735,mmrf_1922,train,True,True,1610.0,-10.0,1620.0
7736,mmrf_1922,train,True,True,1728.0,-10.0,1738.0
7737,mmrf_1922,train,True,True,1981.0,-10.0,1991.0
7738,mmrf_1922,train,True,True,2176.0,-10.0,2186.0
7739,mmrf_1922,train,True,True,2350.0,-10.0,2360.0
7740,mmrf_1922,train,True,True,2526.0,-10.0,2536.0
7741,mmrf_1922,train,True,True,2715.0,-10.0,2725.0
7742,mmrf_1923,test,True,True,162.0,-13.0,175.0
7743,mmrf_1923,test,True,True,254.0,-13.0,267.0
7744,mmrf_1923,test,True,True,346.0,-13.0,359.0
7745,mmrf_1923,test,True,True,430.0,-13.0,443.0
7746,mmrf_1923,test,True,True,542.0,-13.0,555.0
7747,mmrf_1923,test,True,True,626.0,-13.0,639.0
7748,mmrf_1923,test,True,True,710.0,-13.0,723.0
7749,mmrf_1923,test,True,True,794.0,-13.0,807.0
7750,mmrf_1923,test,True,True,878.0,-13.0,891.0
7751,mmrf_1923,test,True,True,990.0,-13.0,1003.0
7752,mmrf_1923,test,True,True,1081.0,-13.0,1094.0
7753,mmrf_1923,test,True,True,1136.0,-13.0,1149.0
7754,mmrf_1923,test,True,True,1200.0,-13.0,1213.0
7755,mmrf_1923,test,True,True,1347.0,-13.0,1360.0
7756,mmrf_1923,test,True,True,1521.0,-13.0,1534.0
7757,mmrf_1923,test,True,True,1607.0,-13.0,1620.0
7758,mmrf_1923,test,True,True,1698.0,-13.0,1711.0
7759,mmrf_1923,test,True,True,1780.0,-13.0,1793.0
7760,mmrf_1923,test,True,True,1947.0,-13.0,1960.0
7761,mmrf_1923,test,True,True,2124.0,-13.0,2137.0
7762,mmrf_1923,test,True,True,2384.0,-13.0,2397.0
7763,mmrf_1923,test,True,True,2566.0,-13.0,2579.0
7764,mmrf_1923,test,True,True,2734.0,-13.0,2747.0
7765,mmrf_1927,train,True,True,97.0,-2.0,99.0
7766,mmrf_1927,train,True,True,167.0,-2.0,169.0
7767,mmrf_1927,train,True,True,265.0,-2.0,267.0
7768,mmrf_1927,train,True,True,354.0,-2.0,356.0
7769,mmrf_1927,train,True,True,438.0,-2.0,440.0
7770,mmrf_1927,train,True,True,530.0,-2.0,532.0
7771,mmrf_1927,train,True,True,625.0,-2.0,627.0
7772,mmrf_1927,train,True,True,739.0,-2.0,741.0
7773,mmrf_1927,train,True,True,802.0,-2.0,804.0
7774,mmrf_1927,train,True,True,888.0,-2.0,890.0
7775,mmrf_1927,train,True,True,965.0,-2.0,967.0
7776,mmrf_1927,train,True,True,1073.0,-2.0,1075.0
7777,mmrf_1927,train,True,True,1126.0,-2.0,1128.0
7778,mmrf_1927,train,True,True,1175.0,-2.0,1177.0
7779,mmrf_1927,train,True,True,1260.0,-2.0,1262.0
7780,mmrf_1927,train,True,True,1343.0,-2.0,1345.0
7781,mmrf_1927,train,True,True,1432.0,-2.0,1434.0
7782,mmrf_1927,train,True,True,1525.0,-2.0,1527.0
7783,mmrf_1928,train,True,True,35.0,-43.0,78.0
7784,mmrf_1928,train,True,True,138.0,-43.0,181.0
7785,mmrf_1928,train,True,True,238.0,-43.0,281.0
7786,mmrf_1928,train,True,True,329.0,-43.0,372.0
7787,mmrf_1928,train,True,True,411.0,-43.0,454.0
7788,mmrf_1928,train,True,True,495.0,-43.0,538.0
7789,mmrf_1928,train,True,True,602.0,-43.0,645.0
7790,mmrf_1928,train,True,True,684.0,-43.0,727.0
7791,mmrf_1928,train,True,True,763.0,-43.0,806.0
7792,mmrf_1928,train,True,True,847.0,-43.0,890.0
7793,mmrf_1928,train,True,True,952.0,-43.0,995.0
7794,mmrf_1928,train,True,True,1022.0,-43.0,1065.0
7795,mmrf_1928,train,True,True,1141.0,-43.0,1184.0
7796,mmrf_1928,train,True,True,1160.0,-43.0,1203.0
7797,mmrf_1928,train,True,True,1216.0,-43.0,1259.0
7798,mmrf_1928,train,True,True,1300.0,-43.0,1343.0
7799,mmrf_1928,train,True,True,1412.0,-43.0,1455.0
7800,mmrf_1928,train,True,True,1496.0,-43.0,1539.0
7801,mmrf_1928,train,True,True,1580.0,-43.0,1623.0
7802,mmrf_1928,train,True,True,1692.0,-43.0,1735.0
7803,mmrf_1928,train,True,True,1776.0,-43.0,1819.0
7804,mmrf_1928,train,True,True,1944.0,-43.0,1987.0
7805,mmrf_1928,train,True,True,2147.0,-43.0,2190.0
7806,mmrf_1928,train,True,True,2315.0,-43.0,2358.0
7807,mmrf_1928,train,True,True,2518.0,-43.0,2561.0
7808,mmrf_1928,train,True,True,2686.0,-43.0,2729.0
7839,mmrf_1931,val,True,True,183.0,-5.0,188.0
7840,mmrf_1931,val,True,True,254.0,-5.0,259.0
7841,mmrf_1931,val,True,True,361.0,-5.0,366.0
7842,mmrf_1931,val,True,True,425.0,-5.0,430.0
7843,mmrf_1931,val,True,True,520.0,-5.0,525.0
7844,mmrf_1931,val,True,True,733.0,527.0,206.0
7845,mmrf_1931,val,True,True,796.0,527.0,269.0
7846,mmrf_1931,val,True,True,901.0,527.0,374.0
7847,mmrf_1931,val,True,True,992.0,527.0,465.0
7848,mmrf_1931,val,True,True,1062.0,527.0,535.0
7849,mmrf_1931,val,True,True,1160.0,527.0,633.0
7850,mmrf_1931,val,True,True,1255.0,527.0,728.0
7851,mmrf_1931,val,True,True,1319.0,527.0,792.0
7852,mmrf_1931,val,True,True,1510.0,527.0,983.0
7853,mmrf_1931,val,True,True,1615.0,527.0,1088.0
7854,mmrf_1931,val,True,True,1713.0,527.0,1186.0
7855,mmrf_1931,val,True,True,1780.0,527.0,1253.0
7856,mmrf_1932,train,True,True,80.0,-7.0,87.0
7857,mmrf_1932,train,True,True,164.0,-7.0,171.0
7858,mmrf_1932,train,True,True,353.0,-7.0,360.0
7859,mmrf_1932,train,True,True,437.0,-7.0,444.0
7860,mmrf_1932,train,True,True,528.0,-7.0,535.0
7861,mmrf_1932,train,True,True,619.0,-7.0,626.0
7862,mmrf_1932,train,True,True,717.0,-7.0,724.0
7863,mmrf_1932,train,True,True,801.0,-7.0,808.0
7864,mmrf_1932,train,True,True,892.0,-7.0,899.0
7865,mmrf_1932,train,True,True,977.0,-7.0,984.0
7866,mmrf_1932,train,True,True,1158.0,-7.0,1165.0
7867,mmrf_1932,train,True,True,1249.0,-7.0,1256.0
7868,mmrf_1932,train,True,True,1342.0,-7.0,1349.0
7878,mmrf_1935,val,True,True,91.0,-9.0,100.0
7879,mmrf_1935,val,True,True,201.0,-9.0,210.0
7880,mmrf_1935,val,True,True,308.0,-9.0,317.0
7881,mmrf_1935,val,True,True,404.0,-9.0,413.0
7882,mmrf_1935,val,True,True,503.0,-9.0,512.0
7883,mmrf_1935,val,True,True,600.0,-9.0,609.0
7884,mmrf_1935,val,True,True,686.0,-9.0,695.0
7885,mmrf_1935,val,True,True,749.0,-9.0,758.0
7886,mmrf_1935,val,True,True,847.0,-9.0,856.0
7887,mmrf_1935,val,True,True,910.0,-9.0,919.0
7888,mmrf_1935,val,True,True,982.0,-9.0,991.0
7889,mmrf_1935,val,True,True,1062.0,-9.0,1071.0
7890,mmrf_1935,val,True,True,1155.0,-9.0,1164.0
7891,mmrf_1935,val,True,True,1248.0,-9.0,1257.0
7892,mmrf_1935,val,True,True,1332.0,-9.0,1341.0
7893,mmrf_1935,val,True,True,1434.0,-9.0,1443.0
7894,mmrf_1935,val,True,True,1518.0,-9.0,1527.0
7895,mmrf_1935,val,True,True,1630.0,-9.0,1639.0
7896,mmrf_1935,val,True,True,1743.0,-9.0,1752.0
7897,mmrf_1935,val,True,True,1819.0,-9.0,1828.0
7898,mmrf_1935,val,True,True,2017.0,-9.0,2026.0
7899,mmrf_1935,val,True,True,2191.0,-9.0,2200.0
7900,mmrf_1935,val,False,True,2359.0,-9.0,2368.0
7901,mmrf_1935,val,True,True,2547.0,-9.0,2556.0
7902,mmrf_1936,test,True,True,106.0,0.0,106.0
7903,mmrf_1936,test,True,True,176.0,0.0,176.0
7904,mmrf_1936,test,True,True,277.0,0.0,277.0
7905,mmrf_1936,test,True,True,357.0,0.0,357.0
7906,mmrf_1936,test,True,True,465.0,0.0,465.0
7907,mmrf_1936,test,True,True,547.0,0.0,547.0
7935,mmrf_1941,test,True,True,129.0,-54.0,183.0
7936,mmrf_1941,test,True,True,509.0,-54.0,563.0
7937,mmrf_1941,test,True,True,593.0,-54.0,647.0
7938,mmrf_1941,test,True,True,684.0,-54.0,738.0
7939,mmrf_1941,test,True,True,775.0,-54.0,829.0
7940,mmrf_1941,test,True,True,859.0,-54.0,913.0
7941,mmrf_1941,test,True,True,950.0,-54.0,1004.0
7942,mmrf_1941,test,True,True,1041.0,-54.0,1095.0
7943,mmrf_1941,test,True,True,1139.0,-54.0,1193.0
7944,mmrf_1941,test,True,True,1230.0,-54.0,1284.0
7945,mmrf_1941,test,True,True,1321.0,-54.0,1375.0
7946,mmrf_1941,test,True,True,1417.0,-54.0,1471.0
7947,mmrf_1941,test,True,True,1797.0,-54.0,1851.0
7948,mmrf_1941,test,True,True,1916.0,-54.0,1970.0
7949,mmrf_1947,train,True,True,80.0,-25.0,105.0
7950,mmrf_1947,train,True,True,119.0,-25.0,144.0
7951,mmrf_1947,train,True,True,200.0,-25.0,225.0
7952,mmrf_1947,train,True,True,301.0,-25.0,326.0
7953,mmrf_1947,train,True,True,407.0,-25.0,432.0
7954,mmrf_1947,train,True,True,499.0,-25.0,524.0
7955,mmrf_1947,train,True,True,589.0,-25.0,614.0
7956,mmrf_1947,train,True,True,694.0,-25.0,719.0
7957,mmrf_1947,train,True,True,785.0,-25.0,810.0
7958,mmrf_1947,train,True,True,875.0,-25.0,900.0
7959,mmrf_1947,train,True,True,967.0,-25.0,992.0
7960,mmrf_1947,train,True,True,1043.0,-25.0,1068.0
7961,mmrf_1947,train,True,True,1150.0,-25.0,1175.0
7962,mmrf_1947,train,True,True,1218.0,-25.0,1243.0
7963,mmrf_1947,train,True,True,1330.0,-25.0,1355.0
7964,mmrf_1947,train,True,True,1414.0,-25.0,1439.0
7965,mmrf_1947,train,True,True,1498.0,-25.0,1523.0
7966,mmrf_1947,train,True,True,1611.0,-25.0,1636.0
7967,mmrf_1947,train,True,True,1702.0,-25.0,1727.0
7968,mmrf_1947,train,True,True,1786.0,-25.0,1811.0
7969,mmrf_1947,train,True,True,1961.0,-25.0,1986.0
7970,mmrf_1947,train,True,True,2164.0,-25.0,2189.0
7971,mmrf_1947,train,True,True,2346.0,-25.0,2371.0
7972,mmrf_1947,train,True,True,2528.0,-25.0,2553.0
7973,mmrf_1949,train,True,True,84.0,-6.0,90.0
7974,mmrf_1949,train,True,True,323.0,-6.0,329.0
7975,mmrf_1949,train,True,True,428.0,-6.0,434.0
7976,mmrf_1949,train,True,True,526.0,-6.0,532.0
7977,mmrf_1949,train,True,True,624.0,-6.0,630.0
7978,mmrf_1949,train,True,True,707.0,-6.0,713.0
7979,mmrf_1949,train,True,True,792.0,-6.0,798.0
7980,mmrf_1949,train,True,True,876.0,-6.0,882.0
7981,mmrf_1949,train,True,True,960.0,-6.0,966.0
7982,mmrf_1949,train,True,True,1051.0,-6.0,1057.0
7983,mmrf_1949,train,True,True,1261.0,-6.0,1267.0
7984,mmrf_1949,train,True,True,1356.0,-6.0,1362.0
7985,mmrf_1949,train,True,True,1430.0,-6.0,1436.0
7986,mmrf_1949,train,True,True,1514.0,-6.0,1520.0
7987,mmrf_1950,train,True,True,93.0,-3.0,96.0
7988,mmrf_1950,train,True,True,198.0,-3.0,201.0
7989,mmrf_1950,train,True,True,289.0,-3.0,292.0
7990,mmrf_1950,train,True,True,373.0,-3.0,376.0
7991,mmrf_1950,train,True,True,463.0,-3.0,466.0
7992,mmrf_1950,train,True,True,554.0,-3.0,557.0
7993,mmrf_1950,train,True,True,950.0,-3.0,953.0
7994,mmrf_1950,train,True,True,1082.0,-3.0,1085.0
7995,mmrf_1950,train,True,True,1172.0,-3.0,1175.0
7996,mmrf_1950,train,True,True,1243.0,-3.0,1246.0
7997,mmrf_1950,train,True,True,1305.0,-3.0,1308.0
7998,mmrf_1950,train,True,True,1397.0,-3.0,1400.0
7999,mmrf_1950,train,True,True,1531.0,-3.0,1534.0
8000,mmrf_1950,train,True,True,1627.0,-3.0,1630.0
8001,mmrf_1950,train,True,True,1739.0,-3.0,1742.0
8002,mmrf_1950,train,True,True,1828.0,-3.0,1831.0
8003,mmrf_1950,train,True,True,2012.0,-3.0,2015.0
8004,mmrf_1950,train,True,True,2131.0,-3.0,2134.0
8005,mmrf_1950,train,True,True,2375.0,-3.0,2378.0
8006,mmrf_1950,train,True,True,2566.0,-3.0,2569.0
8007,mmrf_1951,train,True,True,102.0,-4.0,106.0
8008,mmrf_1951,train,True,True,172.0,-4.0,176.0
8009,mmrf_1951,train,True,True,273.0,-4.0,277.0
8010,mmrf_1951,train,True,True,369.0,-4.0,373.0
8011,mmrf_1951,train,True,True,452.0,-4.0,456.0
8012,mmrf_1951,train,True,True,523.0,-4.0,527.0
8013,mmrf_1951,train,True,True,614.0,-4.0,618.0
8014,mmrf_1951,train,True,True,649.0,-4.0,653.0
8015,mmrf_1951,train,True,True,712.0,-4.0,716.0
8016,mmrf_1951,train,True,True,810.0,-4.0,814.0
8017,mmrf_1951,train,True,True,883.0,-4.0,887.0
8018,mmrf_1951,train,True,True,918.0,-4.0,922.0
8019,mmrf_1951,train,True,True,986.0,-4.0,990.0
8020,mmrf_1951,train,True,True,1069.0,-4.0,1073.0
8021,mmrf_1951,train,True,True,1090.0,-4.0,1094.0
8022,mmrf_1951,train,True,True,1167.0,-4.0,1171.0
8023,mmrf_1951,train,True,True,1279.0,-4.0,1283.0
8024,mmrf_1951,train,True,True,1391.0,-4.0,1395.0
8025,mmrf_1951,train,True,True,1503.0,-4.0,1507.0
8026,mmrf_1951,train,True,True,1552.0,-4.0,1556.0
8027,mmrf_1951,train,True,True,1642.0,-4.0,1646.0
8028,mmrf_1951,train,True,True,1733.0,-4.0,1737.0
8029,mmrf_1951,train,True,True,1831.0,-4.0,1835.0
8030,mmrf_1952,val,True,True,99.0,-4.0,103.0
8031,mmrf_1952,val,True,True,164.0,-4.0,168.0
8032,mmrf_1952,val,True,True,242.0,-4.0,246.0
8033,mmrf_1952,val,True,True,341.0,-4.0,345.0
8034,mmrf_1952,val,True,True,439.0,-4.0,443.0
8035,mmrf_1952,val,True,True,523.0,-4.0,527.0
8036,mmrf_1952,val,True,True,575.0,-4.0,579.0
8037,mmrf_1952,val,True,True,656.0,-4.0,660.0
8038,mmrf_1952,val,True,True,768.0,-4.0,772.0
8039,mmrf_1952,val,True,True,859.0,-4.0,863.0
8040,mmrf_1952,val,True,True,971.0,-4.0,975.0
8041,mmrf_1952,val,True,True,1062.0,-4.0,1066.0
8042,mmrf_1952,val,True,True,1188.0,-4.0,1192.0
8043,mmrf_1952,val,True,True,1244.0,-4.0,1248.0
8044,mmrf_1952,val,True,True,1359.0,-4.0,1363.0
8045,mmrf_1952,val,True,True,1545.0,-4.0,1549.0
8046,mmrf_1952,val,True,True,1657.0,-4.0,1661.0
8047,mmrf_1952,val,True,True,1769.0,-4.0,1773.0
8048,mmrf_1952,val,True,True,1828.0,-4.0,1832.0
8049,mmrf_1952,val,True,True,2028.0,-4.0,2032.0
8050,mmrf_1952,val,True,True,2231.0,-4.0,2235.0
8051,mmrf_1952,val,True,True,2371.0,-4.0,2375.0
8052,mmrf_1952,val,True,True,2546.0,-4.0,2550.0
8053,mmrf_1952,val,True,True,2770.0,-4.0,2774.0
8099,mmrf_1965,test,True,True,81.0,-2.0,83.0
8100,mmrf_1965,test,True,True,190.0,-2.0,192.0
8101,mmrf_1965,test,True,True,282.0,-2.0,284.0
8102,mmrf_1965,test,True,True,363.0,-2.0,365.0
8103,mmrf_1965,test,True,True,453.0,-2.0,455.0
8104,mmrf_1965,test,False,True,558.0,-2.0,560.0
8105,mmrf_1965,test,False,True,648.0,-2.0,650.0
8106,mmrf_1965,test,False,True,740.0,-2.0,742.0
8107,mmrf_1965,test,True,True,831.0,-2.0,833.0
8108,mmrf_1965,test,True,True,890.0,-2.0,892.0
8109,mmrf_1965,test,True,True,988.0,-2.0,990.0
8110,mmrf_1965,test,True,True,1086.0,-2.0,1088.0
8111,mmrf_1965,test,True,True,1153.0,-2.0,1155.0
8112,mmrf_1965,test,False,True,1272.0,-2.0,1274.0
8113,mmrf_1965,test,False,True,1351.0,-2.0,1353.0
8114,mmrf_1965,test,False,True,1454.0,-2.0,1456.0
8115,mmrf_1965,test,False,True,1545.0,-2.0,1547.0
8116,mmrf_1965,test,False,True,1636.0,-2.0,1638.0
8117,mmrf_1965,test,False,True,1706.0,-2.0,1708.0
8118,mmrf_1965,test,False,True,1825.0,-2.0,1827.0
8119,mmrf_1965,test,False,True,2007.0,-2.0,2009.0
8120,mmrf_1965,test,False,True,2196.0,-2.0,2198.0
8121,mmrf_1965,test,False,True,2378.0,-2.0,2380.0
8122,mmrf_1965,test,True,True,2519.0,-2.0,2521.0
8123,mmrf_1965,test,False,True,2706.0,-2.0,2708.0
8124,mmrf_1967,train,True,True,285.0,-2.0,287.0
8125,mmrf_1967,train,True,True,900.0,-2.0,902.0
8126,mmrf_1967,train,True,True,1089.0,-2.0,1091.0
8127,mmrf_1967,train,True,True,1187.0,-2.0,1189.0
8128,mmrf_1967,train,True,True,1278.0,-2.0,1280.0
8129,mmrf_1967,train,True,True,1370.0,-2.0,1372.0
8130,mmrf_1967,train,True,True,1454.0,-2.0,1456.0
8131,mmrf_1967,train,True,True,1558.0,-2.0,1560.0
8132,mmrf_1967,train,True,True,1663.0,-2.0,1665.0
8133,mmrf_1967,train,True,True,1754.0,-2.0,1756.0
8134,mmrf_1967,train,True,True,1859.0,-2.0,1861.0
8135,mmrf_1967,train,True,True,2041.0,-2.0,2043.0
8136,mmrf_1967,train,True,True,2216.0,-2.0,2218.0
8137,mmrf_1967,train,True,True,2399.0,-2.0,2401.0
8138,mmrf_1967,train,True,True,2588.0,-2.0,2590.0
8139,mmrf_1967,train,True,True,2693.0,-2.0,2695.0
8144,mmrf_1971,train,True,True,63.0,-24.0,87.0
8145,mmrf_1971,train,True,True,168.0,-24.0,192.0
8146,mmrf_1971,train,True,True,252.0,-24.0,276.0
8147,mmrf_1971,train,True,True,336.0,-24.0,360.0
8148,mmrf_1971,train,True,True,420.0,-24.0,444.0
8149,mmrf_1971,train,True,True,504.0,-24.0,528.0
8150,mmrf_1971,train,True,True,595.0,-24.0,619.0
8151,mmrf_1971,train,True,True,722.0,-24.0,746.0
8152,mmrf_1971,train,True,True,816.0,-24.0,840.0
8153,mmrf_1971,train,True,True,886.0,-24.0,910.0
8154,mmrf_1971,train,True,True,972.0,-24.0,996.0
8155,mmrf_1971,train,True,True,1070.0,-24.0,1094.0
8156,mmrf_1971,train,True,True,1133.0,-24.0,1157.0
8157,mmrf_1971,train,True,True,1239.0,-24.0,1263.0
8158,mmrf_1972,train,True,True,95.0,-6.0,101.0
8159,mmrf_1972,train,True,True,179.0,-6.0,185.0
8160,mmrf_1972,train,True,True,256.0,-6.0,262.0
8161,mmrf_1972,train,True,True,354.0,-6.0,360.0
8162,mmrf_1972,train,True,True,464.0,-6.0,470.0
8163,mmrf_1972,train,True,True,520.0,-6.0,526.0
8164,mmrf_1972,train,True,True,639.0,-6.0,645.0
8165,mmrf_1972,train,True,True,760.0,-6.0,766.0
8166,mmrf_1972,train,True,True,814.0,-6.0,820.0
8167,mmrf_1972,train,True,True,926.0,-6.0,932.0
8168,mmrf_1972,train,True,True,1009.0,-6.0,1015.0
8169,mmrf_1972,train,True,True,1184.0,-6.0,1190.0
8170,mmrf_1972,train,True,True,1268.0,-6.0,1274.0
8171,mmrf_1972,train,True,True,1338.0,-6.0,1344.0
8172,mmrf_1972,train,True,True,1436.0,-6.0,1442.0
8173,mmrf_1972,train,True,True,1523.0,-6.0,1529.0
8174,mmrf_1972,train,True,True,1597.0,-6.0,1603.0
8175,mmrf_1972,train,True,True,1719.0,-6.0,1725.0
8176,mmrf_1972,train,True,True,1835.0,-6.0,1841.0
8177,mmrf_1972,train,True,True,1914.0,-6.0,1920.0
8178,mmrf_1972,train,True,True,1996.0,-6.0,2002.0
8179,mmrf_1974,train,True,True,121.0,-1.0,122.0
8180,mmrf_1974,train,True,True,188.0,-1.0,189.0
8181,mmrf_1974,train,True,True,272.0,-1.0,273.0
8182,mmrf_1974,train,True,True,384.0,-1.0,385.0
8183,mmrf_1974,train,True,True,475.0,-1.0,476.0
8184,mmrf_1974,train,True,True,552.0,-1.0,553.0
8185,mmrf_1974,train,True,True,636.0,-1.0,637.0
8186,mmrf_1974,train,True,True,730.0,-1.0,731.0
8187,mmrf_1974,train,True,True,807.0,-1.0,808.0
8188,mmrf_1977,train,True,True,92.0,-6.0,98.0
8189,mmrf_1977,train,True,True,175.0,-6.0,181.0
8190,mmrf_1977,train,True,True,259.0,-6.0,265.0
8191,mmrf_1977,train,True,True,353.0,-6.0,359.0
8192,mmrf_1977,train,True,True,536.0,-6.0,542.0
8193,mmrf_1977,train,True,True,624.0,-6.0,630.0
8194,mmrf_1977,train,True,True,715.0,-6.0,721.0
8195,mmrf_1977,train,True,True,829.0,-6.0,835.0
8196,mmrf_1977,train,True,True,913.0,-6.0,919.0
8197,mmrf_1977,train,True,True,997.0,-6.0,1003.0
8198,mmrf_1977,train,True,True,1081.0,-6.0,1087.0
8199,mmrf_1977,train,True,True,1165.0,-6.0,1171.0
8200,mmrf_1977,train,True,True,1249.0,-6.0,1255.0
8201,mmrf_1977,train,True,True,1366.0,-6.0,1372.0
8202,mmrf_1977,train,True,True,1431.0,-6.0,1437.0
8203,mmrf_1977,train,True,True,1561.0,-6.0,1567.0
8204,mmrf_1977,train,True,True,1645.0,-6.0,1651.0
8205,mmrf_1977,train,True,True,1757.0,-6.0,1763.0
8206,mmrf_1977,train,True,True,1822.0,-6.0,1828.0
8207,mmrf_1977,train,True,True,1988.0,-6.0,1994.0
8208,mmrf_1977,train,True,True,2171.0,-6.0,2177.0
8209,mmrf_1977,train,True,True,2355.0,-6.0,2361.0
8210,mmrf_1977,train,True,True,2548.0,-6.0,2554.0
8211,mmrf_1978,val,True,True,84.0,-7.0,91.0
8212,mmrf_1978,val,True,True,190.0,-7.0,197.0
8213,mmrf_1978,val,True,True,259.0,-7.0,266.0
8214,mmrf_1978,val,True,True,329.0,-7.0,336.0
8215,mmrf_1978,val,True,True,469.0,-7.0,476.0
8216,mmrf_1978,val,True,True,539.0,-7.0,546.0
8217,mmrf_1978,val,True,True,646.0,629.0,17.0
8218,mmrf_1978,val,True,True,716.0,629.0,87.0
8219,mmrf_1978,val,True,True,814.0,629.0,185.0
8220,mmrf_1978,val,True,True,884.0,629.0,255.0
8221,mmrf_1978,val,True,True,1066.0,629.0,437.0
8222,mmrf_1978,val,True,True,1171.0,629.0,542.0
8223,mmrf_1978,val,True,True,1245.0,629.0,616.0
8224,mmrf_1978,val,True,True,1318.0,629.0,689.0
8225,mmrf_1978,val,True,True,1402.0,629.0,773.0
8226,mmrf_1978,val,True,True,1507.0,629.0,878.0
8227,mmrf_1978,val,True,True,1661.0,629.0,1032.0
8228,mmrf_1978,val,True,True,1724.0,629.0,1095.0
8229,mmrf_1978,val,True,True,1829.0,629.0,1200.0
8230,mmrf_1978,val,True,True,2018.0,629.0,1389.0
8231,mmrf_1978,val,True,True,2165.0,629.0,1536.0
8232,mmrf_1978,val,True,True,2347.0,629.0,1718.0
8233,mmrf_1978,val,True,True,2548.0,629.0,1919.0
8234,mmrf_1978,val,True,True,2788.0,629.0,2159.0
8252,mmrf_1981,test,True,True,78.0,-5.0,83.0
8253,mmrf_1981,test,True,True,180.0,-5.0,185.0
8254,mmrf_1981,test,True,True,253.0,-5.0,258.0
8255,mmrf_1981,test,True,True,407.0,-5.0,412.0
8256,mmrf_1981,test,True,True,484.0,-5.0,489.0
8257,mmrf_1981,test,True,True,582.0,-5.0,587.0
8258,mmrf_1981,test,True,True,645.0,-5.0,650.0
8259,mmrf_1981,test,True,True,707.0,-5.0,712.0
8260,mmrf_1981,test,True,True,806.0,-5.0,811.0
8261,mmrf_1981,test,True,True,897.0,-5.0,902.0
8262,mmrf_1981,test,True,True,995.0,-5.0,1000.0
8263,mmrf_1981,test,True,True,1065.0,-5.0,1070.0
8264,mmrf_1981,test,True,True,1169.0,-5.0,1174.0
8265,mmrf_1981,test,True,True,1246.0,-5.0,1251.0
8266,mmrf_1981,test,True,True,1330.0,-5.0,1335.0
8267,mmrf_1981,test,True,True,1418.0,-5.0,1423.0
8268,mmrf_1981,test,True,True,1540.0,-5.0,1545.0
8269,mmrf_1981,test,True,True,1624.0,-5.0,1629.0
8270,mmrf_1981,test,True,True,1736.0,-5.0,1741.0
8271,mmrf_1981,test,True,True,1827.0,-5.0,1832.0
8272,mmrf_1981,test,True,True,2002.0,-5.0,2007.0
8273,mmrf_1981,test,True,True,2171.0,-5.0,2176.0
8274,mmrf_1981,test,True,True,2353.0,-5.0,2358.0
8275,mmrf_1981,test,True,True,2536.0,-5.0,2541.0
8276,mmrf_1981,test,True,True,2731.0,-5.0,2736.0
8277,mmrf_1982,train,True,True,121.0,-53.0,174.0
8278,mmrf_1982,train,True,True,206.0,-53.0,259.0
8279,mmrf_1982,train,True,True,324.0,-53.0,377.0
8280,mmrf_1982,train,True,True,445.0,-53.0,498.0
8281,mmrf_1982,train,True,True,543.0,-53.0,596.0
8282,mmrf_1982,train,True,True,641.0,-53.0,694.0
8283,mmrf_1982,train,True,True,732.0,-53.0,785.0
8284,mmrf_1982,train,True,True,816.0,-53.0,869.0
8285,mmrf_1982,train,True,True,900.0,-53.0,953.0
8286,mmrf_1982,train,True,True,988.0,-53.0,1041.0
8287,mmrf_1982,train,True,True,1083.0,-53.0,1136.0
8288,mmrf_1982,train,True,True,1181.0,-53.0,1234.0
8289,mmrf_1982,train,True,True,1300.0,-53.0,1353.0
8290,mmrf_1982,train,True,True,1412.0,-53.0,1465.0
8291,mmrf_1982,train,True,True,1633.0,-53.0,1686.0
8328,mmrf_1985,val,True,True,92.0,-16.0,108.0
8329,mmrf_1985,val,True,True,176.0,-16.0,192.0
8330,mmrf_1985,val,True,True,282.0,-16.0,298.0
8331,mmrf_1985,val,True,True,373.0,-16.0,389.0
8332,mmrf_1985,val,True,True,449.0,-16.0,465.0
8333,mmrf_1985,val,True,True,534.0,-16.0,550.0
8334,mmrf_1985,val,True,True,616.0,-16.0,632.0
8335,mmrf_1985,val,True,True,730.0,-16.0,746.0
8336,mmrf_1985,val,True,True,813.0,-16.0,829.0
8337,mmrf_1985,val,True,True,898.0,-16.0,914.0
8338,mmrf_1985,val,True,True,981.0,-16.0,997.0
8339,mmrf_1985,val,True,True,1086.0,-16.0,1102.0
8340,mmrf_1985,val,True,True,1171.0,-16.0,1187.0
8341,mmrf_1985,val,True,True,1262.0,-16.0,1278.0
8342,mmrf_1985,val,True,True,1349.0,-16.0,1365.0
8343,mmrf_1985,val,True,True,1461.0,-16.0,1477.0
8344,mmrf_1985,val,True,True,1548.0,-16.0,1564.0
8345,mmrf_1985,val,True,True,1625.0,-16.0,1641.0
8346,mmrf_1985,val,True,True,1710.0,-16.0,1726.0
8347,mmrf_1985,val,False,True,1783.0,-16.0,1799.0
8348,mmrf_1985,val,False,True,1951.0,-16.0,1967.0
8349,mmrf_1985,val,False,True,2182.0,-16.0,2198.0
8350,mmrf_1985,val,False,True,2343.0,-16.0,2359.0
8374,mmrf_1988,train,True,True,32.0,-47.0,79.0
8375,mmrf_1988,train,True,True,232.0,-47.0,279.0
8376,mmrf_1988,train,True,True,473.0,-47.0,520.0
8377,mmrf_1988,train,True,True,568.0,-47.0,615.0
8378,mmrf_1988,train,True,True,659.0,-47.0,706.0
8379,mmrf_1988,train,True,True,750.0,-47.0,797.0
8380,mmrf_1988,train,True,True,841.0,-47.0,888.0
8381,mmrf_1988,train,True,True,1088.0,-47.0,1135.0
8382,mmrf_1988,train,True,True,1179.0,-47.0,1226.0
8383,mmrf_1988,train,True,True,1214.0,-47.0,1261.0
8384,mmrf_1988,train,True,True,1283.0,-47.0,1330.0
8385,mmrf_1988,train,True,True,1510.0,-47.0,1557.0
8386,mmrf_1988,train,True,True,1601.0,-47.0,1648.0
8387,mmrf_1988,train,True,True,1713.0,-47.0,1760.0
8388,mmrf_1988,train,True,True,1797.0,-47.0,1844.0
8389,mmrf_1988,train,True,True,1965.0,-47.0,2012.0
8390,mmrf_1988,train,True,True,2147.0,-47.0,2194.0
8391,mmrf_1988,train,True,True,2343.0,-47.0,2390.0
8392,mmrf_1988,train,True,True,2504.0,-47.0,2551.0
8393,mmrf_1988,train,True,True,2672.0,-47.0,2719.0
8418,mmrf_1991,train,True,True,101.0,-5.0,106.0
8419,mmrf_1991,train,True,True,169.0,-5.0,174.0
8420,mmrf_1991,train,True,True,261.0,-5.0,266.0
8421,mmrf_1991,train,True,True,379.0,-5.0,384.0
8422,mmrf_1991,train,True,True,507.0,-5.0,512.0
8423,mmrf_1991,train,True,True,581.0,-5.0,586.0
8424,mmrf_1991,train,True,True,708.0,-5.0,713.0
8425,mmrf_1991,train,True,True,822.0,-5.0,827.0
8426,mmrf_1991,train,True,True,1004.0,-5.0,1009.0
8427,mmrf_1991,train,True,True,1107.0,-5.0,1112.0
8428,mmrf_1991,train,True,True,1198.0,-5.0,1203.0
8429,mmrf_1991,train,True,True,1576.0,-5.0,1581.0
8430,mmrf_1991,train,True,True,1702.0,-5.0,1707.0
8431,mmrf_1991,train,True,True,1884.0,-5.0,1889.0
8432,mmrf_1991,train,True,True,2072.0,-5.0,2077.0
8433,mmrf_1991,train,True,True,2192.0,-5.0,2197.0
8434,mmrf_1991,train,True,True,2320.0,-5.0,2325.0
8435,mmrf_1991,train,True,True,2507.0,-5.0,2512.0
8436,mmrf_1992,val,True,True,93.0,0.0,93.0
8437,mmrf_1992,val,True,True,191.0,0.0,191.0
8438,mmrf_1992,val,True,True,261.0,0.0,261.0
8439,mmrf_1992,val,True,True,359.0,0.0,359.0
8440,mmrf_1992,val,True,True,450.0,449.0,1.0
8441,mmrf_1992,val,True,True,534.0,449.0,85.0
8442,mmrf_1992,val,True,True,597.0,449.0,148.0
8443,mmrf_1992,val,True,True,681.0,449.0,232.0
8444,mmrf_1992,val,True,True,800.0,449.0,351.0
8445,mmrf_1992,val,True,True,894.0,449.0,445.0
8446,mmrf_1992,val,True,True,975.0,449.0,526.0
8447,mmrf_1992,val,True,True,1087.0,449.0,638.0
8448,mmrf_1992,val,True,True,1129.0,449.0,680.0
8449,mmrf_1992,val,True,True,1161.0,449.0,712.0
8450,mmrf_1992,val,True,True,1253.0,449.0,804.0
8451,mmrf_1992,val,True,True,1345.0,449.0,896.0
8452,mmrf_1992,val,True,True,1436.0,449.0,987.0
8453,mmrf_1992,val,True,True,1534.0,449.0,1085.0
8454,mmrf_1992,val,True,True,1644.0,449.0,1195.0
8455,mmrf_1992,val,True,True,1744.0,449.0,1295.0
8456,mmrf_1992,val,True,True,1827.0,449.0,1378.0
8457,mmrf_1992,val,True,True,2016.0,449.0,1567.0
8458,mmrf_1992,val,True,True,2206.0,449.0,1757.0
8475,mmrf_1997,train,True,True,94.0,-14.0,108.0
8476,mmrf_1997,train,True,True,172.0,-14.0,186.0
8477,mmrf_1997,train,True,True,290.0,-14.0,304.0
8478,mmrf_1997,train,True,True,346.0,-14.0,360.0
8479,mmrf_1997,train,True,True,451.0,-14.0,465.0
8480,mmrf_1997,train,True,True,541.0,-14.0,555.0
8481,mmrf_1997,train,True,True,634.0,-14.0,648.0
8482,mmrf_1997,train,True,True,716.0,-14.0,730.0
8483,mmrf_1997,train,True,True,822.0,-14.0,836.0
8484,mmrf_1997,train,True,True,892.0,-14.0,906.0
8485,mmrf_1997,train,True,True,954.0,-14.0,968.0
8486,mmrf_1997,train,True,True,1067.0,-14.0,1081.0
8487,mmrf_1997,train,True,True,1186.0,-14.0,1200.0
8488,mmrf_1997,train,True,True,1256.0,-14.0,1270.0
8489,mmrf_1997,train,True,True,1445.0,-14.0,1459.0
8490,mmrf_1998,train,True,True,86.0,-13.0,99.0
8502,mmrf_2000,train,True,True,105.0,0.0,105.0
8503,mmrf_2000,train,True,True,175.0,0.0,175.0
8504,mmrf_2000,train,True,True,287.0,0.0,287.0
8505,mmrf_2000,train,True,True,371.0,0.0,371.0
8506,mmrf_2000,train,True,True,462.0,0.0,462.0
8507,mmrf_2000,train,True,True,560.0,0.0,560.0
8508,mmrf_2000,train,True,True,638.0,0.0,638.0
8509,mmrf_2000,train,True,True,749.0,0.0,749.0
8510,mmrf_2000,train,True,True,854.0,0.0,854.0
8511,mmrf_2000,train,True,True,939.0,0.0,939.0
8512,mmrf_2000,train,True,True,991.0,0.0,991.0
8513,mmrf_2000,train,True,True,1115.0,0.0,1115.0
8514,mmrf_2000,train,True,True,1169.0,0.0,1169.0
8515,mmrf_2000,train,True,True,1260.0,0.0,1260.0
8516,mmrf_2000,train,True,True,1379.0,0.0,1379.0
8517,mmrf_2000,train,True,True,1460.0,0.0,1460.0
8518,mmrf_2000,train,True,True,1649.0,0.0,1649.0
8519,mmrf_2000,train,True,True,1755.0,0.0,1755.0
8520,mmrf_2000,train,True,True,1827.0,0.0,1827.0
8521,mmrf_2000,train,True,True,2021.0,0.0,2021.0
8522,mmrf_2000,train,True,True,2202.0,0.0,2202.0
8523,mmrf_2000,train,True,True,2371.0,0.0,2371.0
8524,mmrf_2001,train,True,True,40.0,-55.0,95.0
8525,mmrf_2001,train,True,True,110.0,-55.0,165.0
8526,mmrf_2001,train,True,True,214.0,-55.0,269.0
8527,mmrf_2001,train,True,True,319.0,-55.0,374.0
8528,mmrf_2001,train,True,True,431.0,-55.0,486.0
8529,mmrf_2001,train,True,True,543.0,-55.0,598.0
8530,mmrf_2001,train,True,True,586.0,-55.0,641.0
8531,mmrf_2001,train,True,True,725.0,-55.0,780.0
8532,mmrf_2001,train,True,True,795.0,-55.0,850.0
8533,mmrf_2001,train,True,True,907.0,-55.0,962.0
8534,mmrf_2001,train,True,True,1061.0,-55.0,1116.0
8535,mmrf_2001,train,True,True,1117.0,-55.0,1172.0
8536,mmrf_2001,train,True,True,1213.0,-55.0,1268.0
8537,mmrf_2001,train,True,True,1348.0,-55.0,1403.0
8538,mmrf_2005,val,True,True,57.0,-12.0,69.0
8539,mmrf_2005,val,True,True,166.0,-12.0,178.0
8540,mmrf_2005,val,True,True,239.0,-12.0,251.0
8541,mmrf_2005,val,True,True,323.0,-12.0,335.0
8542,mmrf_2005,val,False,True,406.0,-12.0,418.0
8543,mmrf_2005,val,False,True,491.0,-12.0,503.0
8544,mmrf_2005,val,False,True,582.0,-12.0,594.0
8545,mmrf_2005,val,False,True,663.0,-12.0,675.0
8546,mmrf_2005,val,False,True,757.0,-12.0,769.0
8547,mmrf_2005,val,False,True,952.0,-12.0,964.0
8548,mmrf_2005,val,False,True,1015.0,-12.0,1027.0
8549,mmrf_2005,val,False,True,1123.0,-12.0,1135.0
8550,mmrf_2005,val,False,True,1204.0,-12.0,1216.0
8551,mmrf_2005,val,False,True,1387.0,-12.0,1399.0
8552,mmrf_2006,train,True,True,92.0,-11.0,103.0
8553,mmrf_2006,train,True,True,175.0,-11.0,186.0
8554,mmrf_2006,train,False,True,260.0,-11.0,271.0
8555,mmrf_2006,train,True,True,365.0,-11.0,376.0
8556,mmrf_2006,train,True,True,449.0,-11.0,460.0
8557,mmrf_2006,train,True,True,533.0,-11.0,544.0
8558,mmrf_2006,train,True,True,617.0,-11.0,628.0
8559,mmrf_2006,train,True,True,729.0,-11.0,740.0
8601,mmrf_2011,test,True,True,341.0,310.0,31.0
8602,mmrf_2011,test,True,True,372.0,310.0,62.0
8603,mmrf_2011,test,True,True,444.0,310.0,134.0
8604,mmrf_2011,test,True,True,547.0,310.0,237.0
8605,mmrf_2011,test,True,True,627.0,310.0,317.0
8606,mmrf_2011,test,True,True,731.0,310.0,421.0
8607,mmrf_2011,test,True,True,815.0,310.0,505.0
8608,mmrf_2011,test,True,True,906.0,310.0,596.0
8609,mmrf_2011,test,True,True,990.0,310.0,680.0
8610,mmrf_2011,test,True,True,1068.0,310.0,758.0
8611,mmrf_2011,test,True,True,1179.0,310.0,869.0
8612,mmrf_2011,test,True,True,1249.0,310.0,939.0
8613,mmrf_2011,test,True,True,1348.0,310.0,1038.0
8614,mmrf_2011,test,True,True,1432.0,310.0,1122.0
8615,mmrf_2011,test,True,True,1544.0,310.0,1234.0
8616,mmrf_2011,test,True,True,1635.0,310.0,1325.0
8617,mmrf_2011,test,True,True,1719.0,310.0,1409.0
8618,mmrf_2012,train,True,True,176.0,-5.0,181.0
8619,mmrf_2012,train,True,True,267.0,-5.0,272.0
8620,mmrf_2012,train,True,True,432.0,-5.0,437.0
8621,mmrf_2012,train,True,True,537.0,-5.0,542.0
8622,mmrf_2012,train,True,True,630.0,-5.0,635.0
8623,mmrf_2012,train,True,True,711.0,-5.0,716.0
8624,mmrf_2012,train,True,True,837.0,-5.0,842.0
8625,mmrf_2012,train,True,True,906.0,-5.0,911.0
8626,mmrf_2012,train,True,True,990.0,-5.0,995.0
8627,mmrf_2012,train,True,True,1094.0,-5.0,1099.0
8628,mmrf_2012,train,True,True,1172.0,-5.0,1177.0
8629,mmrf_2012,train,True,True,1270.0,-5.0,1275.0
8630,mmrf_2012,train,True,True,1360.0,-5.0,1365.0
8631,mmrf_2013,train,True,True,85.0,-7.0,92.0
8632,mmrf_2013,train,True,True,183.0,-7.0,190.0
8633,mmrf_2013,train,True,True,260.0,-7.0,267.0
8634,mmrf_2013,train,True,True,351.0,-7.0,358.0
8635,mmrf_2013,train,True,True,435.0,-7.0,442.0
8636,mmrf_2013,train,True,True,526.0,-7.0,533.0
8637,mmrf_2013,train,True,True,716.0,-7.0,723.0
8638,mmrf_2013,train,True,True,821.0,-7.0,828.0
8639,mmrf_2013,train,True,True,996.0,-7.0,1003.0
8640,mmrf_2013,train,True,True,1080.0,-7.0,1087.0
8641,mmrf_2013,train,True,True,1233.0,-7.0,1240.0
8642,mmrf_2013,train,True,True,1311.0,-7.0,1318.0
8643,mmrf_2013,train,False,True,1395.0,-7.0,1402.0
8644,mmrf_2013,train,True,True,1507.0,-7.0,1514.0
8645,mmrf_2013,train,True,True,1577.0,-7.0,1584.0
8646,mmrf_2013,train,True,True,1744.0,-7.0,1751.0
8647,mmrf_2013,train,True,True,1856.0,-7.0,1863.0
8648,mmrf_2013,train,True,True,2087.0,-7.0,2094.0
8649,mmrf_2013,train,True,True,2206.0,-7.0,2213.0
8668,mmrf_2016,train,True,True,71.0,-3.0,74.0
8669,mmrf_2016,train,True,True,180.0,-3.0,183.0
8670,mmrf_2016,train,True,True,250.0,-3.0,253.0
8671,mmrf_2016,train,True,True,341.0,-3.0,344.0
8672,mmrf_2016,train,True,True,442.0,-3.0,445.0
8673,mmrf_2016,train,True,True,530.0,-3.0,533.0
8674,mmrf_2016,train,True,True,614.0,-3.0,617.0
8675,mmrf_2016,train,True,True,719.0,-3.0,722.0
8676,mmrf_2016,train,True,True,894.0,-3.0,897.0
8677,mmrf_2016,train,True,True,978.0,-3.0,981.0
8678,mmrf_2016,train,True,True,1062.0,-3.0,1065.0
8679,mmrf_2016,train,True,True,1259.0,-3.0,1262.0
8680,mmrf_2016,train,True,True,1426.0,-3.0,1429.0
8681,mmrf_2016,train,True,True,1513.0,-3.0,1516.0
8682,mmrf_2016,train,True,True,1608.0,-3.0,1611.0
8683,mmrf_2016,train,True,True,1695.0,-3.0,1698.0
8684,mmrf_2016,train,True,True,1797.0,-3.0,1800.0
8685,mmrf_2017,train,True,True,83.0,-15.0,98.0
8686,mmrf_2017,train,True,True,167.0,-15.0,182.0
8687,mmrf_2017,train,True,True,258.0,222.0,36.0
8688,mmrf_2018,train,True,True,80.0,-12.0,92.0
8689,mmrf_2018,train,True,True,204.0,-12.0,216.0
8690,mmrf_2018,train,True,True,378.0,-12.0,390.0
8691,mmrf_2018,train,True,True,455.0,-12.0,467.0
8692,mmrf_2018,train,True,True,528.0,-12.0,540.0
8693,mmrf_2018,train,True,True,616.0,-12.0,628.0
8694,mmrf_2018,train,True,True,721.0,-12.0,733.0
8695,mmrf_2018,train,True,True,811.0,-12.0,823.0
8696,mmrf_2018,train,True,True,938.0,-12.0,950.0
8697,mmrf_2018,train,True,True,1107.0,-12.0,1119.0
8698,mmrf_2018,train,True,True,1149.0,-12.0,1161.0
8699,mmrf_2018,train,True,True,1260.0,-12.0,1272.0
8700,mmrf_2018,train,True,True,1478.0,-12.0,1490.0
8701,mmrf_2018,train,True,True,1704.0,-12.0,1716.0
8702,mmrf_2018,train,True,True,1799.0,-12.0,1811.0
8703,mmrf_2018,train,True,True,1905.0,-12.0,1917.0
8704,mmrf_2018,train,True,True,2386.0,-12.0,2398.0
8705,mmrf_2018,train,True,True,2556.0,-12.0,2568.0
8706,mmrf_2019,train,False,True,182.0,-12.0,194.0
8707,mmrf_2019,train,False,True,268.0,-12.0,280.0
8708,mmrf_2019,train,False,True,449.0,-12.0,461.0
8709,mmrf_2019,train,False,True,539.0,-12.0,551.0
8710,mmrf_2019,train,False,True,624.0,-12.0,636.0
8711,mmrf_2019,train,False,True,771.0,-12.0,783.0
8712,mmrf_2019,train,False,True,890.0,-12.0,902.0
8713,mmrf_2019,train,False,True,954.0,-12.0,966.0
8714,mmrf_2019,train,False,True,1079.0,-12.0,1091.0
8715,mmrf_2019,train,False,True,1171.0,-12.0,1183.0
8716,mmrf_2019,train,False,True,1262.0,-12.0,1274.0
8717,mmrf_2019,train,False,True,1346.0,-12.0,1358.0
8718,mmrf_2019,train,False,True,1444.0,-12.0,1456.0
8719,mmrf_2019,train,False,True,1535.0,-12.0,1547.0
8720,mmrf_2019,train,False,True,1626.0,-12.0,1638.0
8721,mmrf_2019,train,False,True,1724.0,-12.0,1736.0
8722,mmrf_2019,train,False,True,1821.0,-12.0,1833.0
8723,mmrf_2019,train,False,True,2017.0,-12.0,2029.0
8724,mmrf_2019,train,False,True,2151.0,-12.0,2163.0
8725,mmrf_2019,train,False,True,2319.0,-12.0,2331.0
8726,mmrf_2019,train,False,True,2500.0,-12.0,2512.0
8727,mmrf_2019,train,False,True,2683.0,-12.0,2695.0
8771,mmrf_2026,test,True,True,58.0,-35.0,93.0
8772,mmrf_2026,test,True,True,149.0,-35.0,184.0
8773,mmrf_2026,test,True,True,240.0,-35.0,275.0
8774,mmrf_2026,test,True,True,324.0,-35.0,359.0
8775,mmrf_2026,test,True,True,415.0,-35.0,450.0
8776,mmrf_2026,test,True,True,548.0,-35.0,583.0
8777,mmrf_2026,test,True,True,604.0,-35.0,639.0
8778,mmrf_2026,test,True,True,730.0,-35.0,765.0
8779,mmrf_2026,test,True,True,823.0,-35.0,858.0
8780,mmrf_2026,test,True,True,912.0,-35.0,947.0
8781,mmrf_2026,test,True,True,1010.0,-35.0,1045.0
8782,mmrf_2026,test,True,True,1101.0,-35.0,1136.0
8783,mmrf_2026,test,True,True,1227.0,-35.0,1262.0
8784,mmrf_2026,test,True,True,1353.0,-35.0,1388.0
8785,mmrf_2038,train,True,True,80.0,0.0,80.0
8786,mmrf_2038,train,True,True,182.0,0.0,182.0
8787,mmrf_2038,train,True,True,254.0,0.0,254.0
8788,mmrf_2038,train,True,True,339.0,0.0,339.0
8789,mmrf_2038,train,True,True,448.0,0.0,448.0
8790,mmrf_2038,train,True,True,541.0,0.0,541.0
8791,mmrf_2038,train,True,True,632.0,0.0,632.0
8792,mmrf_2038,train,True,True,674.0,0.0,674.0
8793,mmrf_2038,train,True,True,791.0,0.0,791.0
8794,mmrf_2038,train,True,True,911.0,0.0,911.0
8795,mmrf_2038,train,True,True,974.0,0.0,974.0
8796,mmrf_2038,train,True,True,1095.0,0.0,1095.0
8797,mmrf_2038,train,True,True,1191.0,0.0,1191.0
8798,mmrf_2038,train,True,True,1257.0,0.0,1257.0
8799,mmrf_2038,train,True,True,1361.0,0.0,1361.0
8800,mmrf_2038,train,True,True,1434.0,0.0,1434.0
8801,mmrf_2038,train,True,True,1541.0,0.0,1541.0
8802,mmrf_2038,train,True,True,1661.0,0.0,1661.0
8803,mmrf_2038,train,True,True,1753.0,0.0,1753.0
8804,mmrf_2038,train,False,True,1865.0,0.0,1865.0
8805,mmrf_2038,train,False,True,1997.0,0.0,1997.0
8806,mmrf_2038,train,False,True,2172.0,0.0,2172.0
8807,mmrf_2038,train,False,True,2389.0,0.0,2389.0
8808,mmrf_2038,train,False,True,2578.0,0.0,2578.0
8809,mmrf_2039,train,True,True,95.0,0.0,95.0
8810,mmrf_2039,train,True,True,169.0,0.0,169.0
8811,mmrf_2039,train,True,True,290.0,0.0,290.0
8812,mmrf_2041,train,True,True,121.0,0.0,121.0
8813,mmrf_2041,train,True,True,217.0,0.0,217.0
8814,mmrf_2041,train,True,True,308.0,0.0,308.0
8815,mmrf_2041,train,True,True,399.0,0.0,399.0
8816,mmrf_2041,train,True,True,497.0,0.0,497.0
8817,mmrf_2041,train,True,True,588.0,0.0,588.0
8818,mmrf_2041,train,True,True,672.0,0.0,672.0
8819,mmrf_2041,train,True,True,763.0,0.0,763.0
8820,mmrf_2041,train,True,True,854.0,0.0,854.0
8821,mmrf_2041,train,True,True,1064.0,0.0,1064.0
8822,mmrf_2041,train,True,True,1169.0,0.0,1169.0
8823,mmrf_2041,train,True,True,1260.0,0.0,1260.0
8824,mmrf_2041,train,True,True,1351.0,0.0,1351.0
8825,mmrf_2041,train,True,True,1442.0,0.0,1442.0
8826,mmrf_2041,train,True,True,1547.0,0.0,1547.0
8827,mmrf_2041,train,True,True,1645.0,0.0,1645.0
8828,mmrf_2041,train,True,True,1736.0,0.0,1736.0
8829,mmrf_2041,train,True,True,1834.0,0.0,1834.0
8830,mmrf_2041,train,True,True,1918.0,0.0,1918.0
8831,mmrf_2041,train,True,True,2137.0,0.0,2137.0
8832,mmrf_2041,train,True,True,2317.0,0.0,2317.0
8833,mmrf_2041,train,True,True,2492.0,0.0,2492.0
8834,mmrf_2041,train,True,True,2682.0,0.0,2682.0
8835,mmrf_2043,train,True,True,81.0,-4.0,85.0
8836,mmrf_2043,train,True,True,194.0,-4.0,198.0
8837,mmrf_2043,train,True,True,257.0,-4.0,261.0
8838,mmrf_2043,train,True,True,435.0,-4.0,439.0
8839,mmrf_2043,train,True,True,630.0,-4.0,634.0
8840,mmrf_2043,train,True,True,805.0,-4.0,809.0
8841,mmrf_2043,train,True,True,928.0,-4.0,932.0
8842,mmrf_2043,train,True,True,1048.0,-4.0,1052.0
8843,mmrf_2043,train,True,True,1216.0,-4.0,1220.0
8844,mmrf_2043,train,True,True,1391.0,-4.0,1395.0
8845,mmrf_2043,train,True,True,1582.0,-4.0,1586.0
8846,mmrf_2043,train,True,True,1764.0,-4.0,1768.0
8847,mmrf_2043,train,True,True,1939.0,-4.0,1943.0
8848,mmrf_2043,train,True,True,2114.0,-4.0,2118.0
8849,mmrf_2043,train,True,True,2296.0,-4.0,2300.0
8850,mmrf_2043,train,True,True,2464.0,-4.0,2468.0
8851,mmrf_2043,train,True,True,2632.0,-4.0,2636.0
8852,mmrf_2047,val,True,True,78.0,-20.0,98.0
8853,mmrf_2047,val,True,True,162.0,-20.0,182.0
8854,mmrf_2047,val,True,True,253.0,-20.0,273.0
8855,mmrf_2047,val,True,True,344.0,-20.0,364.0
8856,mmrf_2047,val,True,True,456.0,-20.0,476.0
8857,mmrf_2047,val,True,True,540.0,-20.0,560.0
8858,mmrf_2047,val,True,True,624.0,-20.0,644.0
8859,mmrf_2047,val,True,True,708.0,-20.0,728.0
8860,mmrf_2047,val,True,True,791.0,-20.0,811.0
8861,mmrf_2047,val,True,True,910.0,-20.0,930.0
8862,mmrf_2047,val,True,True,994.0,-20.0,1014.0
8863,mmrf_2047,val,True,True,1085.0,-20.0,1105.0
8864,mmrf_2047,val,True,True,1171.0,-20.0,1191.0
8865,mmrf_2047,val,True,True,1262.0,-20.0,1282.0
8866,mmrf_2047,val,True,True,1346.0,-20.0,1366.0
8867,mmrf_2047,val,True,True,1430.0,-20.0,1450.0
8868,mmrf_2047,val,True,True,2179.0,-20.0,2199.0
8869,mmrf_2047,val,True,True,2508.0,-20.0,2528.0
8870,mmrf_2047,val,True,True,2703.0,-20.0,2723.0
8891,mmrf_2050,train,True,True,95.0,-6.0,101.0
8892,mmrf_2054,train,True,True,85.0,-12.0,97.0
8893,mmrf_2054,train,True,True,176.0,-12.0,188.0
8894,mmrf_2054,train,True,True,346.0,-12.0,358.0
8895,mmrf_2054,train,True,True,443.0,-12.0,455.0
8896,mmrf_2054,train,True,True,616.0,-12.0,628.0
8897,mmrf_2054,train,True,True,709.0,-12.0,721.0
8898,mmrf_2054,train,True,True,801.0,-12.0,813.0
8899,mmrf_2054,train,True,True,849.0,-12.0,861.0
8900,mmrf_2054,train,True,True,961.0,-12.0,973.0
8901,mmrf_2054,train,True,True,1101.0,-12.0,1113.0
8902,mmrf_2054,train,True,True,1144.0,-12.0,1156.0
8903,mmrf_2054,train,True,True,1192.0,-12.0,1204.0
8904,mmrf_2054,train,True,True,1288.0,-12.0,1300.0
8905,mmrf_2054,train,True,True,1372.0,-12.0,1384.0
8906,mmrf_2054,train,True,True,1456.0,-12.0,1468.0
8907,mmrf_2054,train,True,True,1540.0,-12.0,1552.0
8908,mmrf_2054,train,True,True,1631.0,-12.0,1643.0
8909,mmrf_2054,train,True,True,1716.0,-12.0,1728.0
8910,mmrf_2054,train,True,True,1884.0,-12.0,1896.0
8911,mmrf_2054,train,True,True,2137.0,-12.0,2149.0
8912,mmrf_2054,train,True,True,2389.0,-12.0,2401.0
8913,mmrf_2054,train,True,True,2557.0,-12.0,2569.0
8914,mmrf_2054,train,True,True,2725.0,-12.0,2737.0
8915,mmrf_2055,train,True,True,94.0,-34.0,128.0
8916,mmrf_2055,train,True,True,178.0,-34.0,212.0
8917,mmrf_2055,train,True,True,262.0,-34.0,296.0
8918,mmrf_2055,train,True,True,345.0,-34.0,379.0
8919,mmrf_2055,train,True,True,430.0,-34.0,464.0
8920,mmrf_2055,train,True,True,542.0,-34.0,576.0
8921,mmrf_2055,train,True,True,605.0,-34.0,639.0
8922,mmrf_2055,train,True,True,717.0,-34.0,751.0
8923,mmrf_2055,train,True,True,813.0,-34.0,847.0
8924,mmrf_2055,train,True,True,899.0,-34.0,933.0
8925,mmrf_2055,train,True,True,976.0,-34.0,1010.0
8926,mmrf_2055,train,True,True,1165.0,-34.0,1199.0
8927,mmrf_2055,train,True,True,1557.0,-34.0,1591.0
8928,mmrf_2056,train,True,True,85.0,-8.0,93.0
8929,mmrf_2056,train,True,True,176.0,-8.0,184.0
8930,mmrf_2056,train,True,True,267.0,-8.0,275.0
8931,mmrf_2056,train,False,True,358.0,-8.0,366.0
8932,mmrf_2056,train,False,True,442.0,-8.0,450.0
8933,mmrf_2056,train,True,True,526.0,-8.0,534.0
8934,mmrf_2056,train,False,True,638.0,-8.0,646.0
8935,mmrf_2056,train,True,True,730.0,-8.0,738.0
8936,mmrf_2056,train,True,True,806.0,-8.0,814.0
8937,mmrf_2056,train,True,True,918.0,-8.0,926.0
8938,mmrf_2056,train,True,True,974.0,-8.0,982.0
8939,mmrf_2056,train,False,True,1078.0,-8.0,1086.0
8940,mmrf_2056,train,False,True,1163.0,-8.0,1171.0
8941,mmrf_2056,train,True,True,1247.0,-8.0,1255.0
8942,mmrf_2056,train,True,True,1358.0,-8.0,1366.0
8943,mmrf_2056,train,True,True,1431.0,-8.0,1439.0
8944,mmrf_2056,train,True,True,1536.0,-8.0,1544.0
8945,mmrf_2056,train,True,True,1632.0,-8.0,1640.0
8946,mmrf_2056,train,True,True,1687.0,-8.0,1695.0
8947,mmrf_2056,train,True,True,1743.0,-8.0,1751.0
8948,mmrf_2056,train,False,True,1834.0,-8.0,1842.0
8949,mmrf_2056,train,False,True,2017.0,-8.0,2025.0
8950,mmrf_2056,train,True,True,2178.0,-8.0,2186.0
8951,mmrf_2056,train,False,True,2374.0,-8.0,2382.0
8952,mmrf_2056,train,False,True,2528.0,-8.0,2536.0
8953,mmrf_2056,train,False,True,2696.0,-8.0,2704.0
8977,mmrf_2059,test,True,True,106.0,0.0,106.0
8978,mmrf_2059,test,True,True,187.0,0.0,187.0
8979,mmrf_2059,test,False,True,257.0,0.0,257.0
8980,mmrf_2059,test,False,True,348.0,0.0,348.0
8981,mmrf_2059,test,False,True,446.0,0.0,446.0
8982,mmrf_2059,test,False,True,537.0,0.0,537.0
8983,mmrf_2059,test,False,True,628.0,0.0,628.0
8984,mmrf_2059,test,False,True,718.0,0.0,718.0
8985,mmrf_2059,test,True,True,810.0,0.0,810.0
8986,mmrf_2059,test,True,True,894.0,0.0,894.0
8987,mmrf_2059,test,True,True,1002.0,0.0,1002.0
8988,mmrf_2059,test,True,True,1085.0,0.0,1085.0
8989,mmrf_2059,test,True,True,1204.0,0.0,1204.0
8990,mmrf_2059,test,True,True,1302.0,0.0,1302.0
8991,mmrf_2059,test,True,True,1386.0,0.0,1386.0
8992,mmrf_2059,test,True,True,1477.0,0.0,1477.0
8993,mmrf_2059,test,True,True,1604.0,0.0,1604.0
8994,mmrf_2059,test,True,True,1680.0,0.0,1680.0
8995,mmrf_2059,test,True,True,1778.0,0.0,1778.0
8996,mmrf_2059,test,True,True,1874.0,0.0,1874.0
8997,mmrf_2059,test,True,True,2016.0,0.0,2016.0
8998,mmrf_2059,test,True,True,2171.0,0.0,2171.0
8999,mmrf_2059,test,True,True,2352.0,0.0,2352.0
9000,mmrf_2059,test,True,True,2547.0,0.0,2547.0
9001,mmrf_2059,test,True,True,2744.0,0.0,2744.0
9002,mmrf_2061,train,True,True,87.0,-6.0,93.0
9003,mmrf_2061,train,True,True,186.0,-6.0,192.0
9004,mmrf_2061,train,True,True,268.0,-6.0,274.0
9005,mmrf_2061,train,True,True,359.0,-6.0,365.0
9006,mmrf_2061,train,True,True,450.0,-6.0,456.0
9007,mmrf_2061,train,True,True,547.0,-6.0,553.0
9008,mmrf_2061,train,True,True,645.0,-6.0,651.0
9009,mmrf_2061,train,True,True,737.0,-6.0,743.0
9010,mmrf_2062,train,True,True,162.0,-1.0,163.0
9035,mmrf_2068,train,True,True,91.0,0.0,91.0
9036,mmrf_2068,train,True,True,180.0,0.0,180.0
9037,mmrf_2068,train,True,True,285.0,0.0,285.0
9038,mmrf_2068,train,True,True,369.0,0.0,369.0
9039,mmrf_2068,train,True,True,448.0,0.0,448.0
9040,mmrf_2068,train,True,True,532.0,0.0,532.0
9041,mmrf_2072,train,True,True,92.0,-18.0,110.0
9042,mmrf_2072,train,True,True,170.0,-18.0,188.0
9043,mmrf_2072,train,True,True,254.0,-18.0,272.0
9044,mmrf_2072,train,False,True,366.0,-18.0,384.0
9045,mmrf_2072,train,False,True,436.0,-18.0,454.0
9046,mmrf_2072,train,False,True,633.0,-18.0,651.0
9047,mmrf_2072,train,False,True,716.0,-18.0,734.0
9048,mmrf_2072,train,False,True,828.0,-18.0,846.0
9049,mmrf_2072,train,False,True,863.0,-18.0,881.0
9050,mmrf_2072,train,False,True,996.0,-18.0,1014.0
9051,mmrf_2072,train,True,True,1096.0,-18.0,1114.0
9052,mmrf_2072,train,True,True,1187.0,-18.0,1205.0
9053,mmrf_2072,train,True,True,1284.0,-18.0,1302.0
9054,mmrf_2072,train,True,True,1720.0,-18.0,1738.0
9055,mmrf_2074,train,True,True,78.0,-19.0,97.0
9056,mmrf_2074,train,True,True,163.0,-19.0,182.0
9057,mmrf_2074,train,False,True,239.0,-19.0,258.0
9058,mmrf_2074,train,False,True,323.0,-19.0,342.0
9059,mmrf_2074,train,False,True,435.0,-19.0,454.0
9060,mmrf_2074,train,False,True,534.0,-19.0,553.0
9061,mmrf_2074,train,False,True,616.0,-19.0,635.0
9062,mmrf_2074,train,False,True,675.0,-19.0,694.0
9063,mmrf_2074,train,False,True,799.0,-19.0,818.0
9064,mmrf_2074,train,False,True,840.0,-19.0,859.0
9065,mmrf_2074,train,False,True,974.0,-19.0,993.0
9066,mmrf_2074,train,False,True,1072.0,-19.0,1091.0
9067,mmrf_2074,train,True,True,1163.0,-19.0,1182.0
9068,mmrf_2074,train,True,True,1212.0,-19.0,1231.0
9069,mmrf_2074,train,True,True,1352.0,-19.0,1371.0
9070,mmrf_2074,train,True,True,1408.0,-19.0,1427.0
9071,mmrf_2074,train,True,True,1520.0,-19.0,1539.0
9072,mmrf_2074,train,True,True,1606.0,-19.0,1625.0
9073,mmrf_2074,train,True,True,1688.0,-19.0,1707.0
9074,mmrf_2074,train,True,True,1772.0,-19.0,1791.0
9075,mmrf_2074,train,True,True,1967.0,-19.0,1986.0
9076,mmrf_2074,train,True,True,2530.0,-19.0,2549.0
9077,mmrf_2076,train,True,True,74.0,-4.0,78.0
9078,mmrf_2076,train,True,True,551.0,-4.0,555.0
9079,mmrf_2076,train,True,True,642.0,-4.0,646.0
9080,mmrf_2076,train,True,True,735.0,-4.0,739.0
9081,mmrf_2076,train,True,True,788.0,-4.0,792.0
9082,mmrf_2076,train,True,True,921.0,-4.0,925.0
9083,mmrf_2076,train,True,True,999.0,-4.0,1003.0
9084,mmrf_2076,train,True,True,1083.0,-4.0,1087.0
9085,mmrf_2076,train,True,True,1174.0,-4.0,1178.0
9086,mmrf_2076,train,True,True,1258.0,-4.0,1262.0
9087,mmrf_2076,train,True,True,1363.0,-4.0,1367.0
9088,mmrf_2076,train,True,True,1454.0,-4.0,1458.0
9089,mmrf_2076,train,True,True,1602.0,-4.0,1606.0
9090,mmrf_2076,train,True,True,1699.0,-4.0,1703.0
9091,mmrf_2076,train,True,True,1825.0,-4.0,1829.0
9092,mmrf_2076,train,True,True,1965.0,-4.0,1969.0
9093,mmrf_2076,train,True,True,2168.0,-4.0,2172.0
9094,mmrf_2076,train,True,True,2351.0,-4.0,2355.0
9095,mmrf_2076,train,True,True,2539.0,-4.0,2543.0
9096,mmrf_2076,train,True,True,2678.0,-4.0,2682.0
9097,mmrf_2079,train,True,True,65.0,-30.0,95.0
9098,mmrf_2080,train,True,True,70.0,-11.0,81.0
9099,mmrf_2080,train,True,True,165.0,-11.0,176.0
9100,mmrf_2080,train,True,True,260.0,-11.0,271.0
9101,mmrf_2080,train,True,True,346.0,-11.0,357.0
9102,mmrf_2080,train,True,True,428.0,-11.0,439.0
9103,mmrf_2080,train,True,True,540.0,-11.0,551.0
9104,mmrf_2080,train,True,True,709.0,-11.0,720.0
9105,mmrf_2080,train,True,True,794.0,-11.0,805.0
9106,mmrf_2080,train,True,True,877.0,-11.0,888.0
9107,mmrf_2080,train,True,True,962.0,-11.0,973.0
9108,mmrf_2080,train,True,True,1053.0,-11.0,1064.0
9109,mmrf_2080,train,True,True,1166.0,-11.0,1177.0
9110,mmrf_2080,train,True,True,1361.0,-11.0,1372.0
9111,mmrf_2080,train,True,True,1417.0,-11.0,1428.0
9112,mmrf_2080,train,True,True,1505.0,-11.0,1516.0
9113,mmrf_2080,train,True,True,1646.0,-11.0,1657.0
9114,mmrf_2080,train,True,True,1813.0,-11.0,1824.0
9115,mmrf_2080,train,True,True,1981.0,-11.0,1992.0
9116,mmrf_2080,train,True,True,2177.0,-11.0,2188.0
9117,mmrf_2080,train,False,True,2373.0,-11.0,2384.0
9118,mmrf_2080,train,False,True,2520.0,-11.0,2531.0
9119,mmrf_2080,train,False,True,2718.0,-11.0,2729.0
9120,mmrf_2081,train,True,True,99.0,-5.0,104.0
9121,mmrf_2081,train,True,True,212.0,-5.0,217.0
9122,mmrf_2081,train,True,True,262.0,-5.0,267.0
9123,mmrf_2081,train,True,True,344.0,-5.0,349.0
9124,mmrf_2081,train,True,True,415.0,-5.0,420.0
9125,mmrf_2081,train,True,True,537.0,-5.0,542.0
9126,mmrf_2081,train,True,True,621.0,-5.0,626.0
9127,mmrf_2081,train,True,True,726.0,-5.0,731.0
9128,mmrf_2081,train,True,True,809.0,-5.0,814.0
9129,mmrf_2081,train,True,True,901.0,-5.0,906.0
9130,mmrf_2081,train,True,True,1006.0,-5.0,1011.0
9131,mmrf_2081,train,True,True,1203.0,-5.0,1208.0
9132,mmrf_2081,train,True,True,1366.0,-5.0,1371.0
9133,mmrf_2081,train,True,True,1390.0,-5.0,1395.0
9134,mmrf_2081,train,True,True,1573.0,-5.0,1578.0
9135,mmrf_2081,train,True,True,1699.0,-5.0,1704.0
9136,mmrf_2081,train,True,True,1814.0,-5.0,1819.0
9137,mmrf_2081,train,True,True,1899.0,-5.0,1904.0
9138,mmrf_2081,train,True,True,2006.0,-5.0,2011.0
9139,mmrf_2081,train,True,True,2199.0,-5.0,2204.0
9140,mmrf_2081,train,True,True,2364.0,-5.0,2369.0
9141,mmrf_2081,train,True,True,2419.0,-5.0,2424.0
9142,mmrf_2081,train,True,True,2511.0,-5.0,2516.0
9143,mmrf_2081,train,True,True,2536.0,-5.0,2541.0
9144,mmrf_2081,train,True,True,2684.0,-5.0,2689.0
9145,mmrf_2081,train,True,True,2735.0,-5.0,2740.0
9146,mmrf_2082,train,True,True,57.0,-28.0,85.0
9147,mmrf_2082,train,True,True,113.0,-28.0,141.0
9148,mmrf_2082,train,True,True,197.0,-28.0,225.0
9149,mmrf_2082,train,True,True,302.0,-28.0,330.0
9150,mmrf_2082,train,True,True,413.0,-28.0,441.0
9151,mmrf_2082,train,True,True,526.0,-28.0,554.0
9152,mmrf_2082,train,True,True,575.0,-28.0,603.0
9153,mmrf_2082,train,True,True,699.0,-28.0,727.0
9154,mmrf_2082,train,True,True,733.0,-28.0,761.0
9155,mmrf_2082,train,True,True,901.0,-28.0,929.0
9156,mmrf_2082,train,True,True,992.0,-28.0,1020.0
9157,mmrf_2082,train,True,True,1111.0,-28.0,1139.0
9158,mmrf_2082,train,True,True,1153.0,-28.0,1181.0
9159,mmrf_2082,train,True,True,1254.0,-28.0,1282.0
9160,mmrf_2082,train,True,True,1335.0,-28.0,1363.0
9161,mmrf_2082,train,True,True,1426.0,-28.0,1454.0
9162,mmrf_2082,train,True,True,1526.0,-28.0,1554.0
9163,mmrf_2082,train,True,True,1624.0,-28.0,1652.0
9164,mmrf_2082,train,True,True,1721.0,-28.0,1749.0
9165,mmrf_2082,train,True,True,1804.0,-28.0,1832.0
9166,mmrf_2082,train,True,True,1978.0,-28.0,2006.0
9167,mmrf_2082,train,True,True,2168.0,-28.0,2196.0
9168,mmrf_2082,train,True,True,2353.0,-28.0,2381.0
9169,mmrf_2082,train,True,True,2505.0,-28.0,2533.0
9170,mmrf_2082,train,True,True,2715.0,-28.0,2743.0
9171,mmrf_2083,train,True,True,155.0,-20.0,175.0
9172,mmrf_2083,train,True,True,327.0,326.0,1.0
9173,mmrf_2083,train,True,True,525.0,326.0,199.0
9174,mmrf_2083,train,True,True,595.0,326.0,269.0
9180,mmrf_2087,train,True,True,103.0,0.0,103.0
9181,mmrf_2089,val,True,True,85.0,-9.0,94.0
9182,mmrf_2089,val,True,True,169.0,-9.0,178.0
9183,mmrf_2089,val,True,True,253.0,-9.0,262.0
9191,mmrf_2091,train,True,True,85.0,-27.0,112.0
9192,mmrf_2091,train,True,True,168.0,-27.0,195.0
9193,mmrf_2091,train,True,True,246.0,-27.0,273.0
9194,mmrf_2091,train,False,True,330.0,-27.0,357.0
9195,mmrf_2091,train,False,True,442.0,-27.0,469.0
9196,mmrf_2091,train,False,True,533.0,-27.0,560.0
9197,mmrf_2091,train,False,True,617.0,-27.0,644.0
9198,mmrf_2091,train,False,True,729.0,-27.0,756.0
9199,mmrf_2091,train,False,True,813.0,-27.0,840.0
9200,mmrf_2091,train,True,True,897.0,-27.0,924.0
9201,mmrf_2091,train,True,True,960.0,-27.0,987.0
9202,mmrf_2091,train,True,True,1051.0,-27.0,1078.0
9203,mmrf_2091,train,True,True,1149.0,-27.0,1176.0
9204,mmrf_2091,train,True,True,1240.0,-27.0,1267.0
9205,mmrf_2091,train,True,True,1331.0,-27.0,1358.0
9206,mmrf_2091,train,True,True,1415.0,-27.0,1442.0
9207,mmrf_2091,train,True,True,1534.0,-27.0,1561.0
9208,mmrf_2091,train,True,True,1585.0,-27.0,1612.0
9209,mmrf_2091,train,True,True,1625.0,-27.0,1652.0
9210,mmrf_2091,train,True,True,1716.0,-27.0,1743.0
9211,mmrf_2091,train,True,True,1828.0,-27.0,1855.0
9212,mmrf_2091,train,True,True,2002.0,-27.0,2029.0
9213,mmrf_2091,train,False,True,2192.0,-27.0,2219.0
9214,mmrf_2091,train,False,True,2359.0,-27.0,2386.0
9215,mmrf_2091,train,False,True,2562.0,-27.0,2589.0
9216,mmrf_2091,train,False,True,2731.0,-27.0,2758.0
9217,mmrf_2093,train,True,True,79.0,-12.0,91.0
9218,mmrf_2093,train,True,True,248.0,-12.0,260.0
9219,mmrf_2093,train,True,True,353.0,-12.0,365.0
9220,mmrf_2093,train,True,True,437.0,-12.0,449.0
9221,mmrf_2093,train,True,True,534.0,-12.0,546.0
9222,mmrf_2093,train,True,True,610.0,-12.0,622.0
9223,mmrf_2093,train,True,True,660.0,-12.0,672.0
9224,mmrf_2093,train,True,True,751.0,-12.0,763.0
9225,mmrf_2093,train,True,True,879.0,-12.0,891.0
9226,mmrf_2093,train,True,True,953.0,-12.0,965.0
9227,mmrf_2093,train,True,True,1060.0,-12.0,1072.0
9228,mmrf_2093,train,True,True,1167.0,-12.0,1179.0
9229,mmrf_2093,train,True,True,1229.0,-12.0,1241.0
9230,mmrf_2093,train,True,True,1340.0,-12.0,1352.0
9231,mmrf_2093,train,True,True,1423.0,-12.0,1435.0
9232,mmrf_2093,train,True,True,1510.0,-12.0,1522.0
9233,mmrf_2093,train,True,True,1627.0,-12.0,1639.0
9234,mmrf_2093,train,True,True,1712.0,-12.0,1724.0
9235,mmrf_2093,train,True,True,1811.0,-12.0,1823.0
9236,mmrf_2093,train,True,True,1888.0,-12.0,1900.0
9237,mmrf_2093,train,True,True,1979.0,-12.0,1991.0
9256,mmrf_2097,val,True,True,63.0,-12.0,75.0
9257,mmrf_2097,val,True,True,190.0,-12.0,202.0
9258,mmrf_2097,val,True,True,339.0,-12.0,351.0
9259,mmrf_2097,val,True,True,430.0,-12.0,442.0
9260,mmrf_2097,val,True,True,528.0,-12.0,540.0
9261,mmrf_2097,val,True,True,622.0,-12.0,634.0
9262,mmrf_2097,val,True,True,686.0,-12.0,698.0
9263,mmrf_2097,val,True,True,783.0,-12.0,795.0
9264,mmrf_2097,val,True,True,868.0,-12.0,880.0
9265,mmrf_2097,val,True,True,1023.0,-12.0,1035.0
9266,mmrf_2097,val,True,True,1123.0,-12.0,1135.0
9267,mmrf_2097,val,False,True,1245.0,-12.0,1257.0
9268,mmrf_2097,val,True,True,1346.0,-12.0,1358.0
9269,mmrf_2097,val,True,True,1471.0,-12.0,1483.0
9270,mmrf_2097,val,True,True,1525.0,-12.0,1537.0
9271,mmrf_2097,val,False,True,1613.0,-12.0,1625.0
9272,mmrf_2097,val,False,True,1758.0,-12.0,1770.0
9273,mmrf_2097,val,True,True,1987.0,-12.0,1999.0
9274,mmrf_2097,val,True,True,2183.0,-12.0,2195.0
9275,mmrf_2097,val,True,True,2353.0,-12.0,2365.0
9276,mmrf_2097,val,True,True,2458.0,-12.0,2470.0
9277,mmrf_2097,val,True,True,2678.0,-12.0,2690.0
9278,mmrf_2097,val,True,True,2757.0,-12.0,2769.0
9279,mmrf_2098,val,True,True,82.0,-17.0,99.0
9280,mmrf_2098,val,True,True,160.0,-17.0,177.0
9306,mmrf_2102,train,True,True,85.0,-18.0,103.0
9307,mmrf_2102,train,True,True,169.0,-18.0,187.0
9308,mmrf_2102,train,True,True,267.0,-18.0,285.0
9309,mmrf_2102,train,True,True,351.0,-18.0,369.0
9310,mmrf_2102,train,True,True,407.0,-18.0,425.0
9311,mmrf_2102,train,True,True,547.0,-18.0,565.0
9312,mmrf_2102,train,True,True,631.0,-18.0,649.0
9313,mmrf_2102,train,True,True,717.0,-18.0,735.0
9314,mmrf_2102,train,True,True,797.0,-18.0,815.0
9315,mmrf_2102,train,True,True,878.0,-18.0,896.0
9316,mmrf_2102,train,True,True,969.0,-18.0,987.0
9317,mmrf_2102,train,True,True,1088.0,-18.0,1106.0
9318,mmrf_2102,train,True,True,1166.0,-18.0,1184.0
9319,mmrf_2102,train,True,True,1249.0,-18.0,1267.0
9320,mmrf_2102,train,True,True,1319.0,-18.0,1337.0
9343,mmrf_2106,test,True,True,159.0,-29.0,188.0
9344,mmrf_2107,train,True,True,85.0,-3.0,88.0
9345,mmrf_2107,train,True,True,159.0,-3.0,162.0
9346,mmrf_2107,train,True,True,276.0,-3.0,279.0
9347,mmrf_2107,train,True,True,373.0,-3.0,376.0
9348,mmrf_2107,train,True,True,549.0,-3.0,552.0
9349,mmrf_2107,train,True,True,737.0,-3.0,740.0
9350,mmrf_2107,train,True,True,999.0,-3.0,1002.0
9351,mmrf_2107,train,True,True,1100.0,-3.0,1103.0
9352,mmrf_2107,train,True,True,1242.0,-3.0,1245.0
9353,mmrf_2107,train,True,True,1473.0,-3.0,1476.0
9354,mmrf_2107,train,True,True,1608.0,-3.0,1611.0
9355,mmrf_2107,train,True,True,1821.0,-3.0,1824.0
9356,mmrf_2111,train,True,True,63.0,-9.0,72.0
9357,mmrf_2111,train,True,True,190.0,-9.0,199.0
9358,mmrf_2111,train,True,True,257.0,-9.0,266.0
9359,mmrf_2111,train,True,True,358.0,-9.0,367.0
9360,mmrf_2111,train,True,True,467.0,-9.0,476.0
9361,mmrf_2111,train,True,True,532.0,-9.0,541.0
9362,mmrf_2111,train,True,True,629.0,-9.0,638.0
9363,mmrf_2111,train,True,True,693.0,-9.0,702.0
9364,mmrf_2111,train,True,True,832.0,-9.0,841.0
9365,mmrf_2111,train,True,True,911.0,-9.0,920.0
9366,mmrf_2111,train,True,True,1056.0,-9.0,1065.0
9367,mmrf_2111,train,True,True,1289.0,-9.0,1298.0
9368,mmrf_2111,train,True,True,1357.0,-9.0,1366.0
9369,mmrf_2111,train,True,True,1420.0,-9.0,1429.0
9370,mmrf_2111,train,True,True,1598.0,-9.0,1607.0
9371,mmrf_2111,train,True,True,1799.0,-9.0,1808.0
9372,mmrf_2111,train,True,True,1968.0,-9.0,1977.0
9373,mmrf_2111,train,True,True,2163.0,-9.0,2172.0
9375,mmrf_2113,train,True,True,60.0,-69.0,129.0
9384,mmrf_2116,train,True,True,99.0,-22.0,121.0
9385,mmrf_2116,train,True,True,183.0,-22.0,205.0
9386,mmrf_2116,train,True,True,281.0,-22.0,303.0
9387,mmrf_2116,train,True,True,393.0,-22.0,415.0
9388,mmrf_2116,train,True,True,491.0,-22.0,513.0
9389,mmrf_2116,train,True,True,575.0,-22.0,597.0
9390,mmrf_2116,train,True,True,631.0,-22.0,653.0
9391,mmrf_2116,train,True,True,729.0,-22.0,751.0
9392,mmrf_2116,train,True,True,981.0,-22.0,1003.0
9393,mmrf_2116,train,True,True,1093.0,-22.0,1115.0
9394,mmrf_2116,train,True,True,1156.0,-22.0,1178.0
9395,mmrf_2116,train,True,True,1261.0,-22.0,1283.0
9396,mmrf_2116,train,True,True,1352.0,-22.0,1374.0
9397,mmrf_2116,train,True,True,1436.0,-22.0,1458.0
9398,mmrf_2116,train,True,True,1541.0,-22.0,1563.0
9399,mmrf_2116,train,True,True,1632.0,-22.0,1654.0
9400,mmrf_2116,train,True,True,1709.0,-22.0,1731.0
9401,mmrf_2116,train,True,True,1800.0,-22.0,1822.0
9402,mmrf_2116,train,True,True,2369.0,-22.0,2391.0
9403,mmrf_2116,train,True,True,2570.0,-22.0,2592.0
9404,mmrf_2116,train,True,True,2717.0,-22.0,2739.0
9405,mmrf_2118,val,True,True,96.0,-7.0,103.0
9406,mmrf_2118,val,True,True,188.0,-7.0,195.0
9407,mmrf_2118,val,True,True,274.0,-7.0,281.0
9408,mmrf_2118,val,True,True,372.0,-7.0,379.0
9409,mmrf_2118,val,True,True,442.0,-7.0,449.0
9410,mmrf_2118,val,True,True,541.0,-7.0,548.0
9411,mmrf_2118,val,True,True,632.0,-7.0,639.0
9412,mmrf_2118,val,True,True,712.0,-7.0,719.0
9413,mmrf_2118,val,True,True,824.0,-7.0,831.0
9414,mmrf_2118,val,True,True,911.0,-7.0,918.0
9415,mmrf_2118,val,True,True,1002.0,-7.0,1009.0
9416,mmrf_2119,train,True,True,79.0,-11.0,90.0
9417,mmrf_2119,train,True,True,183.0,-11.0,194.0
9418,mmrf_2119,train,True,True,246.0,-11.0,257.0
9419,mmrf_2119,train,True,True,344.0,-11.0,355.0
9420,mmrf_2119,train,True,True,442.0,-11.0,453.0
9421,mmrf_2119,train,True,True,526.0,-11.0,537.0
9422,mmrf_2119,train,True,True,617.0,-11.0,628.0
9423,mmrf_2122,test,True,True,104.0,-7.0,111.0
9424,mmrf_2122,test,True,True,194.0,-7.0,201.0
9425,mmrf_2122,test,True,True,257.0,-7.0,264.0
9426,mmrf_2122,test,True,True,349.0,-7.0,356.0
9427,mmrf_2122,test,True,True,432.0,-7.0,439.0
9428,mmrf_2122,test,True,True,524.0,-7.0,531.0
9429,mmrf_2122,test,True,True,621.0,538.0,83.0
9430,mmrf_2122,test,True,True,729.0,538.0,191.0
9431,mmrf_2122,test,True,True,811.0,538.0,273.0
9432,mmrf_2122,test,True,True,895.0,538.0,357.0
9433,mmrf_2122,test,True,True,993.0,538.0,455.0
9434,mmrf_2122,test,True,True,1063.0,538.0,525.0
9435,mmrf_2122,test,True,True,1175.0,538.0,637.0
9436,mmrf_2122,test,True,True,1259.0,538.0,721.0
9437,mmrf_2122,test,True,True,1336.0,538.0,798.0
9438,mmrf_2122,test,False,True,1390.0,538.0,852.0
9439,mmrf_2122,test,False,True,1511.0,538.0,973.0
9440,mmrf_2122,test,True,True,1651.0,538.0,1113.0
9441,mmrf_2122,test,True,True,1735.0,538.0,1197.0
9442,mmrf_2122,test,True,True,1819.0,538.0,1281.0
9443,mmrf_2122,test,True,True,2015.0,538.0,1477.0
9444,mmrf_2122,test,True,True,2190.0,538.0,1652.0
9445,mmrf_2122,test,True,True,2393.0,538.0,1855.0
9446,mmrf_2122,test,True,True,2568.0,538.0,2030.0
9447,mmrf_2122,test,True,True,2757.0,538.0,2219.0
9473,mmrf_2125,train,True,True,47.0,-18.0,65.0
9474,mmrf_2125,train,True,True,159.0,-18.0,177.0
9475,mmrf_2125,train,True,True,236.0,-18.0,254.0
9476,mmrf_2125,train,True,True,323.0,-18.0,341.0
9477,mmrf_2125,train,True,True,510.0,-18.0,528.0
9478,mmrf_2125,train,True,True,603.0,-18.0,621.0
9479,mmrf_2125,train,True,True,778.0,-18.0,796.0
9480,mmrf_2125,train,True,True,876.0,-18.0,894.0
9481,mmrf_2125,train,True,True,972.0,-18.0,990.0
9482,mmrf_2125,train,True,True,1047.0,-18.0,1065.0
9483,mmrf_2125,train,True,True,1133.0,-18.0,1151.0
9484,mmrf_2125,train,True,True,1238.0,-18.0,1256.0
9485,mmrf_2125,train,True,True,1321.0,-18.0,1339.0
9486,mmrf_2126,test,True,True,47.0,-21.0,68.0
9487,mmrf_2126,test,True,True,155.0,-21.0,176.0
9488,mmrf_2126,test,True,True,256.0,-21.0,277.0
9489,mmrf_2126,test,True,True,347.0,-21.0,368.0
9490,mmrf_2126,test,True,True,400.0,-21.0,421.0
9491,mmrf_2126,test,True,True,521.0,-21.0,542.0
9571,mmrf_2140,train,True,True,186.0,86.0,100.0
9572,mmrf_2140,train,True,True,258.0,86.0,172.0
9573,mmrf_2140,train,True,True,342.0,86.0,256.0
9574,mmrf_2140,train,True,True,451.0,86.0,365.0
9575,mmrf_2140,train,True,True,647.0,86.0,561.0
9576,mmrf_2140,train,True,True,724.0,86.0,638.0
9577,mmrf_2140,train,True,True,927.0,86.0,841.0
9578,mmrf_2140,train,True,True,1018.0,86.0,932.0
9579,mmrf_2140,train,True,True,1117.0,86.0,1031.0
9580,mmrf_2140,train,True,True,1410.0,86.0,1324.0
9581,mmrf_2140,train,True,True,1656.0,86.0,1570.0
9582,mmrf_2140,train,True,True,1745.0,86.0,1659.0
9583,mmrf_2140,train,True,True,1938.0,86.0,1852.0
9584,mmrf_2141,test,True,True,88.0,-21.0,109.0
9585,mmrf_2141,test,True,True,245.0,-21.0,266.0
9586,mmrf_2141,test,True,True,343.0,-21.0,364.0
9587,mmrf_2141,test,True,True,548.0,-21.0,569.0
9588,mmrf_2141,test,True,True,638.0,-21.0,659.0
9589,mmrf_2141,test,True,True,714.0,-21.0,735.0
9590,mmrf_2141,test,True,True,808.0,-21.0,829.0
9591,mmrf_2141,test,True,True,892.0,-21.0,913.0
9592,mmrf_2141,test,True,True,990.0,-21.0,1011.0
9593,mmrf_2141,test,True,True,1082.0,-21.0,1103.0
9594,mmrf_2141,test,True,True,1143.0,-21.0,1164.0
9595,mmrf_2141,test,True,True,1340.0,-21.0,1361.0
9596,mmrf_2141,test,True,True,1430.0,-21.0,1451.0
9597,mmrf_2141,test,True,True,1585.0,-21.0,1606.0
9598,mmrf_2141,test,True,True,1675.0,-21.0,1696.0
9599,mmrf_2141,test,True,True,1766.0,-21.0,1787.0
9600,mmrf_2141,test,True,True,1837.0,-21.0,1858.0
9601,mmrf_2141,test,True,True,2003.0,-21.0,2024.0
9602,mmrf_2141,test,True,True,2179.0,-21.0,2200.0
9603,mmrf_2141,test,True,True,2396.0,-21.0,2417.0
9604,mmrf_2141,test,True,True,2555.0,-21.0,2576.0
9605,mmrf_2141,test,True,True,2740.0,-21.0,2761.0
9609,mmrf_2143,test,True,True,104.0,-8.0,112.0
9610,mmrf_2143,test,True,True,168.0,-8.0,176.0
9611,mmrf_2143,test,True,True,230.0,-8.0,238.0
9640,mmrf_2149,train,True,True,128.0,-14.0,142.0
9641,mmrf_2149,train,True,True,163.0,-14.0,177.0
9642,mmrf_2150,train,True,True,161.0,-3.0,164.0
9643,mmrf_2150,train,True,True,279.0,-3.0,282.0
9644,mmrf_2150,train,True,True,363.0,-3.0,366.0
9645,mmrf_2150,train,True,True,452.0,-3.0,455.0
9646,mmrf_2150,train,True,True,533.0,-3.0,536.0
9647,mmrf_2150,train,True,True,628.0,-3.0,631.0
9648,mmrf_2150,train,True,True,701.0,-3.0,704.0
9649,mmrf_2150,train,True,True,792.0,-3.0,795.0
9650,mmrf_2150,train,True,True,905.0,-3.0,908.0
9651,mmrf_2150,train,True,True,1003.0,-3.0,1006.0
9652,mmrf_2150,train,True,True,1077.0,-3.0,1080.0
9653,mmrf_2150,train,True,True,1222.0,-3.0,1225.0
9654,mmrf_2150,train,True,True,1247.0,-3.0,1250.0
9655,mmrf_2150,train,True,True,2157.0,-3.0,2160.0
9656,mmrf_2150,train,True,True,2346.0,-3.0,2349.0
9657,mmrf_2153,test,True,True,192.0,-12.0,204.0
9658,mmrf_2153,test,True,True,262.0,-12.0,274.0
9659,mmrf_2153,test,True,True,360.0,-12.0,372.0
9660,mmrf_2153,test,True,True,445.0,-12.0,457.0
9692,mmrf_2168,train,True,True,49.0,-40.0,89.0
9693,mmrf_2168,train,True,True,134.0,-40.0,174.0
9694,mmrf_2168,train,True,True,232.0,-40.0,272.0
9695,mmrf_2168,train,True,True,329.0,-40.0,369.0
9696,mmrf_2168,train,True,True,408.0,-40.0,448.0
9697,mmrf_2168,train,True,True,511.0,-40.0,551.0
9698,mmrf_2168,train,True,True,605.0,-40.0,645.0
9699,mmrf_2168,train,True,True,696.0,-40.0,736.0
9700,mmrf_2168,train,True,True,780.0,-40.0,820.0
9701,mmrf_2168,train,True,True,877.0,-40.0,917.0
9702,mmrf_2168,train,True,True,951.0,-40.0,991.0
9703,mmrf_2168,train,True,True,1038.0,-40.0,1078.0
9704,mmrf_2168,train,True,True,1129.0,-40.0,1169.0
9705,mmrf_2168,train,True,True,1241.0,-40.0,1281.0
9706,mmrf_2168,train,True,True,1332.0,-40.0,1372.0
9707,mmrf_2168,train,True,True,1395.0,-40.0,1435.0
9708,mmrf_2168,train,True,True,1493.0,-40.0,1533.0
9709,mmrf_2168,train,True,True,1605.0,-40.0,1645.0
9710,mmrf_2168,train,True,True,1697.0,-40.0,1737.0
9711,mmrf_2168,train,True,True,1822.0,-40.0,1862.0
9712,mmrf_2168,train,True,True,1990.0,-40.0,2030.0
9713,mmrf_2168,train,True,True,2159.0,-40.0,2199.0
9714,mmrf_2168,train,True,True,2306.0,-40.0,2346.0
9715,mmrf_2168,train,True,True,2536.0,-40.0,2576.0
9716,mmrf_2168,train,True,True,2704.0,-40.0,2744.0
9717,mmrf_2170,train,True,True,84.0,-1.0,85.0
9718,mmrf_2170,train,True,True,168.0,-1.0,169.0
9719,mmrf_2170,train,True,True,280.0,-1.0,281.0
9720,mmrf_2170,train,True,True,346.0,-1.0,347.0
9721,mmrf_2170,train,True,True,429.0,-1.0,430.0
9722,mmrf_2170,train,True,True,506.0,-1.0,507.0
9723,mmrf_2170,train,True,True,632.0,-1.0,633.0
9724,mmrf_2170,train,True,True,751.0,-1.0,752.0
9725,mmrf_2170,train,True,True,967.0,-1.0,968.0
9726,mmrf_2170,train,True,True,1283.0,-1.0,1284.0
9727,mmrf_2170,train,True,True,1374.0,-1.0,1375.0
9728,mmrf_2170,train,True,True,1430.0,-1.0,1431.0
9753,mmrf_2172,val,True,True,100.0,-1.0,101.0
9754,mmrf_2172,val,True,True,189.0,-1.0,190.0
9755,mmrf_2172,val,True,True,300.0,-1.0,301.0
9756,mmrf_2172,val,True,True,359.0,-1.0,360.0
9757,mmrf_2172,val,True,True,453.0,-1.0,454.0
9758,mmrf_2173,train,True,True,96.0,-8.0,104.0
9759,mmrf_2173,train,True,True,163.0,-8.0,171.0
9760,mmrf_2173,train,True,True,274.0,-8.0,282.0
9761,mmrf_2173,train,True,True,338.0,-8.0,346.0
9762,mmrf_2173,train,True,True,443.0,-8.0,451.0
9763,mmrf_2173,train,True,True,527.0,-8.0,535.0
9764,mmrf_2173,train,True,True,625.0,-8.0,633.0
9765,mmrf_2173,train,True,True,723.0,-8.0,731.0
9766,mmrf_2173,train,True,True,793.0,-8.0,801.0
9767,mmrf_2173,train,True,True,902.0,-8.0,910.0
9768,mmrf_2173,train,True,True,1102.0,-8.0,1110.0
9769,mmrf_2173,train,True,True,1163.0,-8.0,1171.0
9770,mmrf_2173,train,True,True,1324.0,-8.0,1332.0
9771,mmrf_2174,train,True,True,82.0,0.0,82.0
9772,mmrf_2174,train,True,True,110.0,0.0,110.0
9773,mmrf_2174,train,True,True,180.0,0.0,180.0
9774,mmrf_2174,train,True,True,278.0,0.0,278.0
9775,mmrf_2176,train,True,True,40.0,-27.0,67.0
9776,mmrf_2176,train,True,True,124.0,-27.0,151.0
9777,mmrf_2176,train,True,True,250.0,-27.0,277.0
9778,mmrf_2176,train,True,True,391.0,-27.0,418.0
9779,mmrf_2176,train,True,True,510.0,-27.0,537.0
9780,mmrf_2176,train,True,True,587.0,-27.0,614.0
9781,mmrf_2176,train,True,True,699.0,-27.0,726.0
9782,mmrf_2176,train,True,True,758.0,-27.0,785.0
9783,mmrf_2176,train,True,True,842.0,-27.0,869.0
9784,mmrf_2176,train,True,True,996.0,-27.0,1023.0
9785,mmrf_2176,train,True,True,1039.0,-27.0,1066.0
9786,mmrf_2176,train,False,True,1135.0,-27.0,1162.0
9787,mmrf_2176,train,True,True,1325.0,-27.0,1352.0
9788,mmrf_2176,train,True,True,1512.0,-27.0,1539.0
9789,mmrf_2176,train,True,True,1608.0,-27.0,1635.0
9790,mmrf_2176,train,True,True,1708.0,-27.0,1735.0
9791,mmrf_2176,train,True,True,1848.0,-27.0,1875.0
9792,mmrf_2176,train,True,True,2184.0,-27.0,2211.0
9793,mmrf_2180,train,True,True,79.0,-21.0,100.0
9794,mmrf_2180,train,True,True,162.0,-21.0,183.0
9795,mmrf_2180,train,True,True,255.0,-21.0,276.0
9796,mmrf_2180,train,True,True,353.0,-21.0,374.0
9797,mmrf_2180,train,True,True,423.0,-21.0,444.0
9798,mmrf_2180,train,True,True,493.0,-21.0,514.0
9799,mmrf_2180,train,True,True,584.0,-21.0,605.0
9800,mmrf_2180,train,True,True,696.0,-21.0,717.0
9801,mmrf_2180,train,True,True,757.0,-21.0,778.0
9802,mmrf_2180,train,True,True,857.0,-21.0,878.0
9803,mmrf_2180,train,True,True,955.0,-21.0,976.0
9804,mmrf_2180,train,True,True,992.0,-21.0,1013.0
9805,mmrf_2180,train,True,True,1086.0,-21.0,1107.0
9806,mmrf_2180,train,True,True,1207.0,-21.0,1228.0
9807,mmrf_2180,train,True,True,1289.0,-21.0,1310.0
9808,mmrf_2180,train,True,True,1366.0,-21.0,1387.0
9809,mmrf_2180,train,True,True,1457.0,-21.0,1478.0
9810,mmrf_2180,train,True,True,1542.0,-21.0,1563.0
9813,mmrf_2183,train,True,True,112.0,-2.0,114.0
9814,mmrf_2183,train,True,True,175.0,-2.0,177.0
9815,mmrf_2183,train,True,True,260.0,-2.0,262.0
9875,mmrf_2194,val,True,True,95.0,0.0,95.0
9876,mmrf_2194,val,True,True,184.0,0.0,184.0
9877,mmrf_2194,val,True,True,275.0,0.0,275.0
9878,mmrf_2194,val,True,True,341.0,0.0,341.0
9879,mmrf_2194,val,True,True,443.0,442.0,1.0
9880,mmrf_2194,val,True,True,544.0,442.0,102.0
9881,mmrf_2194,val,True,True,731.0,442.0,289.0
9882,mmrf_2194,val,True,True,803.0,442.0,361.0
9883,mmrf_2194,val,True,True,901.0,442.0,459.0
9884,mmrf_2195,train,True,True,125.0,-4.0,129.0
9885,mmrf_2195,train,True,True,193.0,-4.0,197.0
9886,mmrf_2195,train,True,True,265.0,-4.0,269.0
9887,mmrf_2195,train,True,True,349.0,-4.0,353.0
9888,mmrf_2195,train,True,True,468.0,-4.0,472.0
9889,mmrf_2195,train,True,True,524.0,-4.0,528.0
9890,mmrf_2195,train,True,True,655.0,-4.0,659.0
9891,mmrf_2195,train,True,True,725.0,-4.0,729.0
9892,mmrf_2195,train,True,True,895.0,-4.0,899.0
9893,mmrf_2195,train,True,True,991.0,-4.0,995.0
9894,mmrf_2195,train,True,True,1078.0,-4.0,1082.0
9895,mmrf_2195,train,True,True,1145.0,-4.0,1149.0
9896,mmrf_2195,train,True,True,1264.0,-4.0,1268.0
9897,mmrf_2195,train,True,True,1336.0,-4.0,1340.0
9935,mmrf_2199,train,True,True,127.0,-1.0,128.0
9936,mmrf_2199,train,True,True,223.0,-1.0,224.0
9937,mmrf_2199,train,True,True,281.0,-1.0,282.0
9938,mmrf_2199,train,True,True,372.0,-1.0,373.0
9939,mmrf_2199,train,True,True,456.0,-1.0,457.0
9940,mmrf_2199,train,True,True,553.0,-1.0,554.0
9941,mmrf_2199,train,True,True,666.0,-1.0,667.0
9942,mmrf_2199,train,True,True,848.0,-1.0,849.0
9943,mmrf_2199,train,True,True,1018.0,-1.0,1019.0
9944,mmrf_2199,train,True,True,1093.0,-1.0,1094.0
9945,mmrf_2199,train,True,True,1301.0,-1.0,1302.0
9946,mmrf_2199,train,True,True,1478.0,-1.0,1479.0
9947,mmrf_2199,train,True,True,1835.0,-1.0,1836.0
9948,mmrf_2199,train,True,True,2199.0,-1.0,2200.0
9949,mmrf_2200,train,True,True,91.0,-1.0,92.0
9950,mmrf_2200,train,True,True,189.0,-1.0,190.0
9951,mmrf_2200,train,True,True,271.0,-1.0,272.0
9952,mmrf_2200,train,True,True,355.0,-1.0,356.0
9953,mmrf_2201,train,True,True,69.0,-8.0,77.0
9954,mmrf_2201,train,True,True,176.0,-8.0,184.0
9955,mmrf_2201,train,True,True,253.0,-8.0,261.0
9956,mmrf_2203,train,True,True,87.0,-5.0,92.0
9957,mmrf_2204,val,True,True,93.0,-10.0,103.0
9958,mmrf_2204,val,True,True,249.0,-10.0,259.0
9959,mmrf_2204,val,True,True,361.0,-10.0,371.0
9977,mmrf_2211,train,True,True,60.0,0.0,60.0
9978,mmrf_2211,train,True,True,148.0,0.0,148.0
9979,mmrf_2211,train,True,True,249.0,0.0,249.0
9980,mmrf_2211,train,True,True,368.0,0.0,368.0
9981,mmrf_2211,train,True,True,459.0,0.0,459.0
9982,mmrf_2211,train,True,True,529.0,0.0,529.0
9983,mmrf_2211,train,True,True,641.0,0.0,641.0
9984,mmrf_2211,train,True,True,690.0,0.0,690.0
9985,mmrf_2211,train,True,True,753.0,0.0,753.0
9986,mmrf_2211,train,True,True,907.0,0.0,907.0
9987,mmrf_2211,train,True,True,1015.0,0.0,1015.0
9988,mmrf_2211,train,True,True,1103.0,0.0,1103.0
9989,mmrf_2211,train,True,True,1131.0,0.0,1131.0
9990,mmrf_2211,train,True,True,1243.0,0.0,1243.0
9991,mmrf_2211,train,True,True,1334.0,0.0,1334.0
9992,mmrf_2211,train,True,True,1446.0,0.0,1446.0
9993,mmrf_2211,train,True,True,1565.0,0.0,1565.0
9994,mmrf_2211,train,True,True,1704.0,0.0,1704.0
9995,mmrf_2211,train,True,True,1750.0,0.0,1750.0
9996,mmrf_2211,train,True,True,1838.0,0.0,1838.0
9997,mmrf_2211,train,True,True,1929.0,0.0,1929.0
9998,mmrf_2211,train,True,True,1997.0,0.0,1997.0
9999,mmrf_2211,train,True,True,2201.0,0.0,2201.0
10000,mmrf_2211,train,True,True,2374.0,0.0,2374.0
10001,mmrf_2211,train,True,True,2577.0,0.0,2577.0
10002,mmrf_2211,train,True,True,2737.0,0.0,2737.0
10003,mmrf_2213,train,True,True,85.0,-2.0,87.0
10004,mmrf_2213,train,True,True,109.0,-2.0,111.0
10005,mmrf_2213,train,True,True,265.0,-2.0,267.0
10006,mmrf_2213,train,True,True,356.0,-2.0,358.0
10007,mmrf_2213,train,True,True,459.0,-2.0,461.0
10008,mmrf_2213,train,True,True,522.0,-2.0,524.0
10009,mmrf_2213,train,True,True,888.0,-2.0,890.0
10010,mmrf_2213,train,True,True,1257.0,-2.0,1259.0
10011,mmrf_2213,train,True,True,1621.0,-2.0,1623.0
10012,mmrf_2213,train,True,True,1785.0,-2.0,1787.0
10013,mmrf_2213,train,True,True,2016.0,-2.0,2018.0
10014,mmrf_2213,train,True,True,2160.0,-2.0,2162.0
10015,mmrf_2213,train,True,True,2317.0,-2.0,2319.0
10016,mmrf_2213,train,True,True,2552.0,-2.0,2554.0
10017,mmrf_2213,train,True,True,2720.0,-2.0,2722.0
10018,mmrf_2214,train,True,True,79.0,-6.0,85.0
10019,mmrf_2214,train,True,True,188.0,-6.0,194.0
10020,mmrf_2214,train,True,True,283.0,-6.0,289.0
10021,mmrf_2214,train,True,True,366.0,-6.0,372.0
10022,mmrf_2214,train,True,True,450.0,-6.0,456.0
10023,mmrf_2214,train,True,True,510.0,-6.0,516.0
10024,mmrf_2214,train,True,True,569.0,-6.0,575.0
10025,mmrf_2214,train,True,True,700.0,-6.0,706.0
10026,mmrf_2215,train,True,True,72.0,-11.0,83.0
10027,mmrf_2215,train,True,True,151.0,-11.0,162.0
10028,mmrf_2215,train,True,True,242.0,-11.0,253.0
10029,mmrf_2215,train,True,True,330.0,-11.0,341.0
10030,mmrf_2215,train,True,True,414.0,-11.0,425.0
10031,mmrf_2215,train,True,True,500.0,-11.0,511.0
10032,mmrf_2215,train,True,True,613.0,-11.0,624.0
10033,mmrf_2215,train,True,True,697.0,-11.0,708.0
10034,mmrf_2215,train,True,True,781.0,-11.0,792.0
10035,mmrf_2215,train,True,True,893.0,-11.0,904.0
10036,mmrf_2215,train,True,True,977.0,-11.0,988.0
10037,mmrf_2215,train,True,True,1061.0,-11.0,1072.0
10038,mmrf_2215,train,True,True,1145.0,-11.0,1156.0
10039,mmrf_2215,train,True,True,1229.0,-11.0,1240.0
10040,mmrf_2215,train,True,True,1257.0,-11.0,1268.0
10041,mmrf_2215,train,True,True,1433.0,-11.0,1444.0
10042,mmrf_2215,train,True,True,1544.0,-11.0,1555.0
10043,mmrf_2215,train,True,True,1639.0,-11.0,1650.0
10044,mmrf_2215,train,True,True,1723.0,-11.0,1734.0
10045,mmrf_2215,train,True,True,1838.0,-11.0,1849.0
10046,mmrf_2215,train,True,True,1930.0,-11.0,1941.0
10047,mmrf_2215,train,True,True,2115.0,-11.0,2126.0
10048,mmrf_2215,train,True,True,2290.0,-11.0,2301.0
10049,mmrf_2215,train,True,True,2479.0,-11.0,2490.0
10050,mmrf_2215,train,True,True,2668.0,-11.0,2679.0
10051,mmrf_2216,train,True,True,183.0,0.0,183.0
10052,mmrf_2216,train,True,True,267.0,0.0,267.0
10053,mmrf_2217,train,True,True,100.0,-4.0,104.0
10054,mmrf_2217,train,True,True,170.0,-4.0,174.0
10055,mmrf_2217,train,True,True,429.0,-4.0,433.0
10056,mmrf_2217,train,True,True,604.0,-4.0,608.0
10057,mmrf_2217,train,True,True,659.0,-4.0,663.0
10058,mmrf_2217,train,True,True,905.0,-4.0,909.0
10059,mmrf_2217,train,True,True,982.0,-4.0,986.0
10060,mmrf_2217,train,True,True,1080.0,-4.0,1084.0
10061,mmrf_2217,train,True,True,1164.0,-4.0,1168.0
10062,mmrf_2217,train,True,True,1261.0,-4.0,1265.0
10063,mmrf_2217,train,True,True,1344.0,-4.0,1348.0
10064,mmrf_2217,train,True,True,1456.0,-4.0,1460.0
10065,mmrf_2220,train,True,True,85.0,-5.0,90.0
10066,mmrf_2220,train,True,True,172.0,-5.0,177.0
10067,mmrf_2220,train,True,True,281.0,-5.0,286.0
10068,mmrf_2220,train,True,True,365.0,-5.0,370.0
10069,mmrf_2220,train,True,True,449.0,-5.0,454.0
10070,mmrf_2220,train,True,True,533.0,-5.0,538.0
10071,mmrf_2220,train,True,True,645.0,-5.0,650.0
10072,mmrf_2220,train,True,True,729.0,-5.0,734.0
10073,mmrf_2220,train,True,True,827.0,-5.0,832.0
10074,mmrf_2220,train,True,True,904.0,-5.0,909.0
10075,mmrf_2220,train,True,True,995.0,-5.0,1000.0
10076,mmrf_2220,train,True,True,1086.0,-5.0,1091.0
10077,mmrf_2220,train,True,True,1170.0,-5.0,1175.0
10078,mmrf_2220,train,True,True,2108.0,-5.0,2113.0
10079,mmrf_2220,train,True,True,2283.0,-5.0,2288.0
10124,mmrf_2224,train,True,True,75.0,-4.0,79.0
10125,mmrf_2224,train,True,True,172.0,-4.0,176.0
10126,mmrf_2224,train,True,True,362.0,-4.0,366.0
10127,mmrf_2224,train,False,True,439.0,-4.0,443.0
10128,mmrf_2224,train,False,True,533.0,-4.0,537.0
10129,mmrf_2224,train,True,True,613.0,-4.0,617.0
10130,mmrf_2224,train,False,True,701.0,-4.0,705.0
10131,mmrf_2224,train,False,True,820.0,-4.0,824.0
10132,mmrf_2224,train,False,True,895.0,-4.0,899.0
10133,mmrf_2224,train,True,True,998.0,-4.0,1002.0
10134,mmrf_2224,train,True,True,1082.0,-4.0,1086.0
10135,mmrf_2224,train,True,True,1166.0,-4.0,1170.0
10136,mmrf_2224,train,True,True,1254.0,-4.0,1258.0
10137,mmrf_2224,train,True,True,1343.0,-4.0,1347.0
10138,mmrf_2224,train,True,True,1436.0,-4.0,1440.0
10139,mmrf_2224,train,True,True,1510.0,-4.0,1514.0
10140,mmrf_2224,train,True,True,1608.0,-4.0,1612.0
10141,mmrf_2224,train,True,True,1700.0,-4.0,1704.0
10142,mmrf_2224,train,True,True,1817.0,-4.0,1821.0
10143,mmrf_2224,train,True,True,2206.0,-4.0,2210.0
10144,mmrf_2224,train,False,True,2373.0,-4.0,2377.0
10145,mmrf_2224,train,False,True,2591.0,-4.0,2595.0
10146,mmrf_2224,train,True,True,2689.0,-4.0,2693.0
10147,mmrf_2225,train,True,True,92.0,0.0,92.0
10148,mmrf_2225,train,True,True,260.0,0.0,260.0
10149,mmrf_2225,train,True,True,449.0,0.0,449.0
10150,mmrf_2225,train,True,True,549.0,0.0,549.0
10151,mmrf_2225,train,True,True,639.0,0.0,639.0
10152,mmrf_2228,train,True,True,84.0,-18.0,102.0
10153,mmrf_2228,train,True,True,196.0,-18.0,214.0
10154,mmrf_2228,train,True,True,280.0,-18.0,298.0
10155,mmrf_2228,train,True,True,351.0,-18.0,369.0
10156,mmrf_2229,val,True,True,29.0,-55.0,84.0
10157,mmrf_2229,val,True,True,113.0,-55.0,168.0
10158,mmrf_2229,val,True,True,197.0,-55.0,252.0
10159,mmrf_2229,val,True,True,313.0,-55.0,368.0
10160,mmrf_2229,val,True,True,393.0,-55.0,448.0
10161,mmrf_2229,val,True,True,477.0,-55.0,532.0
10162,mmrf_2229,val,True,True,564.0,-55.0,619.0
10163,mmrf_2229,val,True,True,655.0,-55.0,710.0
10164,mmrf_2229,val,True,True,743.0,-55.0,798.0
10165,mmrf_2229,val,True,True,827.0,-55.0,882.0
10166,mmrf_2229,val,True,True,939.0,-55.0,994.0
10167,mmrf_2229,val,True,True,1038.0,-55.0,1093.0
10168,mmrf_2229,val,True,True,1104.0,-55.0,1159.0
10169,mmrf_2229,val,True,True,1223.0,-55.0,1278.0
10170,mmrf_2229,val,True,True,1291.0,-55.0,1346.0
10171,mmrf_2230,train,True,True,81.0,-5.0,86.0
10172,mmrf_2230,train,True,True,157.0,-5.0,162.0
10173,mmrf_2231,train,True,True,64.0,-20.0,84.0
10174,mmrf_2231,train,True,True,168.0,-20.0,188.0
10175,mmrf_2231,train,True,True,255.0,-20.0,275.0
10176,mmrf_2231,train,True,True,315.0,-20.0,335.0
10177,mmrf_2231,train,True,True,406.0,-20.0,426.0
10178,mmrf_2231,train,True,True,497.0,-20.0,517.0
10179,mmrf_2231,train,True,True,592.0,-20.0,612.0
10180,mmrf_2231,train,True,True,683.0,-20.0,703.0
10181,mmrf_2231,train,True,True,784.0,-20.0,804.0
10182,mmrf_2231,train,True,True,882.0,-20.0,902.0
10183,mmrf_2231,train,True,True,987.0,-20.0,1007.0
10184,mmrf_2231,train,True,True,1110.0,-20.0,1130.0
10185,mmrf_2231,train,True,True,1222.0,-20.0,1242.0
10186,mmrf_2231,train,True,True,1313.0,-20.0,1333.0
10187,mmrf_2231,train,True,True,1460.0,-20.0,1480.0
10188,mmrf_2231,train,True,True,1530.0,-20.0,1550.0
10189,mmrf_2231,train,True,True,1627.0,-20.0,1647.0
10190,mmrf_2231,train,True,True,1727.0,-20.0,1747.0
10191,mmrf_2231,train,True,True,1732.0,-20.0,1752.0
10192,mmrf_2231,train,True,True,1929.0,-20.0,1949.0
10193,mmrf_2231,train,True,True,2117.0,-20.0,2137.0
10194,mmrf_2231,train,True,True,2363.0,-20.0,2383.0
10195,mmrf_2231,train,True,True,2454.0,-20.0,2474.0
10196,mmrf_2231,train,True,True,2709.0,-20.0,2729.0
10197,mmrf_2232,train,True,True,79.0,-19.0,98.0
10198,mmrf_2232,train,True,True,169.0,-19.0,188.0
10199,mmrf_2232,train,False,True,255.0,-19.0,274.0
10200,mmrf_2232,train,True,True,339.0,-19.0,358.0
10201,mmrf_2232,train,True,True,437.0,-19.0,456.0
10202,mmrf_2232,train,False,True,521.0,-19.0,540.0
10203,mmrf_2232,train,False,True,605.0,-19.0,624.0
10204,mmrf_2232,train,False,True,688.0,-19.0,707.0
10205,mmrf_2232,train,True,True,800.0,-19.0,819.0
10206,mmrf_2232,train,True,True,884.0,-19.0,903.0
10207,mmrf_2232,train,True,True,975.0,-19.0,994.0
10208,mmrf_2232,train,True,True,1060.0,-19.0,1079.0
10209,mmrf_2232,train,True,True,1145.0,-19.0,1164.0
10210,mmrf_2232,train,True,True,1235.0,-19.0,1254.0
10211,mmrf_2232,train,True,True,1319.0,-19.0,1338.0
10212,mmrf_2232,train,True,True,1431.0,-19.0,1450.0
10213,mmrf_2232,train,True,True,1515.0,-19.0,1534.0
10214,mmrf_2232,train,True,True,1599.0,-19.0,1618.0
10215,mmrf_2232,train,True,True,1711.0,-19.0,1730.0
10216,mmrf_2232,train,True,True,1785.0,-19.0,1804.0
10217,mmrf_2236,train,True,True,92.0,-13.0,105.0
10218,mmrf_2236,train,True,True,183.0,-13.0,196.0
10219,mmrf_2236,train,True,True,288.0,-13.0,301.0
10220,mmrf_2236,train,True,True,372.0,-13.0,385.0
10221,mmrf_2236,train,True,True,456.0,-13.0,469.0
10222,mmrf_2236,train,False,True,540.0,-13.0,553.0
10223,mmrf_2236,train,False,True,625.0,-13.0,638.0
10247,mmrf_2238,train,True,True,92.0,2.0,90.0
10248,mmrf_2238,train,False,True,163.0,2.0,161.0
10249,mmrf_2238,train,False,True,260.0,2.0,258.0
10250,mmrf_2238,train,False,True,351.0,2.0,349.0
10251,mmrf_2238,train,False,True,407.0,2.0,405.0
10252,mmrf_2238,train,False,True,533.0,2.0,531.0
10253,mmrf_2238,train,False,True,596.0,2.0,594.0
10254,mmrf_2238,train,False,True,751.0,2.0,749.0
10255,mmrf_2238,train,False,True,851.0,2.0,849.0
10256,mmrf_2238,train,False,True,873.0,2.0,871.0
10257,mmrf_2238,train,False,True,946.0,2.0,944.0
10258,mmrf_2238,train,False,True,1048.0,2.0,1046.0
10259,mmrf_2238,train,False,True,1139.0,2.0,1137.0
10260,mmrf_2238,train,False,True,1226.0,2.0,1224.0
10261,mmrf_2238,train,True,True,1335.0,2.0,1333.0
10262,mmrf_2238,train,True,True,1408.0,2.0,1406.0
10263,mmrf_2238,train,True,True,1576.0,2.0,1574.0
10264,mmrf_2238,train,True,True,1707.0,2.0,1705.0
10265,mmrf_2238,train,True,True,1772.0,2.0,1770.0
10266,mmrf_2238,train,True,True,1941.0,2.0,1939.0
10267,mmrf_2238,train,True,True,2116.0,2.0,2114.0
10268,mmrf_2238,train,True,True,2144.0,2.0,2142.0
10269,mmrf_2238,train,False,True,2347.0,2.0,2345.0
10270,mmrf_2238,train,True,True,2529.0,2.0,2527.0
10271,mmrf_2238,train,True,True,2724.0,2.0,2722.0
10290,mmrf_2240,train,True,True,76.0,0.0,76.0
10291,mmrf_2240,train,True,True,158.0,0.0,158.0
10292,mmrf_2240,train,True,True,256.0,0.0,256.0
10293,mmrf_2240,train,True,True,342.0,0.0,342.0
10294,mmrf_2240,train,True,True,433.0,0.0,433.0
10295,mmrf_2240,train,True,True,516.0,0.0,516.0
10296,mmrf_2240,train,True,True,643.0,0.0,643.0
10297,mmrf_2240,train,True,True,705.0,0.0,705.0
10298,mmrf_2240,train,True,True,832.0,0.0,832.0
10299,mmrf_2240,train,True,True,935.0,0.0,935.0
10300,mmrf_2240,train,True,True,992.0,0.0,992.0
10301,mmrf_2240,train,True,True,1059.0,0.0,1059.0
10302,mmrf_2240,train,True,True,1163.0,0.0,1163.0
10303,mmrf_2240,train,True,True,1260.0,0.0,1260.0
10304,mmrf_2240,train,True,True,1344.0,0.0,1344.0
10305,mmrf_2240,train,True,True,1442.0,0.0,1442.0
10346,mmrf_2250,train,True,True,64.0,-12.0,76.0
10347,mmrf_2250,train,True,True,134.0,-12.0,146.0
10348,mmrf_2250,train,True,True,246.0,-12.0,258.0
10349,mmrf_2250,train,True,True,308.0,-12.0,320.0
10350,mmrf_2250,train,True,True,428.0,-12.0,440.0
10351,mmrf_2250,train,True,True,675.0,-12.0,687.0
10352,mmrf_2250,train,True,True,797.0,-12.0,809.0
10353,mmrf_2250,train,True,True,851.0,-12.0,863.0
10354,mmrf_2250,train,True,True,927.0,-12.0,939.0
10355,mmrf_2250,train,True,True,1057.0,-12.0,1069.0
10356,mmrf_2250,train,True,True,1305.0,-12.0,1317.0
10357,mmrf_2250,train,True,True,1436.0,-12.0,1448.0
10358,mmrf_2250,train,True,True,1541.0,-12.0,1553.0
10359,mmrf_2250,train,True,True,1625.0,-12.0,1637.0
10360,mmrf_2250,train,True,True,1681.0,-12.0,1693.0
10361,mmrf_2250,train,True,True,1796.0,-12.0,1808.0
10362,mmrf_2250,train,False,True,1975.0,-12.0,1987.0
10363,mmrf_2250,train,False,True,2143.0,-12.0,2155.0
10364,mmrf_2250,train,True,True,2325.0,-12.0,2337.0
10365,mmrf_2253,train,True,True,64.0,-14.0,78.0
10366,mmrf_2253,train,True,True,162.0,-14.0,176.0
10367,mmrf_2253,train,True,True,260.0,-14.0,274.0
10368,mmrf_2253,train,True,True,331.0,-14.0,345.0
10369,mmrf_2253,train,True,True,428.0,-14.0,442.0
10370,mmrf_2253,train,True,True,508.0,-14.0,522.0
10371,mmrf_2253,train,True,True,619.0,-14.0,633.0
10373,mmrf_2257,val,True,True,96.0,-9.0,105.0
10374,mmrf_2257,val,True,True,194.0,-9.0,203.0
10375,mmrf_2257,val,True,True,294.0,-9.0,303.0
10376,mmrf_2257,val,True,True,369.0,-9.0,378.0
10377,mmrf_2257,val,True,True,453.0,-9.0,462.0
10378,mmrf_2257,val,True,True,551.0,-9.0,560.0
10379,mmrf_2257,val,True,True,670.0,-9.0,679.0
10380,mmrf_2257,val,True,True,817.0,-9.0,826.0
10381,mmrf_2257,val,True,True,950.0,-9.0,959.0
10382,mmrf_2257,val,True,True,1076.0,-9.0,1085.0
10383,mmrf_2257,val,True,True,1154.0,-9.0,1163.0
10384,mmrf_2257,val,True,True,1251.0,-9.0,1260.0
10385,mmrf_2257,val,True,True,1356.0,-9.0,1365.0
10386,mmrf_2257,val,True,True,1447.0,-9.0,1456.0
10387,mmrf_2257,val,True,True,1545.0,-9.0,1554.0
10388,mmrf_2257,val,True,True,1622.0,-9.0,1631.0
10389,mmrf_2257,val,True,True,1728.0,-9.0,1737.0
10390,mmrf_2257,val,True,True,1812.0,-9.0,1821.0
10391,mmrf_2257,val,True,True,1969.0,-9.0,1978.0
10392,mmrf_2257,val,True,True,2203.0,-9.0,2212.0
10393,mmrf_2257,val,True,True,2336.0,-9.0,2345.0
10394,mmrf_2257,val,True,True,2497.0,-9.0,2506.0
10395,mmrf_2257,val,True,True,2714.0,-9.0,2723.0
10396,mmrf_2258,train,True,True,84.0,-21.0,105.0
10397,mmrf_2258,train,True,True,154.0,-21.0,175.0
10398,mmrf_2258,train,True,True,238.0,-21.0,259.0
10399,mmrf_2258,train,True,True,331.0,-21.0,352.0
10400,mmrf_2258,train,True,True,421.0,-21.0,442.0
10401,mmrf_2258,train,True,True,525.0,-21.0,546.0
10402,mmrf_2258,train,True,True,639.0,-21.0,660.0
10403,mmrf_2258,train,True,True,826.0,-21.0,847.0
10404,mmrf_2258,train,True,True,1031.0,-21.0,1052.0
10405,mmrf_2265,train,True,True,77.0,-14.0,91.0
10406,mmrf_2265,train,True,True,153.0,-14.0,167.0
10407,mmrf_2265,train,True,True,260.0,-14.0,274.0
10408,mmrf_2265,train,True,True,343.0,-14.0,357.0
10409,mmrf_2265,train,True,True,428.0,-14.0,442.0
10410,mmrf_2265,train,True,True,512.0,-14.0,526.0
10411,mmrf_2265,train,True,True,596.0,-14.0,610.0
10412,mmrf_2265,train,True,True,680.0,-14.0,694.0
10413,mmrf_2265,train,True,True,792.0,-14.0,806.0
10414,mmrf_2265,train,True,True,876.0,-14.0,890.0
10415,mmrf_2265,train,True,True,981.0,-14.0,995.0
10416,mmrf_2265,train,True,True,1072.0,-14.0,1086.0
10417,mmrf_2265,train,True,True,1156.0,-14.0,1170.0
10418,mmrf_2265,train,True,True,1239.0,-14.0,1253.0
10419,mmrf_2265,train,False,True,1317.0,-14.0,1331.0
10420,mmrf_2265,train,True,True,1408.0,-14.0,1422.0
10421,mmrf_2265,train,True,True,1548.0,-14.0,1562.0
10422,mmrf_2265,train,True,True,1625.0,-14.0,1639.0
10423,mmrf_2265,train,True,True,1709.0,-14.0,1723.0
10424,mmrf_2265,train,True,True,1821.0,-14.0,1835.0
10425,mmrf_2265,train,True,True,1988.0,-14.0,2002.0
10426,mmrf_2265,train,True,True,2157.0,-14.0,2171.0
10427,mmrf_2265,train,True,True,2353.0,-14.0,2367.0
10428,mmrf_2265,train,True,True,2549.0,-14.0,2563.0
10429,mmrf_2265,train,True,True,2717.0,-14.0,2731.0
10430,mmrf_2266,train,True,True,89.0,0.0,89.0
10431,mmrf_2266,train,True,True,155.0,0.0,155.0
10432,mmrf_2266,train,True,True,257.0,0.0,257.0
10433,mmrf_2266,train,True,True,348.0,0.0,348.0
10434,mmrf_2267,val,True,True,104.0,-6.0,110.0
10435,mmrf_2267,val,True,True,215.0,-6.0,221.0
10436,mmrf_2267,val,True,True,275.0,-6.0,281.0
10437,mmrf_2267,val,True,True,335.0,-6.0,341.0
10438,mmrf_2267,val,True,True,405.0,-6.0,411.0
10439,mmrf_2267,val,True,True,572.0,-6.0,578.0
10440,mmrf_2267,val,True,True,663.0,-6.0,669.0
10441,mmrf_2267,val,True,True,754.0,-6.0,760.0
10442,mmrf_2267,val,True,True,845.0,-6.0,851.0
10443,mmrf_2267,val,True,True,936.0,-6.0,942.0
10444,mmrf_2267,val,True,True,1028.0,-6.0,1034.0
10445,mmrf_2267,val,True,True,1111.0,-6.0,1117.0
10446,mmrf_2267,val,True,True,1202.0,-6.0,1208.0
10447,mmrf_2267,val,True,True,1393.0,-6.0,1399.0
10448,mmrf_2267,val,True,True,1443.0,-6.0,1449.0
10449,mmrf_2267,val,True,True,1499.0,-6.0,1505.0
10450,mmrf_2267,val,True,True,1608.0,-6.0,1614.0
10451,mmrf_2267,val,True,True,1699.0,-6.0,1705.0
10452,mmrf_2267,val,True,True,1804.0,-6.0,1810.0
10453,mmrf_2267,val,True,True,2063.0,-6.0,2069.0
10454,mmrf_2267,val,True,True,2246.0,-6.0,2252.0
10455,mmrf_2267,val,True,True,2352.0,-6.0,2358.0
10456,mmrf_2267,val,True,True,2561.0,-6.0,2567.0
10457,mmrf_2267,val,True,True,2672.0,-6.0,2678.0
10458,mmrf_2268,val,True,True,88.0,-4.0,92.0
10459,mmrf_2268,val,True,True,172.0,-4.0,176.0
10460,mmrf_2268,val,True,True,257.0,-4.0,261.0
10461,mmrf_2268,val,True,True,340.0,-4.0,344.0
10462,mmrf_2268,val,True,True,445.0,-4.0,449.0
10463,mmrf_2268,val,True,True,540.0,-4.0,544.0
10464,mmrf_2268,val,True,True,628.0,-4.0,632.0
10465,mmrf_2268,val,True,True,718.0,-4.0,722.0
10466,mmrf_2268,val,True,True,802.0,-4.0,806.0
10467,mmrf_2268,val,True,True,900.0,-4.0,904.0
10468,mmrf_2268,val,True,True,985.0,-4.0,989.0
10469,mmrf_2268,val,True,True,1069.0,-4.0,1073.0
10470,mmrf_2268,val,True,True,1156.0,-4.0,1160.0
10471,mmrf_2268,val,True,True,1254.0,-4.0,1258.0
10472,mmrf_2268,val,True,True,1346.0,-4.0,1350.0
10473,mmrf_2268,val,True,True,1425.0,-4.0,1429.0
10474,mmrf_2268,val,True,True,1646.0,-4.0,1650.0
10475,mmrf_2268,val,True,True,1726.0,-4.0,1730.0
10476,mmrf_2269,train,True,True,43.0,-48.0,91.0
10477,mmrf_2269,train,True,True,134.0,-48.0,182.0
10478,mmrf_2269,train,True,True,253.0,-48.0,301.0
10479,mmrf_2269,train,True,True,337.0,-48.0,385.0
10480,mmrf_2269,train,True,True,383.0,-48.0,431.0
10481,mmrf_2269,train,True,True,542.0,-48.0,590.0
10482,mmrf_2269,train,True,True,633.0,-48.0,681.0
10483,mmrf_2269,train,True,True,725.0,-48.0,773.0
10484,mmrf_2269,train,True,True,809.0,-48.0,857.0
10485,mmrf_2269,train,True,True,900.0,-48.0,948.0
10486,mmrf_2269,train,True,True,991.0,-48.0,1039.0
10487,mmrf_2269,train,True,True,1082.0,-48.0,1130.0
10488,mmrf_2269,train,True,True,1186.0,-48.0,1234.0
10489,mmrf_2269,train,True,True,1271.0,-48.0,1319.0
10490,mmrf_2269,train,True,True,1355.0,-48.0,1403.0
10491,mmrf_2269,train,True,True,1537.0,-48.0,1585.0
10492,mmrf_2269,train,True,True,1621.0,-48.0,1669.0
10493,mmrf_2269,train,True,True,1795.0,-48.0,1843.0
10494,mmrf_2269,train,True,True,2166.0,-48.0,2214.0
10495,mmrf_2269,train,True,True,2523.0,-48.0,2571.0
10518,mmrf_2271,train,True,True,36.0,-17.0,53.0
10519,mmrf_2271,train,True,True,518.0,-17.0,535.0
10520,mmrf_2271,train,True,True,700.0,-17.0,717.0
10521,mmrf_2271,train,True,True,819.0,-17.0,836.0
10522,mmrf_2271,train,True,True,1097.0,-17.0,1114.0
10523,mmrf_2271,train,True,True,1233.0,-17.0,1250.0
10524,mmrf_2271,train,True,True,1317.0,-17.0,1334.0
10525,mmrf_2271,train,True,True,1552.0,-17.0,1569.0
10526,mmrf_2271,train,True,True,1629.0,-17.0,1646.0
10527,mmrf_2271,train,True,True,1678.0,-17.0,1695.0
10528,mmrf_2273,train,True,True,86.0,-1.0,87.0
10529,mmrf_2273,train,True,True,184.0,-1.0,185.0
10530,mmrf_2273,train,True,True,273.0,-1.0,274.0
10531,mmrf_2273,train,True,True,345.0,-1.0,346.0
10532,mmrf_2273,train,True,True,457.0,-1.0,458.0
10533,mmrf_2273,train,True,True,527.0,-1.0,528.0
10534,mmrf_2273,train,True,True,604.0,-1.0,605.0
10535,mmrf_2273,train,True,True,730.0,-1.0,731.0
10536,mmrf_2273,train,True,True,814.0,-1.0,815.0
10537,mmrf_2273,train,True,True,905.0,-1.0,906.0
10538,mmrf_2273,train,True,True,982.0,-1.0,983.0
10539,mmrf_2273,train,True,True,1088.0,-1.0,1089.0
10540,mmrf_2279,train,True,True,86.0,-6.0,92.0
10541,mmrf_2279,train,True,True,259.0,-6.0,265.0
10542,mmrf_2279,train,True,True,373.0,-6.0,379.0
10543,mmrf_2279,train,True,True,457.0,-6.0,463.0
10544,mmrf_2279,train,True,True,553.0,-6.0,559.0
10545,mmrf_2279,train,True,True,637.0,-6.0,643.0
10546,mmrf_2279,train,True,True,721.0,-6.0,727.0
10547,mmrf_2279,train,True,True,919.0,-6.0,925.0
10548,mmrf_2279,train,True,True,1143.0,-6.0,1149.0
10549,mmrf_2279,train,True,True,1255.0,-6.0,1261.0
10550,mmrf_2279,train,True,True,1337.0,-6.0,1343.0
10551,mmrf_2279,train,True,True,1423.0,-6.0,1429.0
10552,mmrf_2279,train,True,True,1563.0,-6.0,1569.0
10553,mmrf_2279,train,True,True,1589.0,-6.0,1595.0
10554,mmrf_2279,train,True,True,1670.0,-6.0,1676.0
10555,mmrf_2279,train,True,True,1745.0,-6.0,1751.0
10556,mmrf_2279,train,True,True,2004.0,-6.0,2010.0
10557,mmrf_2279,train,True,True,2152.0,-6.0,2158.0
10558,mmrf_2279,train,True,True,2381.0,-6.0,2387.0
10559,mmrf_2279,train,True,True,2516.0,-6.0,2522.0
10560,mmrf_2279,train,True,True,2642.0,-6.0,2648.0
10592,mmrf_2286,train,True,True,57.0,-49.0,106.0
10593,mmrf_2286,train,True,True,86.0,-49.0,135.0
10594,mmrf_2286,train,True,True,417.0,-49.0,466.0
10595,mmrf_2286,train,True,True,473.0,-49.0,522.0
10596,mmrf_2286,train,True,True,557.0,-49.0,606.0
10597,mmrf_2286,train,True,True,642.0,-49.0,691.0
10598,mmrf_2286,train,True,True,811.0,-49.0,860.0
10647,mmrf_2293,train,True,True,88.0,0.0,88.0
10648,mmrf_2293,train,True,True,144.0,0.0,144.0
10649,mmrf_2293,train,True,True,257.0,0.0,257.0
10650,mmrf_2293,train,True,True,375.0,0.0,375.0
10651,mmrf_2293,train,False,True,458.0,0.0,458.0
10652,mmrf_2293,train,False,True,528.0,0.0,528.0
10653,mmrf_2293,train,False,True,605.0,0.0,605.0
10654,mmrf_2293,train,False,True,703.0,0.0,703.0
10655,mmrf_2293,train,False,True,793.0,0.0,793.0
10656,mmrf_2293,train,False,True,899.0,0.0,899.0
10657,mmrf_2293,train,False,True,976.0,0.0,976.0
10658,mmrf_2293,train,False,True,1088.0,0.0,1088.0
10659,mmrf_2293,train,False,True,1162.0,0.0,1162.0
10660,mmrf_2293,train,False,True,1221.0,0.0,1221.0
10661,mmrf_2293,train,False,True,1361.0,0.0,1361.0
10662,mmrf_2293,train,False,True,1452.0,0.0,1452.0
10663,mmrf_2293,train,False,True,1534.0,0.0,1534.0
10664,mmrf_2293,train,False,True,1711.0,0.0,1711.0
10665,mmrf_2293,train,False,True,1816.0,0.0,1816.0
10666,mmrf_2293,train,False,True,1981.0,0.0,1981.0
10667,mmrf_2293,train,False,True,2075.0,0.0,2075.0
10668,mmrf_2293,train,False,True,2194.0,0.0,2194.0
10669,mmrf_2293,train,False,True,2369.0,0.0,2369.0
10670,mmrf_2293,train,False,True,2549.0,0.0,2549.0
10671,mmrf_2293,train,False,True,2768.0,0.0,2768.0
10672,mmrf_2297,test,True,True,84.0,-13.0,97.0
10673,mmrf_2297,test,True,True,168.0,-13.0,181.0
10674,mmrf_2297,test,True,True,269.0,-13.0,282.0
10675,mmrf_2297,test,True,True,352.0,-13.0,365.0
10676,mmrf_2297,test,True,True,441.0,-13.0,454.0
10677,mmrf_2297,test,True,True,540.0,-13.0,553.0
10678,mmrf_2297,test,True,True,616.0,-13.0,629.0
10679,mmrf_2297,test,True,True,728.0,-13.0,741.0
10680,mmrf_2297,test,True,True,793.0,-13.0,806.0
10681,mmrf_2297,test,True,True,905.0,-13.0,918.0
10682,mmrf_2297,test,True,True,962.0,-13.0,975.0
10683,mmrf_2297,test,True,True,1066.0,-13.0,1079.0
10684,mmrf_2297,test,True,True,1178.0,-13.0,1191.0
10685,mmrf_2297,test,True,True,1442.0,-13.0,1455.0
10686,mmrf_2297,test,True,True,1561.0,-13.0,1574.0
10687,mmrf_2297,test,True,True,1652.0,-13.0,1665.0
10688,mmrf_2297,test,True,True,1743.0,-13.0,1756.0
10689,mmrf_2297,test,True,True,1831.0,-13.0,1844.0
10690,mmrf_2297,test,True,True,2009.0,-13.0,2022.0
10691,mmrf_2297,test,True,True,2191.0,-13.0,2204.0
10692,mmrf_2297,test,True,True,2361.0,-13.0,2374.0
10693,mmrf_2297,test,True,True,2557.0,-13.0,2570.0
10694,mmrf_2297,test,True,True,2751.0,-13.0,2764.0
10695,mmrf_2301,test,True,True,-24.0,-32.0,8.0
10696,mmrf_2301,test,True,True,71.0,-32.0,103.0
10697,mmrf_2301,test,True,True,276.0,-32.0,308.0
10698,mmrf_2301,test,True,True,438.0,-32.0,470.0
10699,mmrf_2301,test,True,True,522.0,-32.0,554.0
10700,mmrf_2301,test,True,True,592.0,-32.0,624.0
10701,mmrf_2301,test,True,True,681.0,-32.0,713.0
10702,mmrf_2301,test,True,True,765.0,-32.0,797.0
10703,mmrf_2301,test,True,True,919.0,-32.0,951.0
10704,mmrf_2301,test,True,True,1003.0,-32.0,1035.0
10705,mmrf_2301,test,True,True,1066.0,-32.0,1098.0
10706,mmrf_2301,test,True,True,1144.0,-32.0,1176.0
10707,mmrf_2301,test,True,True,1248.0,-32.0,1280.0
10708,mmrf_2302,train,True,True,89.0,-38.0,127.0
10709,mmrf_2302,train,True,True,173.0,-38.0,211.0
10710,mmrf_2302,train,True,True,283.0,-38.0,321.0
10711,mmrf_2302,train,True,True,376.0,-38.0,414.0
10712,mmrf_2302,train,True,True,467.0,-38.0,505.0
10713,mmrf_2302,train,True,True,558.0,-38.0,596.0
10714,mmrf_2302,train,True,True,649.0,-38.0,687.0
10715,mmrf_2302,train,True,True,905.0,-38.0,943.0
10716,mmrf_2302,train,True,True,1165.0,-38.0,1203.0
10717,mmrf_2302,train,True,True,1273.0,-38.0,1311.0
10718,mmrf_2302,train,True,True,1356.0,-38.0,1394.0
10719,mmrf_2302,train,True,True,1458.0,-38.0,1496.0
10720,mmrf_2302,train,True,True,1543.0,-38.0,1581.0
10721,mmrf_2302,train,True,True,1633.0,-38.0,1671.0
10722,mmrf_2302,train,True,True,1717.0,-38.0,1755.0
10723,mmrf_2302,train,True,True,1839.0,-38.0,1877.0
10724,mmrf_2302,train,True,True,1969.0,-38.0,2007.0
10725,mmrf_2302,train,True,True,2230.0,-38.0,2268.0
10726,mmrf_2302,train,True,True,2378.0,-38.0,2416.0
10727,mmrf_2302,train,True,True,2557.0,-38.0,2595.0
10728,mmrf_2302,train,True,True,2788.0,-38.0,2826.0
10729,mmrf_2305,train,True,True,89.0,0.0,89.0
10730,mmrf_2305,train,True,True,173.0,0.0,173.0
10731,mmrf_2305,train,True,True,365.0,0.0,365.0
10732,mmrf_2305,train,True,True,456.0,0.0,456.0
10733,mmrf_2305,train,True,True,540.0,0.0,540.0
10734,mmrf_2305,train,True,True,624.0,0.0,624.0
10735,mmrf_2305,train,True,True,712.0,0.0,712.0
10736,mmrf_2305,train,True,True,803.0,0.0,803.0
10737,mmrf_2306,test,True,True,63.0,-10.0,73.0
10738,mmrf_2306,test,True,True,147.0,-10.0,157.0
10739,mmrf_2306,test,True,True,259.0,-10.0,269.0
10740,mmrf_2306,test,True,True,343.0,-10.0,353.0
10741,mmrf_2306,test,True,True,418.0,-10.0,428.0
10742,mmrf_2306,test,True,True,526.0,-10.0,536.0
10743,mmrf_2306,test,True,True,610.0,-10.0,620.0
10744,mmrf_2306,test,True,True,694.0,-10.0,704.0
10745,mmrf_2306,test,True,True,778.0,-10.0,788.0
10746,mmrf_2306,test,True,True,859.0,-10.0,869.0
10747,mmrf_2306,test,True,True,980.0,-10.0,990.0
10748,mmrf_2306,test,True,True,1055.0,-10.0,1065.0
10749,mmrf_2306,test,True,True,1146.0,-10.0,1156.0
10750,mmrf_2306,test,True,True,1230.0,-10.0,1240.0
10751,mmrf_2306,test,True,True,1338.0,-10.0,1348.0
10752,mmrf_2306,test,True,True,1422.0,-10.0,1432.0
10753,mmrf_2306,test,True,True,1510.0,-10.0,1520.0
10754,mmrf_2306,test,True,True,1601.0,-10.0,1611.0
10755,mmrf_2306,test,True,True,1709.0,-10.0,1719.0
10756,mmrf_2306,test,True,True,1800.0,-10.0,1810.0
10757,mmrf_2306,test,True,True,2022.0,-10.0,2032.0
10772,mmrf_2310,train,True,True,78.0,-21.0,99.0
10773,mmrf_2310,train,True,True,192.0,-21.0,213.0
10774,mmrf_2310,train,True,True,290.0,-21.0,311.0
10775,mmrf_2310,train,True,True,394.0,-21.0,415.0
10776,mmrf_2310,train,True,True,455.0,-21.0,476.0
10777,mmrf_2310,train,True,True,520.0,-21.0,541.0
10778,mmrf_2310,train,True,True,605.0,-21.0,626.0
10779,mmrf_2310,train,True,True,641.0,-21.0,662.0
10780,mmrf_2310,train,True,True,722.0,-21.0,743.0
10781,mmrf_2313,train,True,True,66.0,-13.0,79.0
10782,mmrf_2313,train,True,True,141.0,-13.0,154.0
10783,mmrf_2313,train,True,True,266.0,-13.0,279.0
10784,mmrf_2313,train,True,True,358.0,-13.0,371.0
10785,mmrf_2313,train,True,True,444.0,-13.0,457.0
10786,mmrf_2313,train,True,True,528.0,-13.0,541.0
10787,mmrf_2313,train,True,True,584.0,-13.0,597.0
10788,mmrf_2313,train,True,True,731.0,-13.0,744.0
10789,mmrf_2313,train,True,True,794.0,-13.0,807.0
10790,mmrf_2313,train,True,True,893.0,-13.0,906.0
10791,mmrf_2313,train,True,True,990.0,-13.0,1003.0
10792,mmrf_2313,train,True,True,1053.0,-13.0,1066.0
10793,mmrf_2313,train,True,True,1155.0,-13.0,1168.0
10794,mmrf_2313,train,True,True,1234.0,-13.0,1247.0
10795,mmrf_2313,train,True,True,1284.0,-13.0,1297.0
10796,mmrf_2313,train,True,True,1324.0,-13.0,1337.0
10797,mmrf_2313,train,True,True,1442.0,-13.0,1455.0
10798,mmrf_2313,train,True,True,1540.0,-13.0,1553.0
10799,mmrf_2313,train,True,True,1624.0,-13.0,1637.0
10800,mmrf_2313,train,True,True,1814.0,-13.0,1827.0
10801,mmrf_2316,train,True,True,79.0,-3.0,82.0
10802,mmrf_2316,train,True,True,208.0,-3.0,211.0
10803,mmrf_2316,train,True,True,302.0,-3.0,305.0
10804,mmrf_2316,train,True,True,341.0,-3.0,344.0
10805,mmrf_2316,train,True,True,439.0,-3.0,442.0
10806,mmrf_2316,train,True,True,548.0,-3.0,551.0
10807,mmrf_2316,train,True,True,646.0,-3.0,649.0
10808,mmrf_2316,train,True,True,761.0,-3.0,764.0
10809,mmrf_2316,train,True,True,859.0,-3.0,862.0
10810,mmrf_2316,train,True,True,950.0,-3.0,953.0
10811,mmrf_2316,train,True,True,1041.0,-3.0,1044.0
10812,mmrf_2316,train,True,True,1132.0,-3.0,1135.0
10813,mmrf_2316,train,True,True,1219.0,-3.0,1222.0
10814,mmrf_2316,train,True,True,1310.0,-3.0,1313.0
10815,mmrf_2316,train,True,True,1500.0,-3.0,1503.0
10816,mmrf_2316,train,True,True,1584.0,-3.0,1587.0
10817,mmrf_2316,train,True,True,1675.0,-3.0,1678.0
10818,mmrf_2316,train,True,True,1739.0,-3.0,1742.0
10819,mmrf_2316,train,True,True,1849.0,-3.0,1852.0
10820,mmrf_2316,train,True,True,1947.0,-3.0,1950.0
10821,mmrf_2316,train,True,True,2220.0,-3.0,2223.0
10822,mmrf_2316,train,True,True,2403.0,-3.0,2406.0
10823,mmrf_2316,train,True,True,2501.0,-3.0,2504.0
10824,mmrf_2316,train,True,True,2676.0,-3.0,2679.0
10825,mmrf_2317,train,True,True,108.0,-12.0,120.0
10826,mmrf_2317,train,True,True,204.0,-12.0,216.0
10827,mmrf_2317,train,True,True,281.0,-12.0,293.0
10828,mmrf_2317,train,True,True,367.0,-12.0,379.0
10829,mmrf_2317,train,True,True,428.0,-12.0,440.0
10830,mmrf_2317,train,True,True,540.0,-12.0,552.0
10855,mmrf_2325,train,True,True,92.0,-26.0,118.0
10856,mmrf_2325,train,True,True,183.0,-26.0,209.0
10857,mmrf_2325,train,True,True,260.0,-26.0,286.0
10858,mmrf_2325,train,True,True,373.0,-26.0,399.0
10859,mmrf_2325,train,True,True,457.0,-26.0,483.0
10860,mmrf_2325,train,True,True,540.0,-26.0,566.0
10861,mmrf_2325,train,True,True,624.0,-26.0,650.0
10862,mmrf_2325,train,True,True,737.0,-26.0,763.0
10863,mmrf_2325,train,True,True,821.0,-26.0,847.0
10864,mmrf_2325,train,True,True,912.0,-26.0,938.0
10865,mmrf_2325,train,True,True,988.0,-26.0,1014.0
10866,mmrf_2325,train,True,True,1072.0,-26.0,1098.0
10867,mmrf_2325,train,True,True,1184.0,-26.0,1210.0
10868,mmrf_2325,train,True,True,1268.0,-26.0,1294.0
10869,mmrf_2325,train,True,True,1352.0,-26.0,1378.0
10870,mmrf_2325,train,True,True,1444.0,-26.0,1470.0
10871,mmrf_2325,train,True,True,1521.0,-26.0,1547.0
10872,mmrf_2325,train,True,True,1605.0,-26.0,1631.0
10873,mmrf_2325,train,True,True,1689.0,-26.0,1715.0
10874,mmrf_2325,train,True,True,1744.0,-26.0,1770.0
10875,mmrf_2325,train,True,True,1912.0,-26.0,1938.0
10876,mmrf_2325,train,True,True,2172.0,-26.0,2198.0
10877,mmrf_2325,train,True,True,2346.0,-26.0,2372.0
10878,mmrf_2325,train,True,True,2535.0,-26.0,2561.0
10879,mmrf_2325,train,True,True,2710.0,-26.0,2736.0
10880,mmrf_2326,train,True,True,57.0,-20.0,77.0
10881,mmrf_2326,train,True,True,154.0,-20.0,174.0
10882,mmrf_2326,train,True,True,238.0,-20.0,258.0
10883,mmrf_2326,train,True,True,371.0,-20.0,391.0
10884,mmrf_2326,train,True,True,462.0,-20.0,482.0
10885,mmrf_2326,train,True,True,525.0,-20.0,545.0
10886,mmrf_2326,train,True,True,616.0,-20.0,636.0
10887,mmrf_2326,train,True,True,707.0,-20.0,727.0
10888,mmrf_2326,train,True,True,801.0,-20.0,821.0
10889,mmrf_2326,train,False,True,899.0,-20.0,919.0
10890,mmrf_2326,train,False,True,990.0,-20.0,1010.0
10891,mmrf_2326,train,False,True,1073.0,-20.0,1093.0
10892,mmrf_2326,train,False,True,1172.0,-20.0,1192.0
10893,mmrf_2326,train,False,True,1263.0,-20.0,1283.0
10894,mmrf_2326,train,False,True,1354.0,-20.0,1374.0
10895,mmrf_2326,train,True,True,1445.0,-20.0,1465.0
10896,mmrf_2326,train,True,True,1536.0,-20.0,1556.0
10897,mmrf_2326,train,True,True,1632.0,-20.0,1652.0
10898,mmrf_2326,train,True,True,1717.0,-20.0,1737.0
10914,mmrf_2328,train,True,True,95.0,-1.0,96.0
10915,mmrf_2328,train,True,True,179.0,-1.0,180.0
10916,mmrf_2328,train,True,True,273.0,-1.0,274.0
10917,mmrf_2328,train,True,True,354.0,-1.0,355.0
10918,mmrf_2328,train,True,True,454.0,-1.0,455.0
10919,mmrf_2328,train,True,True,545.0,-1.0,546.0
10920,mmrf_2328,train,True,True,648.0,-1.0,649.0
10921,mmrf_2328,train,True,True,687.0,-1.0,688.0
10922,mmrf_2328,train,True,True,727.0,-1.0,728.0
10923,mmrf_2328,train,True,True,824.0,-1.0,825.0
10924,mmrf_2328,train,True,True,897.0,-1.0,898.0
10925,mmrf_2329,train,True,True,80.0,-18.0,98.0
10926,mmrf_2329,train,True,True,162.0,-18.0,180.0
10927,mmrf_2329,train,True,True,269.0,-18.0,287.0
10928,mmrf_2329,train,True,True,358.0,-18.0,376.0
10929,mmrf_2329,train,True,True,428.0,-18.0,446.0
10930,mmrf_2329,train,True,True,542.0,-18.0,560.0
10931,mmrf_2329,train,True,True,633.0,-18.0,651.0
10932,mmrf_2329,train,True,True,709.0,-18.0,727.0
10933,mmrf_2329,train,True,True,787.0,-18.0,805.0
10934,mmrf_2329,train,True,True,862.0,-18.0,880.0
10935,mmrf_2329,train,True,True,1158.0,-18.0,1176.0
10936,mmrf_2329,train,True,True,1269.0,-18.0,1287.0
10937,mmrf_2329,train,True,True,1345.0,-18.0,1363.0
10938,mmrf_2329,train,True,True,1443.0,-18.0,1461.0
10939,mmrf_2329,train,True,True,1534.0,-18.0,1552.0
10940,mmrf_2329,train,True,True,1632.0,-18.0,1650.0
10941,mmrf_2329,train,True,True,1716.0,-18.0,1734.0
10942,mmrf_2330,train,True,True,74.0,-11.0,85.0
10943,mmrf_2330,train,True,True,180.0,-11.0,191.0
10944,mmrf_2330,train,True,True,264.0,-11.0,275.0
10945,mmrf_2330,train,True,True,361.0,-11.0,372.0
10946,mmrf_2330,train,True,True,432.0,-11.0,443.0
10947,mmrf_2330,train,True,True,568.0,-11.0,579.0
10948,mmrf_2330,train,True,True,641.0,-11.0,652.0
10949,mmrf_2330,train,True,True,709.0,-11.0,720.0
10950,mmrf_2330,train,True,True,814.0,-11.0,825.0
10951,mmrf_2330,train,True,True,904.0,-11.0,915.0
10952,mmrf_2330,train,True,True,974.0,-11.0,985.0
10953,mmrf_2330,train,True,True,1059.0,-11.0,1070.0
10954,mmrf_2330,train,True,True,1186.0,-11.0,1197.0
10955,mmrf_2330,train,True,True,1256.0,-11.0,1267.0
10956,mmrf_2330,train,True,True,1355.0,-11.0,1366.0
10957,mmrf_2330,train,True,True,1451.0,-11.0,1462.0
10958,mmrf_2330,train,True,True,1544.0,-11.0,1555.0
10959,mmrf_2330,train,True,True,1628.0,-11.0,1639.0
10960,mmrf_2330,train,True,True,1719.0,-11.0,1730.0
10961,mmrf_2330,train,True,True,1810.0,-11.0,1821.0
10962,mmrf_2330,train,True,True,2006.0,-11.0,2017.0
10963,mmrf_2330,train,True,True,2202.0,-11.0,2213.0
10964,mmrf_2330,train,True,True,2370.0,-11.0,2381.0
10965,mmrf_2330,train,True,True,2538.0,-11.0,2549.0
10966,mmrf_2330,train,True,True,2706.0,-11.0,2717.0
10967,mmrf_2331,train,True,True,64.0,-24.0,88.0
10968,mmrf_2331,train,True,True,177.0,-24.0,201.0
10969,mmrf_2331,train,True,True,204.0,-24.0,228.0
10970,mmrf_2331,train,True,True,303.0,-24.0,327.0
10971,mmrf_2331,train,True,True,410.0,-24.0,434.0
10972,mmrf_2331,train,True,True,501.0,-24.0,525.0
10973,mmrf_2331,train,True,True,592.0,-24.0,616.0
10974,mmrf_2331,train,True,True,676.0,-24.0,700.0
10975,mmrf_2331,train,True,True,767.0,-24.0,791.0
10976,mmrf_2331,train,True,True,858.0,-24.0,882.0
10977,mmrf_2331,train,True,True,977.0,-24.0,1001.0
10978,mmrf_2331,train,True,True,1066.0,-24.0,1090.0
10979,mmrf_2331,train,True,True,1167.0,-24.0,1191.0
10980,mmrf_2331,train,True,True,1257.0,-24.0,1281.0
10981,mmrf_2331,train,True,True,1334.0,-24.0,1358.0
10982,mmrf_2331,train,True,True,1423.0,-24.0,1447.0
10983,mmrf_2331,train,True,True,1507.0,-24.0,1531.0
10984,mmrf_2331,train,True,True,1605.0,-24.0,1629.0
10985,mmrf_2331,train,True,True,1724.0,-24.0,1748.0
10986,mmrf_2331,train,True,True,1822.0,-24.0,1846.0
10987,mmrf_2331,train,True,True,2011.0,-24.0,2035.0
10988,mmrf_2331,train,True,True,2144.0,-24.0,2168.0
10989,mmrf_2331,train,True,True,2336.0,-24.0,2360.0
10990,mmrf_2331,train,True,True,2507.0,-24.0,2531.0
10991,mmrf_2331,train,True,True,2622.0,-24.0,2646.0
11011,mmrf_2335,val,True,True,92.0,-7.0,99.0
11012,mmrf_2336,train,True,True,59.0,-42.0,101.0
11013,mmrf_2336,train,True,True,150.0,-42.0,192.0
11014,mmrf_2336,train,True,True,262.0,-42.0,304.0
11015,mmrf_2336,train,True,True,346.0,-42.0,388.0
11016,mmrf_2336,train,True,True,430.0,-42.0,472.0
11017,mmrf_2336,train,True,True,542.0,-42.0,584.0
11018,mmrf_2336,train,True,True,598.0,-42.0,640.0
11019,mmrf_2336,train,True,True,689.0,-42.0,731.0
11020,mmrf_2336,train,True,True,780.0,-42.0,822.0
11021,mmrf_2336,train,True,True,892.0,-42.0,934.0
11022,mmrf_2336,train,False,True,969.0,-42.0,1011.0
11023,mmrf_2336,train,True,True,1053.0,-42.0,1095.0
11024,mmrf_2336,train,False,True,1127.0,-42.0,1169.0
11025,mmrf_2336,train,True,True,1137.0,-42.0,1179.0
11026,mmrf_2336,train,False,True,1333.0,-42.0,1375.0
11027,mmrf_2336,train,False,True,1403.0,-42.0,1445.0
11028,mmrf_2336,train,True,True,1585.0,-42.0,1627.0
11029,mmrf_2336,train,False,True,1716.0,-42.0,1758.0
11030,mmrf_2336,train,False,True,1802.0,-42.0,1844.0
11031,mmrf_2339,train,True,True,99.0,0.0,99.0
11032,mmrf_2339,train,True,True,512.0,0.0,512.0
11033,mmrf_2339,train,True,True,689.0,0.0,689.0
11034,mmrf_2339,train,True,True,773.0,0.0,773.0
11035,mmrf_2339,train,True,True,892.0,0.0,892.0
11036,mmrf_2339,train,True,True,968.0,0.0,968.0
11037,mmrf_2339,train,True,True,1053.0,0.0,1053.0
11038,mmrf_2339,train,True,True,1164.0,0.0,1164.0
11039,mmrf_2339,train,True,True,1249.0,0.0,1249.0
11040,mmrf_2339,train,True,True,1340.0,0.0,1340.0
11041,mmrf_2339,train,True,True,1437.0,0.0,1437.0
11042,mmrf_2339,train,True,True,1527.0,0.0,1527.0
11043,mmrf_2339,train,True,True,1625.0,0.0,1625.0
11044,mmrf_2339,train,True,True,1718.0,0.0,1718.0
11045,mmrf_2339,train,True,True,1818.0,0.0,1818.0
11046,mmrf_2339,train,True,True,1991.0,0.0,1991.0
11047,mmrf_2339,train,True,True,2181.0,0.0,2181.0
11048,mmrf_2339,train,True,True,2221.0,0.0,2221.0
11049,mmrf_2339,train,True,True,2371.0,0.0,2371.0
11050,mmrf_2339,train,True,True,2546.0,0.0,2546.0
11051,mmrf_2339,train,True,True,2749.0,0.0,2749.0
11055,mmrf_2344,train,True,True,383.0,328.0,55.0
11056,mmrf_2344,train,True,True,426.0,328.0,98.0
11057,mmrf_2344,train,True,True,511.0,328.0,183.0
11058,mmrf_2344,train,True,True,601.0,328.0,273.0
11059,mmrf_2344,train,True,True,742.0,328.0,414.0
11060,mmrf_2344,train,True,True,818.0,328.0,490.0
11061,mmrf_2344,train,True,True,917.0,328.0,589.0
11062,mmrf_2344,train,True,True,1197.0,328.0,869.0
11063,mmrf_2344,train,True,True,1295.0,328.0,967.0
11064,mmrf_2344,train,True,True,1388.0,328.0,1060.0
11065,mmrf_2344,train,True,True,1456.0,328.0,1128.0
11066,mmrf_2344,train,True,True,1547.0,328.0,1219.0
11067,mmrf_2344,train,True,True,1665.0,328.0,1337.0
11068,mmrf_2344,train,True,True,1722.0,328.0,1394.0
11069,mmrf_2344,train,True,True,1848.0,328.0,1520.0
11070,mmrf_2344,train,True,True,2379.0,328.0,2051.0
11071,mmrf_2344,train,True,True,2757.0,328.0,2429.0
11072,mmrf_2352,train,True,True,260.0,-5.0,265.0
11073,mmrf_2352,train,False,True,372.0,-5.0,377.0
11074,mmrf_2352,train,False,True,470.0,-5.0,475.0
11075,mmrf_2352,train,False,True,554.0,-5.0,559.0
11076,mmrf_2352,train,False,True,638.0,-5.0,643.0
11077,mmrf_2352,train,False,True,724.0,-5.0,729.0
11078,mmrf_2352,train,False,True,883.0,-5.0,888.0
11079,mmrf_2352,train,False,True,1002.0,-5.0,1007.0
11080,mmrf_2352,train,False,True,1058.0,-5.0,1063.0
11081,mmrf_2352,train,False,True,1205.0,-5.0,1210.0
11082,mmrf_2352,train,False,True,1303.0,-5.0,1308.0
11083,mmrf_2352,train,False,True,1401.0,-5.0,1406.0
11084,mmrf_2352,train,False,True,1520.0,-5.0,1525.0
11085,mmrf_2352,train,False,True,1639.0,-5.0,1644.0
11086,mmrf_2352,train,False,True,1744.0,-5.0,1749.0
11087,mmrf_2352,train,False,True,1856.0,-5.0,1861.0
11088,mmrf_2352,train,False,True,1975.0,-5.0,1980.0
11089,mmrf_2352,train,False,True,2213.0,-5.0,2218.0
11090,mmrf_2352,train,False,True,2339.0,-5.0,2344.0
11091,mmrf_2352,train,False,True,2586.0,-5.0,2591.0
11092,mmrf_2352,train,False,True,2801.0,-5.0,2806.0
11093,mmrf_2353,test,True,True,78.0,-17.0,95.0
11094,mmrf_2353,test,True,True,164.0,-17.0,181.0
11095,mmrf_2353,test,True,True,227.0,-17.0,244.0
11096,mmrf_2353,test,True,True,316.0,-17.0,333.0
11097,mmrf_2353,test,True,True,408.0,-17.0,425.0
11098,mmrf_2353,test,True,True,501.0,-17.0,518.0
11099,mmrf_2353,test,True,True,600.0,-17.0,617.0
11100,mmrf_2353,test,True,True,653.0,-17.0,670.0
11101,mmrf_2353,test,True,True,809.0,-17.0,826.0
11102,mmrf_2353,test,True,True,834.0,-17.0,851.0
11103,mmrf_2353,test,True,True,934.0,-17.0,951.0
11104,mmrf_2353,test,True,True,1247.0,-17.0,1264.0
11105,mmrf_2353,test,True,True,1285.0,-17.0,1302.0
11106,mmrf_2353,test,True,True,1419.0,-17.0,1436.0
11107,mmrf_2353,test,True,True,1514.0,-17.0,1531.0
11108,mmrf_2353,test,True,True,1608.0,-17.0,1625.0
11109,mmrf_2353,test,True,True,1690.0,-17.0,1707.0
11110,mmrf_2353,test,True,True,1783.0,-17.0,1800.0
11111,mmrf_2353,test,True,True,2150.0,-17.0,2167.0
11112,mmrf_2353,test,True,True,2334.0,-17.0,2351.0
11113,mmrf_2353,test,True,True,2550.0,-17.0,2567.0
11114,mmrf_2353,test,True,True,2719.0,-17.0,2736.0
11115,mmrf_2362,train,True,True,99.0,0.0,99.0
11116,mmrf_2362,train,True,True,190.0,0.0,190.0
11117,mmrf_2362,train,True,True,274.0,0.0,274.0
11118,mmrf_2362,train,True,True,351.0,0.0,351.0
11119,mmrf_2362,train,True,True,463.0,0.0,463.0
11120,mmrf_2362,train,True,True,631.0,0.0,631.0
11121,mmrf_2362,train,True,True,729.0,0.0,729.0
11122,mmrf_2362,train,True,True,819.0,0.0,819.0
11123,mmrf_2362,train,True,True,897.0,0.0,897.0
11124,mmrf_2362,train,True,True,1162.0,0.0,1162.0
11125,mmrf_2362,train,True,True,1288.0,0.0,1288.0
11126,mmrf_2362,train,True,True,1555.0,0.0,1555.0
11127,mmrf_2362,train,True,True,1639.0,0.0,1639.0
11128,mmrf_2363,train,True,True,91.0,-12.0,103.0
11129,mmrf_2363,train,True,True,174.0,-12.0,186.0
11130,mmrf_2363,train,True,True,273.0,-12.0,285.0
11131,mmrf_2363,train,True,True,364.0,-12.0,376.0
11132,mmrf_2363,train,True,True,451.0,-12.0,463.0
11133,mmrf_2363,train,True,True,589.0,-12.0,601.0
11134,mmrf_2363,train,True,True,651.0,-12.0,663.0
11135,mmrf_2363,train,True,True,723.0,-12.0,735.0
11136,mmrf_2363,train,True,True,819.0,-12.0,831.0
11137,mmrf_2363,train,True,True,909.0,-12.0,921.0
11138,mmrf_2363,train,True,True,996.0,-12.0,1008.0
11139,mmrf_2363,train,True,True,1078.0,-12.0,1090.0
11140,mmrf_2363,train,True,True,1179.0,-12.0,1191.0
11141,mmrf_2363,train,True,True,1275.0,-12.0,1287.0
11142,mmrf_2363,train,True,True,1360.0,-12.0,1372.0
11143,mmrf_2363,train,True,True,1457.0,-12.0,1469.0
11144,mmrf_2363,train,True,True,1540.0,-12.0,1552.0
11145,mmrf_2363,train,True,True,1624.0,-12.0,1636.0
11146,mmrf_2363,train,True,True,1724.0,-12.0,1736.0
11147,mmrf_2363,train,True,True,1821.0,-12.0,1833.0
11148,mmrf_2363,train,True,True,1974.0,-12.0,1986.0
11149,mmrf_2363,train,True,True,2177.0,-12.0,2189.0
11150,mmrf_2363,train,True,True,2354.0,-12.0,2366.0
11151,mmrf_2363,train,True,True,2542.0,-12.0,2554.0
11152,mmrf_2363,train,True,True,2730.0,-12.0,2742.0
11153,mmrf_2365,train,True,True,76.0,-22.0,98.0
11154,mmrf_2366,train,True,True,80.0,-4.0,84.0
11155,mmrf_2366,train,True,True,170.0,-4.0,174.0
11156,mmrf_2366,train,True,True,261.0,-4.0,265.0
11157,mmrf_2366,train,True,True,352.0,-4.0,356.0
11158,mmrf_2366,train,True,True,408.0,-4.0,412.0
11159,mmrf_2366,train,True,True,520.0,-4.0,524.0
11160,mmrf_2366,train,True,True,618.0,-4.0,622.0
11161,mmrf_2367,val,False,True,93.0,-4.0,97.0
11162,mmrf_2367,val,False,True,163.0,-4.0,167.0
11163,mmrf_2367,val,False,True,254.0,-4.0,258.0
11164,mmrf_2367,val,True,True,432.0,-4.0,436.0
11165,mmrf_2367,val,False,True,541.0,-4.0,545.0
11166,mmrf_2367,val,True,True,611.0,-4.0,615.0
11167,mmrf_2367,val,True,True,691.0,-4.0,695.0
11168,mmrf_2367,val,True,True,814.0,-4.0,818.0
11169,mmrf_2367,val,True,True,992.0,-4.0,996.0
11170,mmrf_2367,val,True,True,1094.0,-4.0,1098.0
11171,mmrf_2367,val,True,True,1304.0,-4.0,1308.0
11172,mmrf_2367,val,False,True,1458.0,-4.0,1462.0
11173,mmrf_2367,val,False,True,1549.0,-4.0,1553.0
11174,mmrf_2367,val,False,True,1629.0,-4.0,1633.0
11175,mmrf_2367,val,True,True,1734.0,-4.0,1738.0
11176,mmrf_2367,val,True,True,1836.0,-4.0,1840.0
11177,mmrf_2367,val,True,True,2018.0,-4.0,2022.0
11178,mmrf_2367,val,True,True,2228.0,-4.0,2232.0
11179,mmrf_2367,val,False,True,2480.0,-4.0,2484.0
11180,mmrf_2367,val,False,True,2571.0,-4.0,2575.0
11181,mmrf_2373,train,True,True,79.0,-13.0,92.0
11182,mmrf_2373,train,True,True,170.0,-13.0,183.0
11183,mmrf_2373,train,True,True,274.0,-13.0,287.0
11184,mmrf_2373,train,True,True,361.0,-13.0,374.0
11185,mmrf_2373,train,True,True,443.0,413.0,30.0
11186,mmrf_2377,val,True,True,176.0,-8.0,184.0
11187,mmrf_2377,val,True,True,288.0,-8.0,296.0
11188,mmrf_2377,val,True,True,372.0,-8.0,380.0
11189,mmrf_2377,val,True,True,454.0,-8.0,462.0
11190,mmrf_2377,val,False,True,538.0,-8.0,546.0
11191,mmrf_2377,val,False,True,650.0,-8.0,658.0
11192,mmrf_2377,val,False,True,844.0,-8.0,852.0
11193,mmrf_2377,val,False,True,902.0,-8.0,910.0
11194,mmrf_2377,val,False,True,1015.0,-8.0,1023.0
11195,mmrf_2377,val,False,True,1072.0,-8.0,1080.0
11196,mmrf_2377,val,False,True,1212.0,-8.0,1220.0
11197,mmrf_2377,val,False,True,1300.0,-8.0,1308.0
11198,mmrf_2377,val,False,True,1384.0,-8.0,1392.0
11199,mmrf_2377,val,False,True,1468.0,-8.0,1476.0
11200,mmrf_2377,val,False,True,1552.0,-8.0,1560.0
11201,mmrf_2377,val,False,True,1664.0,-8.0,1672.0
11202,mmrf_2377,val,False,True,1748.0,-8.0,1756.0
11203,mmrf_2377,val,False,True,1832.0,-8.0,1840.0
11204,mmrf_2377,val,False,True,2028.0,-8.0,2036.0
11205,mmrf_2377,val,False,True,2224.0,-8.0,2232.0
11206,mmrf_2377,val,False,True,2363.0,-8.0,2371.0
11207,mmrf_2377,val,False,True,2512.0,-8.0,2520.0
11208,mmrf_2377,val,False,True,2743.0,-8.0,2751.0
11209,mmrf_2378,train,True,True,81.0,-18.0,99.0
11210,mmrf_2378,train,True,True,169.0,-18.0,187.0
11211,mmrf_2378,train,True,True,311.0,-18.0,329.0
11212,mmrf_2378,train,True,True,402.0,-18.0,420.0
11213,mmrf_2378,train,True,True,494.0,-18.0,512.0
11214,mmrf_2378,train,True,True,595.0,-18.0,613.0
11215,mmrf_2378,train,True,True,704.0,-18.0,722.0
11216,mmrf_2378,train,True,True,802.0,-18.0,820.0
11217,mmrf_2378,train,True,True,893.0,-18.0,911.0
11218,mmrf_2378,train,True,True,963.0,-18.0,981.0
11219,mmrf_2378,train,True,True,1061.0,-18.0,1079.0
11220,mmrf_2378,train,True,True,1159.0,-18.0,1177.0
11221,mmrf_2378,train,True,True,1250.0,-18.0,1268.0
11222,mmrf_2378,train,True,True,1341.0,-18.0,1359.0
11223,mmrf_2378,train,True,True,1439.0,-18.0,1457.0
11224,mmrf_2378,train,True,True,1530.0,-18.0,1548.0
11225,mmrf_2378,train,True,True,1621.0,-18.0,1639.0
11226,mmrf_2378,train,True,True,1712.0,-18.0,1730.0
11227,mmrf_2378,train,True,True,1787.0,-18.0,1805.0
11228,mmrf_2378,train,True,True,2055.0,-18.0,2073.0
11229,mmrf_2378,train,True,True,2174.0,-18.0,2192.0
11230,mmrf_2378,train,True,True,2363.0,-18.0,2381.0
11231,mmrf_2378,train,True,True,2461.0,-18.0,2479.0
11232,mmrf_2378,train,True,True,2783.0,-18.0,2801.0
11233,mmrf_2380,train,True,True,282.0,-4.0,286.0
11234,mmrf_2380,train,True,True,380.0,-4.0,384.0
11235,mmrf_2380,train,True,True,443.0,-4.0,447.0
11236,mmrf_2380,train,True,True,541.0,-4.0,545.0
11237,mmrf_2380,train,True,True,627.0,-4.0,631.0
11252,mmrf_2384,val,True,True,92.0,-14.0,106.0
11253,mmrf_2384,val,False,True,185.0,-14.0,199.0
11254,mmrf_2384,val,True,True,449.0,-14.0,463.0
11255,mmrf_2384,val,True,True,534.0,-14.0,548.0
11256,mmrf_2384,val,True,True,707.0,-14.0,721.0
11257,mmrf_2384,val,True,True,899.0,-14.0,913.0
11258,mmrf_2384,val,True,True,997.0,-14.0,1011.0
11259,mmrf_2384,val,True,True,1088.0,-14.0,1102.0
11260,mmrf_2384,val,True,True,1180.0,-14.0,1194.0
11261,mmrf_2384,val,False,True,1381.0,-14.0,1395.0
11262,mmrf_2384,val,False,True,1465.0,-14.0,1479.0
11263,mmrf_2384,val,False,True,1556.0,-14.0,1570.0
11264,mmrf_2384,val,True,True,1640.0,-14.0,1654.0
11265,mmrf_2384,val,False,True,1662.0,-14.0,1676.0
11266,mmrf_2384,val,True,True,1724.0,-14.0,1738.0
11267,mmrf_2384,val,True,True,1808.0,-14.0,1822.0
11268,mmrf_2384,val,False,True,1997.0,-14.0,2011.0
11269,mmrf_2384,val,False,True,2172.0,-14.0,2186.0
11270,mmrf_2384,val,False,True,2340.0,-14.0,2354.0
11271,mmrf_2384,val,False,True,2591.0,-14.0,2605.0
11272,mmrf_2384,val,False,True,2769.0,-14.0,2783.0
11318,mmrf_2394,val,True,True,89.0,-10.0,99.0
11319,mmrf_2394,val,True,True,173.0,-10.0,183.0
11320,mmrf_2394,val,True,True,259.0,-10.0,269.0
11321,mmrf_2394,val,True,True,376.0,-10.0,386.0
11322,mmrf_2394,val,True,True,454.0,-10.0,464.0
11323,mmrf_2394,val,True,True,545.0,-10.0,555.0
11324,mmrf_2394,val,True,True,637.0,-10.0,647.0
11325,mmrf_2394,val,True,True,728.0,-10.0,738.0
11326,mmrf_2394,val,True,True,831.0,-10.0,841.0
11327,mmrf_2394,val,True,True,912.0,-10.0,922.0
11328,mmrf_2394,val,True,True,1007.0,-10.0,1017.0
11329,mmrf_2394,val,True,True,1023.0,-10.0,1033.0
11330,mmrf_2394,val,True,True,1076.0,-10.0,1086.0
11331,mmrf_2394,val,True,True,1189.0,-10.0,1199.0
11332,mmrf_2394,val,True,True,1266.0,-10.0,1276.0
11333,mmrf_2394,val,True,True,1350.0,-10.0,1360.0
11334,mmrf_2394,val,True,True,1441.0,-10.0,1451.0
11335,mmrf_2394,val,True,True,1547.0,-10.0,1557.0
11336,mmrf_2394,val,True,True,1637.0,-10.0,1647.0
11337,mmrf_2394,val,True,True,1728.0,-10.0,1738.0
11338,mmrf_2394,val,True,True,1770.0,-10.0,1780.0
11360,mmrf_2399,train,True,True,92.0,-5.0,97.0
11361,mmrf_2399,train,True,True,184.0,-5.0,189.0
11362,mmrf_2399,train,True,True,268.0,-5.0,273.0
11363,mmrf_2399,train,True,True,352.0,-5.0,357.0
11364,mmrf_2399,train,True,True,456.0,-5.0,461.0
11365,mmrf_2399,train,True,True,547.0,-5.0,552.0
11366,mmrf_2399,train,True,True,631.0,-5.0,636.0
11367,mmrf_2399,train,True,True,715.0,-5.0,720.0
11368,mmrf_2399,train,True,True,736.0,-5.0,741.0
11369,mmrf_2399,train,True,True,848.0,-5.0,853.0
11370,mmrf_2399,train,True,True,904.0,-5.0,909.0
11371,mmrf_2399,train,True,True,988.0,-5.0,993.0
11372,mmrf_2399,train,True,True,1072.0,-5.0,1077.0
11373,mmrf_2399,train,True,True,1184.0,-5.0,1189.0
11374,mmrf_2399,train,True,True,1268.0,-5.0,1273.0
11375,mmrf_2399,train,True,True,1351.0,-5.0,1356.0
11376,mmrf_2399,train,True,True,1435.0,-5.0,1440.0
11377,mmrf_2399,train,True,True,1528.0,-5.0,1533.0
11378,mmrf_2399,train,False,True,1611.0,-5.0,1616.0
11379,mmrf_2399,train,False,True,1702.0,-5.0,1707.0
11380,mmrf_2399,train,False,True,1821.0,-5.0,1826.0
11381,mmrf_2399,train,False,True,2012.0,-5.0,2017.0
11382,mmrf_2399,train,False,True,2206.0,-5.0,2211.0
11383,mmrf_2399,train,False,True,2374.0,-5.0,2379.0
11384,mmrf_2399,train,False,True,2537.0,-5.0,2542.0
11385,mmrf_2400,test,True,True,189.0,-1.0,190.0
11386,mmrf_2400,test,True,True,266.0,-1.0,267.0
11387,mmrf_2400,test,True,True,350.0,-1.0,351.0
11388,mmrf_2400,test,True,True,524.0,-1.0,525.0
11389,mmrf_2401,train,True,True,88.0,-4.0,92.0
11390,mmrf_2401,train,True,True,165.0,119.0,46.0
11391,mmrf_2401,train,True,True,281.0,119.0,162.0
11403,mmrf_2404,test,True,True,81.0,0.0,81.0
11404,mmrf_2404,test,True,True,162.0,0.0,162.0
11405,mmrf_2407,val,True,True,95.0,-10.0,105.0
11406,mmrf_2407,val,True,True,173.0,-10.0,183.0
11407,mmrf_2407,val,True,True,274.0,-10.0,284.0
11408,mmrf_2407,val,True,True,393.0,-10.0,403.0
11409,mmrf_2407,val,True,True,491.0,-10.0,501.0
11410,mmrf_2407,val,True,True,585.0,-10.0,595.0
11411,mmrf_2407,val,True,True,701.0,-10.0,711.0
11412,mmrf_2407,val,True,True,792.0,-10.0,802.0
11413,mmrf_2407,val,True,True,886.0,-10.0,896.0
11414,mmrf_2407,val,True,True,981.0,-10.0,991.0
11415,mmrf_2407,val,True,True,1072.0,-10.0,1082.0
11416,mmrf_2407,val,True,True,1163.0,-10.0,1173.0
11417,mmrf_2407,val,True,True,1261.0,-10.0,1271.0
11418,mmrf_2407,val,True,True,1352.0,-10.0,1362.0
11419,mmrf_2407,val,True,True,1464.0,-10.0,1474.0
11420,mmrf_2407,val,True,True,1562.0,-10.0,1572.0
11421,mmrf_2407,val,True,True,1628.0,-10.0,1638.0
11422,mmrf_2407,val,True,True,1713.0,-10.0,1723.0
11423,mmrf_2407,val,True,True,1807.0,-10.0,1817.0
11424,mmrf_2407,val,True,True,1992.0,-10.0,2002.0
11425,mmrf_2407,val,True,True,2209.0,-10.0,2219.0
11426,mmrf_2407,val,True,True,2357.0,-10.0,2367.0
11427,mmrf_2407,val,True,True,2540.0,-10.0,2550.0
11428,mmrf_2407,val,True,True,2743.0,-10.0,2753.0
11429,mmrf_2409,train,True,True,106.0,-7.0,113.0
11430,mmrf_2409,train,True,True,212.0,-7.0,219.0
11431,mmrf_2409,train,True,True,277.0,-7.0,284.0
11432,mmrf_2409,train,True,True,429.0,-7.0,436.0
11433,mmrf_2409,train,True,True,526.0,-7.0,533.0
11434,mmrf_2409,train,True,True,613.0,-7.0,620.0
11435,mmrf_2409,train,True,True,704.0,-7.0,711.0
11436,mmrf_2409,train,True,True,785.0,-7.0,792.0
11437,mmrf_2409,train,True,True,872.0,-7.0,879.0
11438,mmrf_2409,train,True,True,956.0,-7.0,963.0
11439,mmrf_2409,train,True,True,1047.0,-7.0,1054.0
11440,mmrf_2409,train,True,True,1137.0,-7.0,1144.0
11441,mmrf_2409,train,True,True,1228.0,-7.0,1235.0
11442,mmrf_2409,train,True,True,1319.0,-7.0,1326.0
11443,mmrf_2409,train,True,True,1606.0,-7.0,1613.0
11444,mmrf_2409,train,True,True,1690.0,-7.0,1697.0
11445,mmrf_2409,train,True,True,1782.0,-7.0,1789.0
11446,mmrf_2409,train,True,True,1872.0,-7.0,1879.0
11447,mmrf_2409,train,True,True,2054.0,-7.0,2061.0
11448,mmrf_2409,train,True,True,2254.0,-7.0,2261.0
11449,mmrf_2409,train,True,True,2429.0,-7.0,2436.0
11450,mmrf_2409,train,True,True,2576.0,-7.0,2583.0
11451,mmrf_2409,train,True,True,2775.0,-7.0,2782.0
11477,mmrf_2412,train,True,True,63.0,0.0,63.0
11478,mmrf_2412,train,True,True,164.0,0.0,164.0
11479,mmrf_2412,train,True,True,212.0,0.0,212.0
11480,mmrf_2412,train,True,True,354.0,0.0,354.0
11481,mmrf_2412,train,True,True,458.0,0.0,458.0
11482,mmrf_2412,train,True,True,521.0,0.0,521.0
11483,mmrf_2412,train,True,True,644.0,0.0,644.0
11484,mmrf_2412,train,True,True,694.0,0.0,694.0
11485,mmrf_2412,train,True,True,809.0,0.0,809.0
11486,mmrf_2412,train,True,True,883.0,0.0,883.0
11487,mmrf_2412,train,True,True,1004.0,0.0,1004.0
11488,mmrf_2412,train,True,True,1064.0,0.0,1064.0
11489,mmrf_2412,train,True,True,1163.0,0.0,1163.0
11490,mmrf_2412,train,True,True,1261.0,0.0,1261.0
11491,mmrf_2412,train,True,True,1354.0,0.0,1354.0
11492,mmrf_2412,train,True,True,1450.0,0.0,1450.0
11493,mmrf_2412,train,True,True,1569.0,0.0,1569.0
11494,mmrf_2412,train,True,True,1680.0,0.0,1680.0
11495,mmrf_2412,train,True,True,1800.0,0.0,1800.0
11496,mmrf_2412,train,True,True,1919.0,0.0,1919.0
11497,mmrf_2412,train,True,True,2103.0,0.0,2103.0
11498,mmrf_2412,train,True,True,2206.0,0.0,2206.0
11499,mmrf_2412,train,True,True,2390.0,0.0,2390.0
11500,mmrf_2412,train,True,True,2565.0,0.0,2565.0
11501,mmrf_2413,train,True,True,74.0,-3.0,77.0
11502,mmrf_2413,train,True,True,158.0,-3.0,161.0
11503,mmrf_2413,train,True,True,272.0,-3.0,275.0
11504,mmrf_2413,train,True,True,455.0,-3.0,458.0
11505,mmrf_2413,train,True,True,595.0,-3.0,598.0
11506,mmrf_2413,train,True,True,714.0,-3.0,717.0
11507,mmrf_2413,train,True,True,847.0,-3.0,850.0
11508,mmrf_2413,train,True,True,935.0,-3.0,938.0
11509,mmrf_2413,train,True,True,1026.0,-3.0,1029.0
11510,mmrf_2419,val,True,True,162.0,162.0,0.0
11511,mmrf_2419,val,True,True,887.0,162.0,725.0
11512,mmrf_2419,val,True,True,997.0,162.0,835.0
11513,mmrf_2419,val,True,True,1089.0,162.0,927.0
11514,mmrf_2419,val,True,True,1509.0,162.0,1347.0
11515,mmrf_2419,val,True,True,1641.0,162.0,1479.0
11516,mmrf_2419,val,True,True,1738.0,162.0,1576.0
11517,mmrf_2419,val,True,True,1982.0,162.0,1820.0
11518,mmrf_2419,val,True,True,2167.0,162.0,2005.0
11535,mmrf_2422,train,True,True,71.0,-35.0,106.0
11536,mmrf_2422,train,True,True,141.0,-35.0,176.0
11537,mmrf_2422,train,True,True,254.0,-35.0,289.0
11538,mmrf_2422,train,True,True,325.0,-35.0,360.0
11539,mmrf_2422,train,True,True,393.0,-35.0,428.0
11540,mmrf_2422,train,True,True,449.0,-35.0,484.0
11541,mmrf_2422,train,True,True,541.0,-35.0,576.0
11542,mmrf_2422,train,True,True,632.0,-35.0,667.0
11543,mmrf_2422,train,True,True,731.0,-35.0,766.0
11544,mmrf_2422,train,True,True,807.0,-35.0,842.0
11545,mmrf_2422,train,True,True,899.0,-35.0,934.0
11546,mmrf_2422,train,True,True,1006.0,-35.0,1041.0
11547,mmrf_2422,train,True,True,1097.0,-35.0,1132.0
11548,mmrf_2422,train,True,True,1212.0,-35.0,1247.0
11549,mmrf_2422,train,True,True,1411.0,-35.0,1446.0
11550,mmrf_2422,train,True,True,1593.0,-35.0,1628.0
11551,mmrf_2422,train,True,True,1705.0,-35.0,1740.0
11552,mmrf_2422,train,True,True,1916.0,-35.0,1951.0
11553,mmrf_2422,train,True,True,2146.0,-35.0,2181.0
11564,mmrf_2427,train,True,True,103.0,-59.0,162.0
11565,mmrf_2427,train,True,True,187.0,-59.0,246.0
11566,mmrf_2427,train,True,True,302.0,-59.0,361.0
11567,mmrf_2427,train,True,True,371.0,-59.0,430.0
11568,mmrf_2427,train,True,True,460.0,-59.0,519.0
11594,mmrf_2429,test,True,True,253.0,111.0,142.0
11595,mmrf_2429,test,True,True,358.0,111.0,247.0
11596,mmrf_2429,test,True,True,443.0,111.0,332.0
11597,mmrf_2429,test,True,True,526.0,111.0,415.0
11598,mmrf_2429,test,True,True,610.0,111.0,499.0
11599,mmrf_2429,test,False,True,736.0,111.0,625.0
11600,mmrf_2429,test,False,True,841.0,111.0,730.0
11601,mmrf_2429,test,False,True,1053.0,111.0,942.0
11602,mmrf_2429,test,False,True,1121.0,111.0,1010.0
11603,mmrf_2429,test,False,True,1408.0,111.0,1297.0
11604,mmrf_2429,test,False,True,1499.0,111.0,1388.0
11605,mmrf_2433,train,True,True,59.0,-1.0,60.0
11606,mmrf_2433,train,True,True,153.0,-1.0,154.0
11607,mmrf_2433,train,True,True,246.0,-1.0,247.0
11608,mmrf_2433,train,True,True,315.0,-1.0,316.0
11609,mmrf_2433,train,True,True,461.0,-1.0,462.0
11610,mmrf_2433,train,True,True,560.0,-1.0,561.0
11611,mmrf_2433,train,True,True,644.0,-1.0,645.0
11612,mmrf_2433,train,True,True,714.0,-1.0,715.0
11613,mmrf_2433,train,True,True,904.0,-1.0,905.0
11614,mmrf_2433,train,True,True,980.0,-1.0,981.0
11615,mmrf_2433,train,True,True,1176.0,-1.0,1177.0
11616,mmrf_2433,train,True,True,1358.0,-1.0,1359.0
11617,mmrf_2433,train,True,True,1449.0,-1.0,1450.0
11618,mmrf_2433,train,True,True,1540.0,-1.0,1541.0
11619,mmrf_2433,train,True,True,1638.0,-1.0,1639.0
11620,mmrf_2433,train,True,True,1736.0,-1.0,1737.0
11621,mmrf_2433,train,False,True,1834.0,-1.0,1835.0
11622,mmrf_2433,train,False,True,2030.0,-1.0,2031.0
11623,mmrf_2433,train,False,True,2226.0,-1.0,2227.0
11624,mmrf_2433,train,False,True,2359.0,-1.0,2360.0
11625,mmrf_2433,train,False,True,2618.0,-1.0,2619.0
11626,mmrf_2433,train,True,True,2709.0,-1.0,2710.0
11633,mmrf_2436,train,True,True,98.0,-2.0,100.0
11634,mmrf_2436,train,True,True,152.0,-2.0,154.0
11635,mmrf_2436,train,True,True,278.0,-2.0,280.0
11636,mmrf_2436,train,True,True,376.0,-2.0,378.0
11637,mmrf_2436,train,True,True,510.0,-2.0,512.0
11638,mmrf_2436,train,True,True,594.0,-2.0,596.0
11639,mmrf_2436,train,True,True,685.0,-2.0,687.0
11640,mmrf_2436,train,True,True,776.0,-2.0,778.0
11641,mmrf_2436,train,True,True,874.0,-2.0,876.0
11642,mmrf_2436,train,True,True,965.0,-2.0,967.0
11643,mmrf_2436,train,True,True,1049.0,-2.0,1051.0
11644,mmrf_2436,train,True,True,1140.0,-2.0,1142.0
11645,mmrf_2436,train,True,True,1231.0,-2.0,1233.0
11646,mmrf_2436,train,True,True,1364.0,-2.0,1366.0
11647,mmrf_2436,train,True,True,1504.0,-2.0,1506.0
11648,mmrf_2436,train,True,True,1595.0,-2.0,1597.0
11649,mmrf_2436,train,True,True,1686.0,-2.0,1688.0
11650,mmrf_2436,train,True,True,1777.0,-2.0,1779.0
11651,mmrf_2436,train,True,True,1903.0,-2.0,1905.0
11652,mmrf_2436,train,True,True,2127.0,-2.0,2129.0
11653,mmrf_2436,train,True,True,2372.0,-2.0,2374.0
11654,mmrf_2436,train,True,True,2547.0,-2.0,2549.0
11655,mmrf_2436,train,True,True,2729.0,-2.0,2731.0
11656,mmrf_2437,val,True,True,106.0,-4.0,110.0
11657,mmrf_2437,val,True,True,175.0,-4.0,179.0
11658,mmrf_2437,val,True,True,294.0,-4.0,298.0
11659,mmrf_2437,val,True,True,385.0,-4.0,389.0
11660,mmrf_2437,val,True,True,476.0,-4.0,480.0
11661,mmrf_2437,val,False,True,567.0,-4.0,571.0
11662,mmrf_2437,val,False,True,668.0,-4.0,672.0
11663,mmrf_2437,val,False,True,766.0,-4.0,770.0
11664,mmrf_2437,val,False,True,882.0,-4.0,886.0
11665,mmrf_2437,val,False,True,973.0,-4.0,977.0
11666,mmrf_2437,val,False,True,1064.0,-4.0,1068.0
11667,mmrf_2437,val,False,True,1155.0,-4.0,1159.0
11668,mmrf_2437,val,False,True,1246.0,-4.0,1250.0
11669,mmrf_2437,val,False,True,1337.0,-4.0,1341.0
11670,mmrf_2437,val,True,True,1470.0,-4.0,1474.0
11671,mmrf_2437,val,True,True,1550.0,-4.0,1554.0
11672,mmrf_2437,val,True,True,1642.0,-4.0,1646.0
11673,mmrf_2437,val,True,True,1725.0,-4.0,1729.0
11674,mmrf_2437,val,True,True,1817.0,-4.0,1821.0
11675,mmrf_2437,val,True,True,2013.0,-4.0,2017.0
11676,mmrf_2437,val,True,True,2208.0,-4.0,2212.0
11677,mmrf_2437,val,True,True,2349.0,-4.0,2353.0
11678,mmrf_2437,val,True,True,2545.0,-4.0,2549.0
11679,mmrf_2437,val,True,True,2748.0,-4.0,2752.0
11680,mmrf_2438,train,True,True,53.0,-52.0,105.0
11681,mmrf_2438,train,True,True,129.0,-52.0,181.0
11682,mmrf_2438,train,True,True,233.0,-52.0,285.0
11683,mmrf_2438,train,True,True,494.0,-52.0,546.0
11684,mmrf_2438,train,True,True,571.0,-52.0,623.0
11685,mmrf_2438,train,True,True,676.0,-52.0,728.0
11686,mmrf_2438,train,True,True,723.0,-52.0,775.0
11687,mmrf_2438,train,True,True,753.0,-52.0,805.0
11688,mmrf_2438,train,True,True,823.0,-52.0,875.0
11689,mmrf_2438,train,True,True,935.0,-52.0,987.0
11690,mmrf_2438,train,True,True,1062.0,-52.0,1114.0
11691,mmrf_2440,train,True,True,85.0,-8.0,93.0
11692,mmrf_2440,train,True,True,169.0,-8.0,177.0
11693,mmrf_2440,train,True,True,247.0,-8.0,255.0
11694,mmrf_2440,train,True,True,350.0,-8.0,358.0
11695,mmrf_2440,train,True,True,435.0,-8.0,443.0
11696,mmrf_2440,train,True,True,526.0,-8.0,534.0
11697,mmrf_2440,train,False,True,610.0,-8.0,618.0
11698,mmrf_2440,train,False,True,722.0,-8.0,730.0
11699,mmrf_2440,train,False,True,792.0,-8.0,800.0
11700,mmrf_2440,train,False,True,883.0,-8.0,891.0
11701,mmrf_2440,train,False,True,995.0,-8.0,1003.0
11702,mmrf_2440,train,True,True,1086.0,-8.0,1094.0
11703,mmrf_2440,train,True,True,1170.0,-8.0,1178.0
11704,mmrf_2440,train,True,True,1254.0,-8.0,1262.0
11705,mmrf_2440,train,True,True,1338.0,-8.0,1346.0
11706,mmrf_2440,train,True,True,1457.0,-8.0,1465.0
11707,mmrf_2440,train,True,True,1564.0,-8.0,1572.0
11708,mmrf_2440,train,True,True,1730.0,-8.0,1738.0
11709,mmrf_2440,train,True,True,1842.0,-8.0,1850.0
11710,mmrf_2440,train,True,True,2191.0,-8.0,2199.0
11711,mmrf_2440,train,True,True,2362.0,-8.0,2370.0
11712,mmrf_2440,train,True,True,2558.0,-8.0,2566.0
11713,mmrf_2440,train,True,True,2754.0,-8.0,2762.0
11730,mmrf_2445,train,True,True,39.0,-67.0,106.0
11731,mmrf_2445,train,True,True,86.0,-67.0,153.0
11732,mmrf_2445,train,True,True,144.0,-67.0,211.0
11733,mmrf_2445,train,True,True,263.0,-67.0,330.0
11734,mmrf_2445,train,True,True,333.0,-67.0,400.0
11735,mmrf_2445,train,True,True,431.0,-67.0,498.0
11736,mmrf_2445,train,True,True,484.0,-67.0,551.0
11737,mmrf_2445,train,True,True,515.0,-67.0,582.0
11738,mmrf_2445,train,True,True,613.0,-67.0,680.0
11739,mmrf_2445,train,True,True,739.0,-67.0,806.0
11740,mmrf_2445,train,True,True,837.0,-67.0,904.0
11741,mmrf_2445,train,True,True,914.0,-67.0,981.0
11742,mmrf_2445,train,True,True,1025.0,-67.0,1092.0
11743,mmrf_2445,train,True,True,1103.0,-67.0,1170.0
11744,mmrf_2445,train,True,True,1192.0,-67.0,1259.0
11745,mmrf_2445,train,True,True,1313.0,-67.0,1380.0
11746,mmrf_2445,train,True,True,1395.0,-67.0,1462.0
11747,mmrf_2445,train,True,True,1491.0,-67.0,1558.0
11748,mmrf_2445,train,True,True,1577.0,-67.0,1644.0
11749,mmrf_2445,train,True,True,1701.0,-67.0,1768.0
11750,mmrf_2445,train,True,True,1774.0,-67.0,1841.0
11751,mmrf_2445,train,True,True,1969.0,-67.0,2036.0
11752,mmrf_2445,train,True,True,2142.0,-67.0,2209.0
11753,mmrf_2445,train,True,True,2479.0,-67.0,2546.0
11754,mmrf_2445,train,True,True,2670.0,-67.0,2737.0
11759,mmrf_2449,train,True,True,72.0,0.0,72.0
11760,mmrf_2449,train,True,True,187.0,0.0,187.0
11761,mmrf_2449,train,True,True,277.0,0.0,277.0
11762,mmrf_2449,train,True,True,352.0,0.0,352.0
11763,mmrf_2449,train,True,True,459.0,0.0,459.0
11764,mmrf_2449,train,True,True,543.0,0.0,543.0
11765,mmrf_2449,train,True,True,634.0,0.0,634.0
11766,mmrf_2449,train,True,True,751.0,0.0,751.0
11767,mmrf_2449,train,True,True,815.0,0.0,815.0
11768,mmrf_2449,train,True,True,906.0,0.0,906.0
11769,mmrf_2449,train,True,True,1018.0,0.0,1018.0
11770,mmrf_2449,train,True,True,1068.0,0.0,1068.0
11771,mmrf_2449,train,True,True,1184.0,0.0,1184.0
11772,mmrf_2449,train,True,True,1256.0,0.0,1256.0
11773,mmrf_2449,train,True,True,1537.0,0.0,1537.0
11774,mmrf_2449,train,True,True,1663.0,0.0,1663.0
11775,mmrf_2449,train,True,True,1732.0,0.0,1732.0
11776,mmrf_2452,train,True,True,84.0,0.0,84.0
11777,mmrf_2452,train,True,True,171.0,0.0,171.0
11778,mmrf_2452,train,True,True,266.0,0.0,266.0
11779,mmrf_2452,train,True,True,375.0,0.0,375.0
11780,mmrf_2452,train,True,True,469.0,0.0,469.0
11781,mmrf_2452,train,True,True,532.0,0.0,532.0
11782,mmrf_2452,train,True,True,648.0,0.0,648.0
11783,mmrf_2452,train,True,True,732.0,0.0,732.0
11784,mmrf_2452,train,True,True,872.0,0.0,872.0
11785,mmrf_2452,train,True,True,924.0,0.0,924.0
11786,mmrf_2452,train,True,True,987.0,0.0,987.0
11787,mmrf_2452,train,True,True,1064.0,0.0,1064.0
11788,mmrf_2452,train,True,True,1169.0,0.0,1169.0
11789,mmrf_2452,train,True,True,1229.0,0.0,1229.0
11790,mmrf_2452,train,True,True,1369.0,0.0,1369.0
11791,mmrf_2452,train,True,True,1470.0,0.0,1470.0
11792,mmrf_2452,train,True,True,1548.0,0.0,1548.0
11793,mmrf_2452,train,True,True,1638.0,0.0,1638.0
11794,mmrf_2452,train,True,True,1719.0,0.0,1719.0
11795,mmrf_2452,train,True,True,1835.0,0.0,1835.0
11796,mmrf_2452,train,True,True,1996.0,0.0,1996.0
11797,mmrf_2452,train,True,True,2171.0,0.0,2171.0
11798,mmrf_2452,train,True,True,2342.0,0.0,2342.0
11799,mmrf_2452,train,True,True,2520.0,0.0,2520.0
11800,mmrf_2452,train,True,True,2711.0,0.0,2711.0
11801,mmrf_2453,train,True,True,179.0,-7.0,186.0
11802,mmrf_2453,train,True,True,273.0,-7.0,280.0
11803,mmrf_2453,train,True,True,354.0,-7.0,361.0
11804,mmrf_2453,train,True,True,457.0,-7.0,464.0
11805,mmrf_2453,train,False,True,549.0,-7.0,556.0
11806,mmrf_2453,train,False,True,639.0,-7.0,646.0
11807,mmrf_2453,train,False,True,737.0,-7.0,744.0
11808,mmrf_2453,train,False,True,806.0,-7.0,813.0
11809,mmrf_2453,train,False,True,905.0,-7.0,912.0
11810,mmrf_2453,train,False,True,996.0,-7.0,1003.0
11811,mmrf_2453,train,True,True,1072.0,-7.0,1079.0
11812,mmrf_2453,train,False,True,1164.0,-7.0,1171.0
11813,mmrf_2453,train,False,True,1261.0,-7.0,1268.0
11814,mmrf_2453,train,False,True,1395.0,-7.0,1402.0
11815,mmrf_2453,train,False,True,1429.0,-7.0,1436.0
11816,mmrf_2453,train,False,True,1541.0,-7.0,1548.0
11817,mmrf_2453,train,False,True,1619.0,-7.0,1626.0
11818,mmrf_2453,train,False,True,1682.0,-7.0,1689.0
11819,mmrf_2453,train,False,True,1801.0,-7.0,1808.0
11820,mmrf_2453,train,False,True,2003.0,-7.0,2010.0
11821,mmrf_2453,train,False,True,2187.0,-7.0,2194.0
11822,mmrf_2453,train,False,True,2381.0,-7.0,2388.0
11823,mmrf_2453,train,False,True,2626.0,-7.0,2633.0
11824,mmrf_2453,train,False,True,2739.0,-7.0,2746.0
11825,mmrf_2455,train,True,True,65.0,-18.0,83.0
11826,mmrf_2455,train,True,True,163.0,-18.0,181.0
11827,mmrf_2456,train,True,True,96.0,0.0,96.0
11828,mmrf_2456,train,True,True,177.0,0.0,177.0
11829,mmrf_2456,train,True,True,264.0,0.0,264.0
11830,mmrf_2456,train,True,True,356.0,0.0,356.0
11831,mmrf_2456,train,True,True,454.0,0.0,454.0
11832,mmrf_2456,train,True,True,548.0,0.0,548.0
11833,mmrf_2456,train,True,True,743.0,0.0,743.0
11834,mmrf_2456,train,True,True,1059.0,0.0,1059.0
11835,mmrf_2456,train,True,True,1170.0,0.0,1170.0
11836,mmrf_2456,train,True,True,1254.0,0.0,1254.0
11837,mmrf_2456,train,True,True,1835.0,0.0,1835.0
11838,mmrf_2456,train,True,True,2010.0,0.0,2010.0
11839,mmrf_2456,train,True,True,2213.0,0.0,2213.0
11840,mmrf_2457,train,True,True,79.0,-41.0,120.0
11841,mmrf_2457,train,True,True,163.0,-41.0,204.0
11842,mmrf_2457,train,True,True,226.0,-41.0,267.0
11843,mmrf_2457,train,True,True,324.0,-41.0,365.0
11844,mmrf_2457,train,True,True,422.0,-41.0,463.0
11845,mmrf_2457,train,True,True,520.0,-41.0,561.0
11846,mmrf_2457,train,True,True,587.0,-41.0,628.0
11847,mmrf_2457,train,True,True,671.0,-41.0,712.0
11848,mmrf_2457,train,True,True,762.0,-41.0,803.0
11849,mmrf_2457,train,True,True,849.0,-41.0,890.0
11850,mmrf_2457,train,True,True,929.0,-41.0,970.0
11851,mmrf_2457,train,True,True,1051.0,-41.0,1092.0
11852,mmrf_2458,train,True,True,56.0,-4.0,60.0
11853,mmrf_2458,train,True,True,155.0,-4.0,159.0
11854,mmrf_2458,train,True,True,225.0,-4.0,229.0
11855,mmrf_2458,train,True,True,344.0,-4.0,348.0
11856,mmrf_2458,train,True,True,435.0,-4.0,439.0
11857,mmrf_2458,train,True,True,533.0,-4.0,537.0
11858,mmrf_2458,train,True,True,617.0,-4.0,621.0
11859,mmrf_2458,train,True,True,743.0,-4.0,747.0
11860,mmrf_2458,train,True,True,904.0,-4.0,908.0
11861,mmrf_2458,train,True,True,977.0,-4.0,981.0
11862,mmrf_2458,train,True,True,1187.0,-4.0,1191.0
11863,mmrf_2458,train,True,True,1278.0,-4.0,1282.0
11864,mmrf_2458,train,True,True,1376.0,-4.0,1380.0
11865,mmrf_2458,train,True,True,1506.0,-4.0,1510.0
11866,mmrf_2458,train,True,True,1625.0,-4.0,1629.0
11867,mmrf_2458,train,True,True,1694.0,-4.0,1698.0
11868,mmrf_2458,train,True,True,1793.0,-4.0,1797.0
11869,mmrf_2458,train,True,True,1898.0,-4.0,1902.0
11870,mmrf_2458,train,True,True,2003.0,-4.0,2007.0
11871,mmrf_2458,train,True,True,2124.0,-4.0,2128.0
11872,mmrf_2458,train,True,True,2334.0,-4.0,2338.0
11873,mmrf_2458,train,True,True,2570.0,-4.0,2574.0
11874,mmrf_2459,train,True,True,79.0,-10.0,89.0
11875,mmrf_2459,train,True,True,159.0,-10.0,169.0
11876,mmrf_2459,train,True,True,236.0,-10.0,246.0
11877,mmrf_2459,train,True,True,390.0,-10.0,400.0
11878,mmrf_2459,train,True,True,548.0,-10.0,558.0
11879,mmrf_2459,train,True,True,669.0,-10.0,679.0
11880,mmrf_2459,train,True,True,899.0,-10.0,909.0
11881,mmrf_2459,train,True,True,1069.0,-10.0,1079.0
11882,mmrf_2459,train,True,True,1195.0,-10.0,1205.0
11883,mmrf_2459,train,True,True,1255.0,-10.0,1265.0
11884,mmrf_2459,train,True,True,1353.0,-10.0,1363.0
11885,mmrf_2459,train,True,True,1450.0,-10.0,1460.0
11886,mmrf_2459,train,True,True,1544.0,-10.0,1554.0
11887,mmrf_2459,train,True,True,1613.0,-10.0,1623.0
11888,mmrf_2459,train,True,True,1716.0,-10.0,1726.0
11889,mmrf_2459,train,True,True,1810.0,-10.0,1820.0
11890,mmrf_2459,train,True,True,2007.0,-10.0,2017.0
11891,mmrf_2461,test,True,True,70.0,-15.0,85.0
11892,mmrf_2461,test,True,True,175.0,-15.0,190.0
11893,mmrf_2461,test,True,True,252.0,-15.0,267.0
11894,mmrf_2461,test,True,True,336.0,-15.0,351.0
11895,mmrf_2461,test,True,True,541.0,-15.0,556.0
11896,mmrf_2461,test,True,True,627.0,-15.0,642.0
11897,mmrf_2461,test,True,True,711.0,-15.0,726.0
11898,mmrf_2461,test,True,True,792.0,-15.0,807.0
11899,mmrf_2461,test,True,True,898.0,-15.0,913.0
11900,mmrf_2461,test,True,True,982.0,-15.0,997.0
11901,mmrf_2464,train,True,True,86.0,-28.0,114.0
11902,mmrf_2464,train,True,True,182.0,-28.0,210.0
11903,mmrf_2464,train,True,True,277.0,-28.0,305.0
11904,mmrf_2464,train,True,True,350.0,-28.0,378.0
11905,mmrf_2464,train,True,True,462.0,-28.0,490.0
11906,mmrf_2464,train,True,True,560.0,-28.0,588.0
11907,mmrf_2464,train,True,True,616.0,-28.0,644.0
11908,mmrf_2464,train,True,True,693.0,-28.0,721.0
11909,mmrf_2464,train,True,True,807.0,-28.0,835.0
11910,mmrf_2464,train,True,True,898.0,-28.0,926.0
11911,mmrf_2464,train,True,True,989.0,-28.0,1017.0
11912,mmrf_2464,train,True,True,1073.0,-28.0,1101.0
11913,mmrf_2464,train,True,True,1157.0,-28.0,1185.0
11914,mmrf_2464,train,True,True,1248.0,-28.0,1276.0
11915,mmrf_2464,train,False,True,1346.0,-28.0,1374.0
11916,mmrf_2464,train,False,True,1438.0,-28.0,1466.0
11917,mmrf_2464,train,False,True,1515.0,-28.0,1543.0
11918,mmrf_2464,train,False,True,1606.0,-28.0,1634.0
11919,mmrf_2464,train,False,True,1711.0,-28.0,1739.0
11920,mmrf_2464,train,False,True,1843.0,-28.0,1871.0
11921,mmrf_2464,train,False,True,2019.0,-28.0,2047.0
11922,mmrf_2464,train,False,True,2202.0,-28.0,2230.0
11923,mmrf_2464,train,False,True,2376.0,-28.0,2404.0
11924,mmrf_2464,train,False,True,2549.0,-28.0,2577.0
11925,mmrf_2464,train,False,True,2752.0,-28.0,2780.0
11926,mmrf_2465,train,True,True,79.0,0.0,79.0
11927,mmrf_2465,train,True,True,172.0,0.0,172.0
11928,mmrf_2465,train,True,True,260.0,0.0,260.0
11929,mmrf_2465,train,True,True,368.0,0.0,368.0
11930,mmrf_2465,train,True,True,459.0,0.0,459.0
11931,mmrf_2465,train,True,True,515.0,0.0,515.0
11932,mmrf_2465,train,True,True,641.0,0.0,641.0
11933,mmrf_2465,train,True,True,711.0,0.0,711.0
11934,mmrf_2465,train,True,True,797.0,0.0,797.0
11935,mmrf_2465,train,True,True,919.0,0.0,919.0
11936,mmrf_2465,train,True,True,989.0,0.0,989.0
11937,mmrf_2465,train,True,True,1059.0,0.0,1059.0
11938,mmrf_2465,train,True,True,1199.0,0.0,1199.0
11939,mmrf_2465,train,True,True,1272.0,0.0,1272.0
11940,mmrf_2465,train,True,True,1352.0,0.0,1352.0
11941,mmrf_2465,train,True,True,1474.0,0.0,1474.0
11942,mmrf_2465,train,True,True,1542.0,0.0,1542.0
11943,mmrf_2465,train,True,True,1642.0,0.0,1642.0
11944,mmrf_2465,train,True,True,1731.0,0.0,1731.0
11945,mmrf_2465,train,True,True,1814.0,0.0,1814.0
11946,mmrf_2465,train,True,True,2006.0,0.0,2006.0
11947,mmrf_2465,train,True,True,2371.0,0.0,2371.0
11948,mmrf_2465,train,True,True,2564.0,0.0,2564.0
11949,mmrf_2465,train,True,True,2773.0,0.0,2773.0
11950,mmrf_2468,train,True,True,98.0,-20.0,118.0
11951,mmrf_2468,train,True,True,166.0,-20.0,186.0
11952,mmrf_2468,train,True,True,348.0,-20.0,368.0
11953,mmrf_2468,train,True,True,446.0,-20.0,466.0
11954,mmrf_2468,train,True,True,537.0,-20.0,557.0
11955,mmrf_2468,train,True,True,621.0,-20.0,641.0
11956,mmrf_2468,train,True,True,712.0,-20.0,732.0
11957,mmrf_2468,train,True,True,798.0,-20.0,818.0
11958,mmrf_2468,train,True,True,880.0,-20.0,900.0
11959,mmrf_2468,train,True,True,964.0,-20.0,984.0
11960,mmrf_2468,train,True,True,1076.0,-20.0,1096.0
11961,mmrf_2468,train,True,True,1176.0,-20.0,1196.0
11962,mmrf_2468,train,True,True,1240.0,-20.0,1260.0
11963,mmrf_2468,train,False,True,1393.0,-20.0,1413.0
11964,mmrf_2468,train,False,True,1477.0,-20.0,1497.0
11965,mmrf_2468,train,False,True,1554.0,-20.0,1574.0
11966,mmrf_2468,train,False,True,1645.0,-20.0,1665.0
11967,mmrf_2468,train,False,True,1743.0,-20.0,1763.0
11968,mmrf_2468,train,False,True,1974.0,-20.0,1994.0
11969,mmrf_2468,train,True,True,2156.0,-20.0,2176.0
11970,mmrf_2468,train,False,True,2359.0,-20.0,2379.0
11971,mmrf_2468,train,False,True,2555.0,-20.0,2575.0
11972,mmrf_2468,train,False,True,2732.0,-20.0,2752.0
11973,mmrf_2469,train,True,True,233.0,-4.0,237.0
11974,mmrf_2469,train,True,True,352.0,-4.0,356.0
11975,mmrf_2469,train,True,True,463.0,-4.0,467.0
11976,mmrf_2469,train,True,True,542.0,-4.0,546.0
11977,mmrf_2469,train,True,True,624.0,-4.0,628.0
11978,mmrf_2469,train,True,True,736.0,-4.0,740.0
11979,mmrf_2469,train,True,True,820.0,-4.0,824.0
11980,mmrf_2469,train,True,True,911.0,-4.0,915.0
11981,mmrf_2469,train,True,True,1002.0,-4.0,1006.0
11982,mmrf_2469,train,True,True,1079.0,-4.0,1083.0
11983,mmrf_2469,train,True,True,1121.0,-4.0,1125.0
11984,mmrf_2469,train,True,True,1212.0,-4.0,1216.0
11985,mmrf_2469,train,True,True,1303.0,-4.0,1307.0
11986,mmrf_2469,train,True,True,1457.0,-4.0,1461.0
11987,mmrf_2469,train,True,True,1555.0,-4.0,1559.0
11988,mmrf_2469,train,True,True,1640.0,-4.0,1644.0
11989,mmrf_2469,train,True,True,1726.0,-4.0,1730.0
11990,mmrf_2469,train,True,True,2216.0,-4.0,2220.0
11991,mmrf_2469,train,True,True,2558.0,-4.0,2562.0
11992,mmrf_2469,train,True,True,2726.0,-4.0,2730.0
11993,mmrf_2471,test,True,True,84.0,-11.0,95.0
11994,mmrf_2471,test,True,True,190.0,-11.0,201.0
11995,mmrf_2471,test,True,True,256.0,-11.0,267.0
11996,mmrf_2471,test,True,True,346.0,-11.0,357.0
11997,mmrf_2471,test,True,True,458.0,-11.0,469.0
11998,mmrf_2471,test,True,True,515.0,-11.0,526.0
11999,mmrf_2471,test,True,True,717.0,-11.0,728.0
12000,mmrf_2471,test,True,True,910.0,-11.0,921.0
12001,mmrf_2471,test,True,True,980.0,-11.0,991.0
12002,mmrf_2471,test,True,True,1073.0,-11.0,1084.0
12003,mmrf_2471,test,True,True,1165.0,-11.0,1176.0
12004,mmrf_2471,test,True,True,1257.0,-11.0,1268.0
12005,mmrf_2471,test,True,True,1351.0,-11.0,1362.0
12006,mmrf_2471,test,True,True,1466.0,-11.0,1477.0
12007,mmrf_2471,test,True,True,1541.0,-11.0,1552.0
12008,mmrf_2471,test,True,True,1605.0,-11.0,1616.0
12009,mmrf_2471,test,True,True,1743.0,-11.0,1754.0
12010,mmrf_2471,test,True,True,1800.0,-11.0,1811.0
12011,mmrf_2471,test,True,True,1992.0,-11.0,2003.0
12012,mmrf_2471,test,True,True,2172.0,-11.0,2183.0
12013,mmrf_2471,test,True,True,2366.0,-11.0,2377.0
12035,mmrf_2473,val,True,True,72.0,-10.0,82.0
12036,mmrf_2473,val,True,True,174.0,-10.0,184.0
12037,mmrf_2473,val,True,True,258.0,-10.0,268.0
12038,mmrf_2473,val,True,True,343.0,-10.0,353.0
12039,mmrf_2473,val,True,True,453.0,-10.0,463.0
12040,mmrf_2475,train,True,True,60.0,-46.0,106.0
12041,mmrf_2475,train,True,True,162.0,-46.0,208.0
12042,mmrf_2475,train,True,True,250.0,-46.0,296.0
12043,mmrf_2475,train,True,True,330.0,-46.0,376.0
12044,mmrf_2475,train,True,True,430.0,-46.0,476.0
12045,mmrf_2475,train,True,True,491.0,-46.0,537.0
12046,mmrf_2475,train,True,True,607.0,-46.0,653.0
12047,mmrf_2475,train,True,True,683.0,-46.0,729.0
12048,mmrf_2475,train,True,True,779.0,-46.0,825.0
12049,mmrf_2475,train,True,True,862.0,-46.0,908.0
12050,mmrf_2475,train,True,True,919.0,-46.0,965.0
12051,mmrf_2475,train,True,True,1047.0,-46.0,1093.0
12052,mmrf_2475,train,True,True,1233.0,-46.0,1279.0
12053,mmrf_2475,train,True,True,1318.0,-46.0,1364.0
12054,mmrf_2475,train,True,True,1408.0,-46.0,1454.0
12055,mmrf_2475,train,True,True,1508.0,-46.0,1554.0
12056,mmrf_2475,train,True,True,1614.0,-46.0,1660.0
12057,mmrf_2475,train,True,True,1706.0,-46.0,1752.0
12058,mmrf_2475,train,True,True,1786.0,-46.0,1832.0
12059,mmrf_2475,train,True,True,1978.0,-46.0,2024.0
12060,mmrf_2475,train,True,True,2146.0,-46.0,2192.0
12061,mmrf_2475,train,True,True,2353.0,-46.0,2399.0
12062,mmrf_2476,test,True,True,64.0,-6.0,70.0
12063,mmrf_2476,test,True,True,153.0,-6.0,159.0
12064,mmrf_2476,test,True,True,237.0,-6.0,243.0
12065,mmrf_2476,test,True,True,328.0,-6.0,334.0
12066,mmrf_2476,test,True,True,412.0,-6.0,418.0
12069,mmrf_2478,train,True,True,90.0,-5.0,95.0
12070,mmrf_2478,train,True,True,209.0,-5.0,214.0
12071,mmrf_2478,train,True,True,279.0,-5.0,284.0
12072,mmrf_2478,train,True,True,370.0,-5.0,375.0
12073,mmrf_2478,train,True,True,433.0,-5.0,438.0
12074,mmrf_2478,train,True,True,545.0,-5.0,550.0
12075,mmrf_2478,train,True,True,629.0,-5.0,634.0
12076,mmrf_2478,train,True,True,757.0,-5.0,762.0
12077,mmrf_2478,train,True,True,846.0,-5.0,851.0
12078,mmrf_2478,train,True,True,909.0,-5.0,914.0
12079,mmrf_2478,train,True,True,995.0,-5.0,1000.0
12080,mmrf_2478,train,True,True,1126.0,-5.0,1131.0
12081,mmrf_2478,train,True,True,1182.0,-5.0,1187.0
12082,mmrf_2478,train,True,True,1270.0,-5.0,1275.0
12083,mmrf_2478,train,True,True,1490.0,-5.0,1495.0
12084,mmrf_2478,train,True,True,1574.0,-5.0,1579.0
12085,mmrf_2478,train,True,True,1658.0,-5.0,1663.0
12086,mmrf_2478,train,True,True,1742.0,-5.0,1747.0
12087,mmrf_2478,train,True,True,1854.0,-5.0,1859.0
12088,mmrf_2478,train,True,True,2036.0,-5.0,2041.0
12089,mmrf_2480,test,True,True,78.0,-20.0,98.0
12090,mmrf_2485,train,True,True,98.0,-8.0,106.0
12091,mmrf_2485,train,True,True,182.0,-8.0,190.0
12092,mmrf_2485,train,True,True,252.0,-8.0,260.0
12093,mmrf_2485,train,True,True,462.0,-8.0,470.0
12094,mmrf_2485,train,True,True,546.0,-8.0,554.0
12095,mmrf_2485,train,True,True,636.0,-8.0,644.0
12096,mmrf_2485,train,True,True,727.0,-8.0,735.0
12097,mmrf_2485,train,True,True,825.0,-8.0,833.0
12098,mmrf_2485,train,True,True,909.0,-8.0,917.0
12099,mmrf_2485,train,True,True,1000.0,-8.0,1008.0
12100,mmrf_2485,train,True,True,1072.0,-8.0,1080.0
12101,mmrf_2485,train,True,True,1166.0,-8.0,1174.0
12120,mmrf_2487,train,True,True,93.0,0.0,93.0
12121,mmrf_2487,train,True,True,449.0,0.0,449.0
12122,mmrf_2487,train,True,True,848.0,0.0,848.0
12123,mmrf_2487,train,True,True,926.0,0.0,926.0
12124,mmrf_2487,train,True,True,1017.0,0.0,1017.0
12125,mmrf_2487,train,True,True,1101.0,0.0,1101.0
12126,mmrf_2487,train,True,True,1157.0,0.0,1157.0
12127,mmrf_2487,train,True,True,1283.0,0.0,1283.0
12128,mmrf_2487,train,True,True,1374.0,0.0,1374.0
12129,mmrf_2487,train,True,True,1444.0,0.0,1444.0
12130,mmrf_2487,train,True,True,1549.0,0.0,1549.0
12131,mmrf_2487,train,True,True,1640.0,0.0,1640.0
12132,mmrf_2487,train,True,True,1738.0,0.0,1738.0
12133,mmrf_2487,train,True,True,1894.0,0.0,1894.0
12134,mmrf_2487,train,True,True,2011.0,0.0,2011.0
12135,mmrf_2487,train,True,True,2053.0,0.0,2053.0
12136,mmrf_2487,train,True,True,2200.0,0.0,2200.0
12137,mmrf_2487,train,True,True,2368.0,0.0,2368.0
12138,mmrf_2487,train,True,True,2536.0,0.0,2536.0
12139,mmrf_2487,train,True,True,2747.0,0.0,2747.0
12140,mmrf_2488,test,True,True,105.0,-1.0,106.0
12141,mmrf_2488,test,True,True,191.0,-1.0,192.0
12142,mmrf_2488,test,True,True,283.0,-1.0,284.0
12143,mmrf_2488,test,True,True,374.0,-1.0,375.0
12144,mmrf_2488,test,False,True,458.0,-1.0,459.0
12145,mmrf_2488,test,False,True,542.0,-1.0,543.0
12146,mmrf_2488,test,False,True,646.0,-1.0,647.0
12147,mmrf_2488,test,False,True,728.0,-1.0,729.0
12148,mmrf_2488,test,False,True,814.0,-1.0,815.0
12149,mmrf_2488,test,False,True,898.0,-1.0,899.0
12150,mmrf_2488,test,False,True,983.0,-1.0,984.0
12151,mmrf_2488,test,False,True,1095.0,-1.0,1096.0
12152,mmrf_2488,test,False,True,1185.0,-1.0,1186.0
12153,mmrf_2488,test,False,True,1269.0,-1.0,1270.0
12154,mmrf_2488,test,False,True,1353.0,-1.0,1354.0
12155,mmrf_2488,test,False,True,1438.0,-1.0,1439.0
12156,mmrf_2488,test,True,True,1521.0,-1.0,1522.0
12157,mmrf_2488,test,True,True,1613.0,-1.0,1614.0
12158,mmrf_2488,test,True,True,1725.0,-1.0,1726.0
12159,mmrf_2488,test,True,True,1843.0,-1.0,1844.0
12160,mmrf_2488,test,False,True,2011.0,-1.0,2012.0
12161,mmrf_2488,test,False,True,2138.0,-1.0,2139.0
12162,mmrf_2488,test,False,True,2349.0,-1.0,2350.0
12163,mmrf_2488,test,False,True,2569.0,-1.0,2570.0
12164,mmrf_2488,test,True,True,2762.0,-1.0,2763.0
12165,mmrf_2489,train,True,True,92.0,0.0,92.0
12166,mmrf_2489,train,True,True,193.0,0.0,193.0
12167,mmrf_2489,train,True,True,305.0,0.0,305.0
12168,mmrf_2489,train,True,True,364.0,0.0,364.0
12169,mmrf_2489,train,True,True,427.0,0.0,427.0
12170,mmrf_2489,train,True,True,526.0,0.0,526.0
12171,mmrf_2489,train,True,True,617.0,0.0,617.0
12172,mmrf_2489,train,True,True,714.0,0.0,714.0
12173,mmrf_2489,train,True,True,801.0,0.0,801.0
12174,mmrf_2489,train,True,True,892.0,0.0,892.0
12175,mmrf_2489,train,True,True,987.0,0.0,987.0
12176,mmrf_2489,train,True,True,1078.0,0.0,1078.0
12177,mmrf_2489,train,True,True,1172.0,0.0,1172.0
12178,mmrf_2489,train,True,True,1302.0,0.0,1302.0
12179,mmrf_2489,train,True,True,1383.0,0.0,1383.0
12180,mmrf_2489,train,True,True,1467.0,0.0,1467.0
12181,mmrf_2489,train,True,True,1551.0,0.0,1551.0
12182,mmrf_2489,train,False,True,1663.0,0.0,1663.0
12183,mmrf_2489,train,False,True,1747.0,0.0,1747.0
12184,mmrf_2489,train,False,True,1838.0,0.0,1838.0
12185,mmrf_2489,train,False,True,2006.0,0.0,2006.0
12186,mmrf_2489,train,False,True,2202.0,0.0,2202.0
12187,mmrf_2489,train,False,True,2398.0,0.0,2398.0
12188,mmrf_2489,train,False,True,2541.0,0.0,2541.0
12189,mmrf_2489,train,False,True,2739.0,0.0,2739.0
12190,mmrf_2490,val,True,True,91.0,-2.0,93.0
12191,mmrf_2490,val,True,True,182.0,111.0,71.0
12201,mmrf_2497,train,True,True,58.0,-29.0,87.0
12202,mmrf_2497,train,True,True,148.0,-29.0,177.0
12203,mmrf_2497,train,True,True,239.0,-29.0,268.0
12204,mmrf_2497,train,True,True,329.0,-29.0,358.0
12205,mmrf_2497,train,True,True,413.0,-29.0,442.0
12206,mmrf_2497,train,True,True,518.0,-29.0,547.0
12207,mmrf_2497,train,True,True,630.0,-29.0,659.0
12208,mmrf_2497,train,True,True,686.0,-29.0,715.0
12209,mmrf_2497,train,True,True,769.0,-29.0,798.0
12210,mmrf_2497,train,True,True,854.0,-29.0,883.0
12211,mmrf_2497,train,True,True,968.0,-29.0,997.0
12212,mmrf_2497,train,True,True,1050.0,-29.0,1079.0
12213,mmrf_2497,train,True,True,1162.0,-29.0,1191.0
12214,mmrf_2497,train,True,True,1246.0,-29.0,1275.0
12215,mmrf_2497,train,True,True,1332.0,-29.0,1361.0
12216,mmrf_2497,train,True,True,1414.0,-29.0,1443.0
12217,mmrf_2497,train,True,True,1498.0,-29.0,1527.0
12218,mmrf_2497,train,True,True,1583.0,-29.0,1612.0
12219,mmrf_2497,train,True,True,1693.0,-29.0,1722.0
12220,mmrf_2497,train,True,True,1779.0,-29.0,1808.0
12221,mmrf_2497,train,True,True,1975.0,-29.0,2004.0
12222,mmrf_2497,train,True,True,2143.0,-29.0,2172.0
12223,mmrf_2498,train,True,True,55.0,-16.0,71.0
12224,mmrf_2498,train,True,True,153.0,-16.0,169.0
12225,mmrf_2498,train,True,True,229.0,-16.0,245.0
12226,mmrf_2498,train,True,True,387.0,-16.0,403.0
12227,mmrf_2498,train,True,True,446.0,-16.0,462.0
12228,mmrf_2498,train,True,True,513.0,-16.0,529.0
12229,mmrf_2498,train,True,True,635.0,-16.0,651.0
12230,mmrf_2498,train,True,True,750.0,-16.0,766.0
12231,mmrf_2498,train,True,True,786.0,-16.0,802.0
12232,mmrf_2498,train,True,True,910.0,-16.0,926.0
12233,mmrf_2498,train,True,True,1002.0,-16.0,1018.0
12234,mmrf_2498,train,True,True,1120.0,-16.0,1136.0
12235,mmrf_2498,train,True,True,1358.0,-16.0,1374.0
12236,mmrf_2498,train,True,True,1452.0,-16.0,1468.0
12237,mmrf_2498,train,True,True,1550.0,-16.0,1566.0
12238,mmrf_2498,train,True,True,1634.0,-16.0,1650.0
12239,mmrf_2498,train,True,True,1722.0,-16.0,1738.0
12240,mmrf_2498,train,True,True,1823.0,-16.0,1839.0
12241,mmrf_2498,train,True,True,2019.0,-16.0,2035.0
12242,mmrf_2498,train,True,True,2180.0,-16.0,2196.0
12243,mmrf_2498,train,True,True,2544.0,-16.0,2560.0
12244,mmrf_2498,train,True,True,2736.0,-16.0,2752.0
12245,mmrf_2499,train,True,True,100.0,-1.0,101.0
12246,mmrf_2499,train,True,True,240.0,-1.0,241.0
12247,mmrf_2499,train,True,True,304.0,-1.0,305.0
12248,mmrf_2499,train,True,True,408.0,-1.0,409.0
12249,mmrf_2499,train,True,True,560.0,-1.0,561.0
12250,mmrf_2499,train,True,True,632.0,-1.0,633.0
12251,mmrf_2499,train,True,True,723.0,-1.0,724.0
12252,mmrf_2499,train,True,True,804.0,-1.0,805.0
12253,mmrf_2499,train,True,True,854.0,-1.0,855.0
12254,mmrf_2499,train,True,True,982.0,-1.0,983.0
12255,mmrf_2499,train,True,True,1106.0,-1.0,1107.0
12256,mmrf_2499,train,True,True,1197.0,-1.0,1198.0
12257,mmrf_2499,train,True,True,1288.0,-1.0,1289.0
12258,mmrf_2499,train,True,True,1379.0,-1.0,1380.0
12259,mmrf_2499,train,True,True,1477.0,-1.0,1478.0
12260,mmrf_2499,train,True,True,1561.0,-1.0,1562.0
12261,mmrf_2499,train,True,True,1653.0,-1.0,1654.0
12262,mmrf_2499,train,True,True,1710.0,-1.0,1711.0
12263,mmrf_2499,train,True,True,1857.0,-1.0,1858.0
12264,mmrf_2499,train,True,True,2010.0,-1.0,2011.0
12265,mmrf_2499,train,True,True,2206.0,-1.0,2207.0
12266,mmrf_2499,train,True,True,2372.0,-1.0,2373.0
12267,mmrf_2501,train,True,True,85.0,-1.0,86.0
12268,mmrf_2501,train,True,True,191.0,-1.0,192.0
12269,mmrf_2501,train,False,True,269.0,-1.0,270.0
12270,mmrf_2501,train,False,True,352.0,-1.0,353.0
12271,mmrf_2501,train,True,True,434.0,-1.0,435.0
12272,mmrf_2501,train,True,True,528.0,-1.0,529.0
12273,mmrf_2501,train,True,True,647.0,-1.0,648.0
12274,mmrf_2501,train,True,True,703.0,-1.0,704.0
12275,mmrf_2501,train,True,True,815.0,-1.0,816.0
12276,mmrf_2501,train,True,True,899.0,-1.0,900.0
12277,mmrf_2501,train,True,True,982.0,-1.0,983.0
12278,mmrf_2501,train,True,True,1068.0,-1.0,1069.0
12279,mmrf_2501,train,True,True,1152.0,-1.0,1153.0
12280,mmrf_2501,train,True,True,1253.0,-1.0,1254.0
12281,mmrf_2501,train,True,True,1340.0,-1.0,1341.0
12282,mmrf_2501,train,True,True,1431.0,-1.0,1432.0
12283,mmrf_2501,train,True,True,1515.0,-1.0,1516.0
12284,mmrf_2501,train,True,True,1627.0,-1.0,1628.0
12285,mmrf_2501,train,True,True,1711.0,-1.0,1712.0
12286,mmrf_2501,train,True,True,1795.0,-1.0,1796.0
12318,mmrf_2505,val,True,True,104.0,-1.0,105.0
12319,mmrf_2505,val,True,True,188.0,-1.0,189.0
12320,mmrf_2505,val,True,True,272.0,-1.0,273.0
12321,mmrf_2505,val,True,True,334.0,-1.0,335.0
12322,mmrf_2505,val,True,True,535.0,-1.0,536.0
12323,mmrf_2505,val,True,True,623.0,-1.0,624.0
12324,mmrf_2505,val,True,True,703.0,-1.0,704.0
12325,mmrf_2505,val,True,True,787.0,-1.0,788.0
12326,mmrf_2506,train,True,True,92.0,-17.0,109.0
12327,mmrf_2506,train,True,True,156.0,-17.0,173.0
12328,mmrf_2506,train,True,True,243.0,-17.0,260.0
12329,mmrf_2506,train,True,True,344.0,-17.0,361.0
12330,mmrf_2506,train,True,True,421.0,-17.0,438.0
12331,mmrf_2506,train,True,True,509.0,-17.0,526.0
12332,mmrf_2506,train,True,True,593.0,-17.0,610.0
12333,mmrf_2506,train,True,True,685.0,-17.0,702.0
12334,mmrf_2506,train,True,True,783.0,-17.0,800.0
12335,mmrf_2506,train,True,True,874.0,-17.0,891.0
12336,mmrf_2506,train,True,True,965.0,-17.0,982.0
12337,mmrf_2506,train,True,True,1065.0,-17.0,1082.0
12338,mmrf_2506,train,True,True,1170.0,-17.0,1187.0
12339,mmrf_2507,val,True,True,98.0,-1.0,99.0
12340,mmrf_2507,val,True,True,226.0,-1.0,227.0
12362,mmrf_2514,train,True,True,94.0,-4.0,98.0
12363,mmrf_2514,train,True,True,196.0,-4.0,200.0
12364,mmrf_2514,train,True,True,277.0,-4.0,281.0
12365,mmrf_2514,train,True,True,449.0,-4.0,453.0
12366,mmrf_2514,train,True,True,526.0,-4.0,530.0
12367,mmrf_2515,val,True,True,75.0,-14.0,89.0
12368,mmrf_2515,val,True,True,266.0,-14.0,280.0
12369,mmrf_2515,val,True,True,526.0,-14.0,540.0
12370,mmrf_2515,val,True,True,1128.0,-14.0,1142.0
12371,mmrf_2515,val,True,True,1394.0,-14.0,1408.0
12372,mmrf_2515,val,True,True,1492.0,-14.0,1506.0
12373,mmrf_2515,val,True,True,1646.0,-14.0,1660.0
12374,mmrf_2516,train,True,True,64.0,-16.0,80.0
12375,mmrf_2516,train,True,True,154.0,-16.0,170.0
12376,mmrf_2516,train,True,True,238.0,-16.0,254.0
12377,mmrf_2516,train,True,True,329.0,-16.0,345.0
12378,mmrf_2516,train,True,True,441.0,-16.0,457.0
12379,mmrf_2516,train,True,True,533.0,-16.0,549.0
12380,mmrf_2516,train,True,True,617.0,-16.0,633.0
12381,mmrf_2516,train,True,True,701.0,-16.0,717.0
12382,mmrf_2516,train,True,True,799.0,-16.0,815.0
12383,mmrf_2516,train,True,True,885.0,-16.0,901.0
12384,mmrf_2516,train,True,True,1002.0,-16.0,1018.0
12385,mmrf_2516,train,True,True,1079.0,-16.0,1095.0
12386,mmrf_2516,train,True,True,1163.0,-16.0,1179.0
12387,mmrf_2516,train,True,True,1275.0,-16.0,1291.0
12388,mmrf_2516,train,True,True,1366.0,-16.0,1382.0
12389,mmrf_2516,train,True,True,1455.0,-16.0,1471.0
12390,mmrf_2516,train,True,True,1513.0,-16.0,1529.0
12391,mmrf_2516,train,True,True,1645.0,-16.0,1661.0
12392,mmrf_2516,train,True,True,1729.0,-16.0,1745.0
12393,mmrf_2516,train,True,True,1799.0,-16.0,1815.0
12394,mmrf_2516,train,True,True,1995.0,-16.0,2011.0
12395,mmrf_2516,train,True,True,2163.0,-16.0,2179.0
12396,mmrf_2516,train,True,True,2360.0,-16.0,2376.0
12397,mmrf_2516,train,True,True,2555.0,-16.0,2571.0
12398,mmrf_2516,train,True,True,2723.0,-16.0,2739.0
12414,mmrf_2518,train,True,True,50.0,-53.0,103.0
12415,mmrf_2518,train,True,True,147.0,-53.0,200.0
12416,mmrf_2518,train,True,True,232.0,-53.0,285.0
12417,mmrf_2518,train,True,True,328.0,-53.0,381.0
12418,mmrf_2518,train,True,True,412.0,-53.0,465.0
12419,mmrf_2518,train,True,True,496.0,-53.0,549.0
12420,mmrf_2518,train,True,True,571.0,-53.0,624.0
12421,mmrf_2518,train,True,True,658.0,-53.0,711.0
12422,mmrf_2518,train,True,True,757.0,-53.0,810.0
12423,mmrf_2518,train,True,True,879.0,-53.0,932.0
12424,mmrf_2519,val,True,True,87.0,-14.0,101.0
12425,mmrf_2519,val,True,True,171.0,-14.0,185.0
12426,mmrf_2519,val,True,True,253.0,-14.0,267.0
12427,mmrf_2519,val,False,True,353.0,-14.0,367.0
12428,mmrf_2519,val,True,True,423.0,-14.0,437.0
12429,mmrf_2519,val,False,True,535.0,-14.0,549.0
12430,mmrf_2519,val,False,True,619.0,-14.0,633.0
12431,mmrf_2519,val,False,True,696.0,-14.0,710.0
12432,mmrf_2519,val,False,True,787.0,-14.0,801.0
12433,mmrf_2519,val,True,True,884.0,-14.0,898.0
12434,mmrf_2519,val,True,True,976.0,-14.0,990.0
12435,mmrf_2519,val,False,True,1082.0,-14.0,1096.0
12436,mmrf_2519,val,False,True,1425.0,-14.0,1439.0
12437,mmrf_2519,val,False,True,1664.0,-14.0,1678.0
12438,mmrf_2519,val,True,True,1830.0,-14.0,1844.0
12439,mmrf_2519,val,True,True,2005.0,-14.0,2019.0
12440,mmrf_2519,val,True,True,2138.0,-14.0,2152.0
12441,mmrf_2519,val,True,True,2334.0,-14.0,2348.0
12442,mmrf_2519,val,True,True,2523.0,-14.0,2537.0
12443,mmrf_2519,val,True,True,2710.0,-14.0,2724.0
12444,mmrf_2522,train,True,True,92.0,-28.0,120.0
12445,mmrf_2522,train,True,True,176.0,-28.0,204.0
12446,mmrf_2522,train,True,True,260.0,-28.0,288.0
12447,mmrf_2522,train,True,True,372.0,-28.0,400.0
12448,mmrf_2522,train,True,True,456.0,-28.0,484.0
12449,mmrf_2522,train,True,True,540.0,-28.0,568.0
12450,mmrf_2522,train,True,True,624.0,-28.0,652.0
12451,mmrf_2522,train,True,True,736.0,-28.0,764.0
12452,mmrf_2522,train,True,True,820.0,-28.0,848.0
12453,mmrf_2522,train,True,True,904.0,-28.0,932.0
12454,mmrf_2522,train,True,True,988.0,-28.0,1016.0
12455,mmrf_2522,train,True,True,1100.0,-28.0,1128.0
12456,mmrf_2522,train,True,True,1184.0,-28.0,1212.0
12457,mmrf_2522,train,False,True,1268.0,-28.0,1296.0
12458,mmrf_2522,train,True,True,1338.0,-28.0,1366.0
12459,mmrf_2522,train,False,True,1422.0,-28.0,1450.0
12460,mmrf_2522,train,False,True,1513.0,-28.0,1541.0
12461,mmrf_2522,train,False,True,1605.0,-28.0,1633.0
12462,mmrf_2522,train,True,True,1702.0,-28.0,1730.0
12463,mmrf_2522,train,True,True,1808.0,-28.0,1836.0
12464,mmrf_2522,train,True,True,1996.0,-28.0,2024.0
12465,mmrf_2522,train,True,True,2143.0,-28.0,2171.0
12466,mmrf_2522,train,True,True,2332.0,-28.0,2360.0
12467,mmrf_2522,train,True,True,2528.0,-28.0,2556.0
12468,mmrf_2522,train,True,True,2703.0,-28.0,2731.0
12469,mmrf_2523,val,True,True,66.0,-11.0,77.0
12470,mmrf_2523,val,True,True,150.0,-11.0,161.0
12471,mmrf_2523,val,True,True,252.0,-11.0,263.0
12472,mmrf_2523,val,True,True,297.0,-11.0,308.0
12473,mmrf_2523,val,True,True,437.0,-11.0,448.0
12474,mmrf_2523,val,True,True,514.0,-11.0,525.0
12475,mmrf_2524,val,True,True,92.0,-27.0,119.0
12476,mmrf_2524,val,True,True,182.0,-27.0,209.0
12477,mmrf_2524,val,True,True,267.0,-27.0,294.0
12478,mmrf_2524,val,True,True,351.0,-27.0,378.0
12479,mmrf_2524,val,True,True,463.0,-27.0,490.0
12480,mmrf_2524,val,True,True,554.0,-27.0,581.0
12481,mmrf_2524,val,True,True,638.0,-27.0,665.0
12482,mmrf_2524,val,True,True,729.0,-27.0,756.0
12483,mmrf_2524,val,False,True,806.0,-27.0,833.0
12484,mmrf_2524,val,False,True,918.0,-27.0,945.0
12485,mmrf_2524,val,False,True,988.0,-27.0,1015.0
12486,mmrf_2524,val,False,True,1100.0,-27.0,1127.0
12487,mmrf_2524,val,False,True,1184.0,-27.0,1211.0
12488,mmrf_2524,val,False,True,1247.0,-27.0,1274.0
12489,mmrf_2524,val,False,True,1335.0,-27.0,1362.0
12490,mmrf_2524,val,False,True,1437.0,-27.0,1464.0
12491,mmrf_2524,val,False,True,1520.0,-27.0,1547.0
12492,mmrf_2524,val,False,True,1604.0,-27.0,1631.0
12493,mmrf_2524,val,False,True,1710.0,-27.0,1737.0
12494,mmrf_2524,val,False,True,1996.0,-27.0,2023.0
12495,mmrf_2524,val,False,True,2164.0,-27.0,2191.0
12496,mmrf_2524,val,False,True,2353.0,-27.0,2380.0
12497,mmrf_2524,val,False,True,2514.0,-27.0,2541.0
12498,mmrf_2524,val,False,True,2689.0,-27.0,2716.0
12499,mmrf_2525,train,True,True,92.0,-7.0,99.0
12500,mmrf_2525,train,True,True,183.0,-7.0,190.0
12501,mmrf_2525,train,True,True,358.0,-7.0,365.0
12502,mmrf_2525,train,True,True,547.0,-7.0,554.0
12503,mmrf_2526,train,True,True,78.0,-21.0,99.0
12504,mmrf_2526,train,True,True,148.0,-21.0,169.0
12505,mmrf_2526,train,True,True,253.0,-21.0,274.0
12506,mmrf_2526,train,True,True,340.0,-21.0,361.0
12507,mmrf_2526,train,True,True,431.0,-21.0,452.0
12508,mmrf_2526,train,True,True,515.0,-21.0,536.0
12509,mmrf_2526,train,True,True,606.0,-21.0,627.0
12510,mmrf_2526,train,True,True,704.0,-21.0,725.0
12511,mmrf_2526,train,True,True,774.0,-21.0,795.0
12512,mmrf_2526,train,True,True,897.0,-21.0,918.0
12513,mmrf_2526,train,True,True,995.0,-21.0,1016.0
12514,mmrf_2526,train,True,True,1058.0,-21.0,1079.0
12515,mmrf_2526,train,True,True,1142.0,-21.0,1163.0
12516,mmrf_2526,train,True,True,1233.0,-21.0,1254.0
12517,mmrf_2526,train,True,True,1331.0,-21.0,1352.0
12518,mmrf_2526,train,True,True,1422.0,-21.0,1443.0
12519,mmrf_2526,train,True,True,1499.0,-21.0,1520.0
12520,mmrf_2526,train,True,True,1611.0,-21.0,1632.0
12521,mmrf_2526,train,True,True,1720.0,-21.0,1741.0
12522,mmrf_2526,train,True,True,1774.0,-21.0,1795.0
12523,mmrf_2526,train,True,True,1961.0,-21.0,1982.0
12524,mmrf_2526,train,True,True,2129.0,-21.0,2150.0
12525,mmrf_2526,train,True,True,2320.0,-21.0,2341.0
12526,mmrf_2526,train,True,True,2485.0,-21.0,2506.0
12527,mmrf_2526,train,True,True,2682.0,-21.0,2703.0
12528,mmrf_2531,val,True,True,85.0,0.0,85.0
12529,mmrf_2531,val,True,True,151.0,0.0,151.0
12530,mmrf_2531,val,True,True,221.0,0.0,221.0
12531,mmrf_2531,val,True,True,449.0,429.0,20.0
12532,mmrf_2532,train,True,True,71.0,-2.0,73.0
12533,mmrf_2532,train,True,True,155.0,-2.0,157.0
12534,mmrf_2532,train,True,True,281.0,-2.0,283.0
12535,mmrf_2532,train,True,True,365.0,-2.0,367.0
12536,mmrf_2532,train,True,True,449.0,-2.0,451.0
12537,mmrf_2532,train,True,True,540.0,-2.0,542.0
12538,mmrf_2532,train,True,True,603.0,-2.0,605.0
12539,mmrf_2532,train,True,True,708.0,-2.0,710.0
12540,mmrf_2532,train,True,True,834.0,-2.0,836.0
12541,mmrf_2532,train,True,True,890.0,-2.0,892.0
12542,mmrf_2532,train,True,True,1016.0,-2.0,1018.0
12543,mmrf_2532,train,True,True,1072.0,-2.0,1074.0
12544,mmrf_2532,train,True,True,1184.0,-2.0,1186.0
12545,mmrf_2532,train,False,True,1310.0,-2.0,1312.0
12546,mmrf_2532,train,False,True,1380.0,-2.0,1382.0
12547,mmrf_2532,train,False,True,1436.0,-2.0,1438.0
12548,mmrf_2532,train,False,True,1548.0,-2.0,1550.0
12549,mmrf_2532,train,False,True,1653.0,-2.0,1655.0
12550,mmrf_2532,train,False,True,1765.0,-2.0,1767.0
12551,mmrf_2532,train,False,True,1821.0,-2.0,1823.0
12552,mmrf_2532,train,False,True,2017.0,-2.0,2019.0
12553,mmrf_2532,train,False,True,2199.0,-2.0,2201.0
12554,mmrf_2532,train,False,True,2412.0,-2.0,2414.0
12555,mmrf_2532,train,False,True,2598.0,-2.0,2600.0
12556,mmrf_2532,train,False,True,2780.0,-2.0,2782.0
12557,mmrf_2535,val,True,True,99.0,2.0,97.0
12558,mmrf_2535,val,True,True,172.0,2.0,170.0
12559,mmrf_2535,val,True,True,280.0,2.0,278.0
12560,mmrf_2535,val,True,True,354.0,2.0,352.0
12561,mmrf_2535,val,True,True,445.0,2.0,443.0
12562,mmrf_2538,train,True,True,82.0,-11.0,93.0
12563,mmrf_2538,train,True,True,305.0,-11.0,316.0
12564,mmrf_2538,train,True,True,327.0,-11.0,338.0
12565,mmrf_2538,train,True,True,414.0,-11.0,425.0
12566,mmrf_2538,train,True,True,502.0,-11.0,513.0
12567,mmrf_2538,train,True,True,704.0,-11.0,715.0
12568,mmrf_2538,train,True,True,816.0,-11.0,827.0
12569,mmrf_2538,train,True,True,925.0,-11.0,936.0
12570,mmrf_2538,train,True,True,986.0,-11.0,997.0
12571,mmrf_2538,train,True,True,1057.0,-11.0,1068.0
12572,mmrf_2538,train,True,True,1168.0,-11.0,1179.0
12573,mmrf_2538,train,True,True,1255.0,-11.0,1266.0
12574,mmrf_2539,train,True,True,84.0,-15.0,99.0
12575,mmrf_2539,train,True,True,374.0,-15.0,389.0
12576,mmrf_2539,train,True,True,507.0,-15.0,522.0
12577,mmrf_2539,train,True,True,654.0,-15.0,669.0
12578,mmrf_2539,train,True,True,738.0,-15.0,753.0
12579,mmrf_2539,train,True,True,822.0,-15.0,837.0
12580,mmrf_2539,train,False,True,912.0,-15.0,927.0
12581,mmrf_2539,train,False,True,1004.0,-15.0,1019.0
12582,mmrf_2539,train,False,True,1052.0,-15.0,1067.0
12583,mmrf_2539,train,False,True,1137.0,-15.0,1152.0
12584,mmrf_2539,train,False,True,1241.0,-15.0,1256.0
12585,mmrf_2539,train,False,True,1409.0,-15.0,1424.0
12586,mmrf_2541,train,True,True,63.0,-22.0,85.0
12587,mmrf_2541,train,True,True,183.0,-22.0,205.0
12588,mmrf_2541,train,True,True,259.0,-22.0,281.0
12589,mmrf_2541,train,True,True,301.0,-22.0,323.0
12590,mmrf_2541,train,True,True,406.0,-22.0,428.0
12591,mmrf_2541,train,True,True,490.0,-22.0,512.0
12592,mmrf_2541,train,True,True,560.0,-22.0,582.0
12593,mmrf_2541,train,True,True,585.0,-22.0,607.0
12594,mmrf_2541,train,True,True,694.0,-22.0,716.0
12595,mmrf_2541,train,True,True,788.0,-22.0,810.0
12596,mmrf_2541,train,True,True,834.0,-22.0,856.0
12597,mmrf_2541,train,True,True,876.0,-22.0,898.0
12598,mmrf_2541,train,True,True,903.0,-22.0,925.0
12599,mmrf_2541,train,True,True,953.0,-22.0,975.0
12600,mmrf_2541,train,True,True,974.0,-22.0,996.0
12601,mmrf_2541,train,True,True,1029.0,-22.0,1051.0
12630,mmrf_2548,train,True,True,105.0,0.0,105.0
12631,mmrf_2548,train,True,True,183.0,0.0,183.0
12632,mmrf_2548,train,True,True,271.0,0.0,271.0
12633,mmrf_2548,train,False,True,350.0,0.0,350.0
12634,mmrf_2548,train,False,True,443.0,0.0,443.0
12635,mmrf_2548,train,False,True,517.0,0.0,517.0
12636,mmrf_2549,train,True,True,51.0,0.0,51.0
12637,mmrf_2549,train,True,True,135.0,0.0,135.0
12638,mmrf_2549,train,True,True,247.0,0.0,247.0
12639,mmrf_2549,train,True,True,331.0,0.0,331.0
12640,mmrf_2549,train,True,True,429.0,0.0,429.0
12641,mmrf_2549,train,True,True,657.0,0.0,657.0
12642,mmrf_2549,train,True,True,790.0,0.0,790.0
12643,mmrf_2549,train,True,True,874.0,0.0,874.0
12644,mmrf_2549,train,True,True,958.0,0.0,958.0
12645,mmrf_2550,train,True,True,102.0,-18.0,120.0
12646,mmrf_2554,test,True,True,102.0,0.0,102.0
12672,mmrf_2557,test,True,True,75.0,-11.0,86.0
12673,mmrf_2557,test,True,True,173.0,-11.0,184.0
12684,mmrf_2559,val,True,True,92.0,0.0,92.0
12685,mmrf_2559,val,True,True,162.0,0.0,162.0
12686,mmrf_2559,val,True,True,275.0,0.0,275.0
12687,mmrf_2559,val,True,True,373.0,0.0,373.0
12688,mmrf_2559,val,True,True,457.0,0.0,457.0
12689,mmrf_2559,val,True,True,548.0,0.0,548.0
12690,mmrf_2559,val,True,True,632.0,0.0,632.0
12691,mmrf_2559,val,True,True,722.0,0.0,722.0
12692,mmrf_2559,val,True,True,807.0,0.0,807.0
12693,mmrf_2559,val,True,True,904.0,0.0,904.0
12694,mmrf_2559,val,True,True,995.0,0.0,995.0
12695,mmrf_2559,val,True,True,1135.0,0.0,1135.0
12696,mmrf_2559,val,True,True,1191.0,0.0,1191.0
12697,mmrf_2559,val,True,True,1289.0,0.0,1289.0
12698,mmrf_2559,val,True,True,1331.0,0.0,1331.0
12699,mmrf_2559,val,True,True,1430.0,0.0,1430.0
12700,mmrf_2559,val,True,True,1527.0,0.0,1527.0
12701,mmrf_2559,val,False,True,1604.0,0.0,1604.0
12702,mmrf_2559,val,False,True,1695.0,0.0,1695.0
12703,mmrf_2559,val,True,True,1810.0,0.0,1810.0
12704,mmrf_2559,val,True,True,2010.0,0.0,2010.0
12705,mmrf_2559,val,True,True,2193.0,0.0,2193.0
12706,mmrf_2559,val,False,True,2374.0,0.0,2374.0
12707,mmrf_2559,val,False,True,2594.0,0.0,2594.0
12708,mmrf_2559,val,False,True,2752.0,0.0,2752.0
12709,mmrf_2560,train,True,True,43.0,-33.0,76.0
12710,mmrf_2560,train,True,True,228.0,-33.0,261.0
12711,mmrf_2560,train,True,True,320.0,-33.0,353.0
12712,mmrf_2560,train,True,True,411.0,-33.0,444.0
12713,mmrf_2560,train,True,True,494.0,-33.0,527.0
12714,mmrf_2560,train,True,True,613.0,-33.0,646.0
12715,mmrf_2560,train,True,True,697.0,-33.0,730.0
12716,mmrf_2560,train,True,True,781.0,-33.0,814.0
12717,mmrf_2562,train,True,True,80.0,-11.0,91.0
12718,mmrf_2562,train,True,True,185.0,-11.0,196.0
12719,mmrf_2562,train,True,True,247.0,-11.0,258.0
12720,mmrf_2562,train,True,True,353.0,-11.0,364.0
12721,mmrf_2562,train,True,True,501.0,-11.0,512.0
12722,mmrf_2562,train,True,True,584.0,-11.0,595.0
12723,mmrf_2562,train,True,True,676.0,-11.0,687.0
12724,mmrf_2562,train,True,True,781.0,-11.0,792.0
12725,mmrf_2562,train,True,True,837.0,-11.0,848.0
12726,mmrf_2562,train,True,True,928.0,-11.0,939.0
12727,mmrf_2562,train,True,True,963.0,-11.0,974.0
12728,mmrf_2562,train,True,True,1018.0,-11.0,1029.0
12729,mmrf_2562,train,True,True,1068.0,-11.0,1079.0
12755,mmrf_2564,test,True,True,62.0,-10.0,72.0
12756,mmrf_2564,test,True,True,155.0,-10.0,165.0
12757,mmrf_2564,test,True,True,292.0,-10.0,302.0
12758,mmrf_2564,test,True,True,414.0,-10.0,424.0
12759,mmrf_2564,test,True,True,517.0,-10.0,527.0
12760,mmrf_2564,test,True,True,606.0,-10.0,616.0
12761,mmrf_2564,test,True,True,678.0,-10.0,688.0
12762,mmrf_2564,test,True,True,699.0,-10.0,709.0
12763,mmrf_2564,test,True,True,883.0,-10.0,893.0
12764,mmrf_2564,test,True,True,953.0,-10.0,963.0
12765,mmrf_2564,test,True,True,1320.0,-10.0,1330.0
12766,mmrf_2564,test,True,True,1455.0,-10.0,1465.0
12767,mmrf_2564,test,True,True,1504.0,-10.0,1514.0
12768,mmrf_2564,test,True,True,1626.0,-10.0,1636.0
12769,mmrf_2564,test,True,True,1710.0,-10.0,1720.0
12770,mmrf_2564,test,True,True,1822.0,-10.0,1832.0
12771,mmrf_2564,test,True,True,1990.0,-10.0,2000.0
12772,mmrf_2564,test,True,True,2181.0,-10.0,2191.0
12773,mmrf_2564,test,True,True,2357.0,-10.0,2367.0
12774,mmrf_2564,test,True,True,2557.0,-10.0,2567.0
12775,mmrf_2564,test,True,True,2732.0,-10.0,2742.0
12812,mmrf_2568,val,True,True,86.0,-10.0,96.0
12813,mmrf_2568,val,True,True,172.0,-10.0,182.0
12814,mmrf_2568,val,False,True,253.0,-10.0,263.0
12815,mmrf_2568,val,False,True,450.0,-10.0,460.0
12816,mmrf_2568,val,False,True,527.0,-10.0,537.0
12817,mmrf_2568,val,False,True,625.0,-10.0,635.0
12818,mmrf_2568,val,False,True,723.0,-10.0,733.0
12819,mmrf_2568,val,False,True,815.0,-10.0,825.0
12820,mmrf_2568,val,False,True,906.0,-10.0,916.0
12821,mmrf_2570,train,True,True,85.0,-4.0,89.0
12822,mmrf_2570,train,True,True,184.0,-4.0,188.0
12823,mmrf_2570,train,True,True,281.0,-4.0,285.0
12824,mmrf_2570,train,True,True,379.0,-4.0,383.0
12825,mmrf_2570,train,True,True,464.0,-4.0,468.0
12826,mmrf_2570,train,True,True,576.0,-4.0,580.0
12827,mmrf_2570,train,True,True,659.0,-4.0,663.0
12828,mmrf_2570,train,True,True,715.0,-4.0,719.0
12829,mmrf_2570,train,True,True,806.0,-4.0,810.0
12830,mmrf_2570,train,True,True,890.0,-4.0,894.0
12831,mmrf_2570,train,True,True,1003.0,-4.0,1007.0
12832,mmrf_2570,train,True,True,1142.0,-4.0,1146.0
12833,mmrf_2570,train,False,True,1318.0,-4.0,1322.0
12834,mmrf_2570,train,False,True,1374.0,-4.0,1378.0
12835,mmrf_2570,train,True,True,1465.0,-4.0,1469.0
12836,mmrf_2570,train,False,True,1563.0,-4.0,1567.0
12837,mmrf_2570,train,True,True,1566.0,-4.0,1570.0
12838,mmrf_2570,train,True,True,1647.0,-4.0,1651.0
12839,mmrf_2570,train,True,True,1745.0,-4.0,1749.0
12840,mmrf_2570,train,True,True,2046.0,-4.0,2050.0
12841,mmrf_2570,train,True,True,2157.0,-4.0,2161.0
12842,mmrf_2572,train,True,True,96.0,-1.0,97.0
12843,mmrf_2572,train,True,True,176.0,-1.0,177.0
12844,mmrf_2572,train,True,True,256.0,-1.0,257.0
12845,mmrf_2572,train,True,True,348.0,-1.0,349.0
12846,mmrf_2572,train,True,True,425.0,-1.0,426.0
12847,mmrf_2572,train,True,True,532.0,-1.0,533.0
12848,mmrf_2572,train,True,True,630.0,-1.0,631.0
12849,mmrf_2572,train,True,True,729.0,-1.0,730.0
12850,mmrf_2572,train,True,True,820.0,-1.0,821.0
12851,mmrf_2572,train,True,True,887.0,-1.0,888.0
12852,mmrf_2572,train,True,True,995.0,-1.0,996.0
12853,mmrf_2573,train,False,True,347.0,-10.0,357.0
12854,mmrf_2573,train,True,True,537.0,-10.0,547.0
12855,mmrf_2573,train,True,True,649.0,-10.0,659.0
12856,mmrf_2573,train,True,True,716.0,-10.0,726.0
12857,mmrf_2573,train,True,True,780.0,-10.0,790.0
12858,mmrf_2573,train,True,True,894.0,-10.0,904.0
12859,mmrf_2573,train,True,True,971.0,-10.0,981.0
12860,mmrf_2573,train,True,True,1072.0,-10.0,1082.0
12861,mmrf_2573,train,True,True,1278.0,-10.0,1288.0
12862,mmrf_2573,train,True,True,1333.0,-10.0,1343.0
12863,mmrf_2573,train,True,True,1453.0,-10.0,1463.0
12864,mmrf_2573,train,True,True,1550.0,-10.0,1560.0
12865,mmrf_2573,train,True,True,1586.0,-10.0,1596.0
12866,mmrf_2573,train,False,True,1685.0,-10.0,1695.0
12867,mmrf_2573,train,True,True,1828.0,-10.0,1838.0
12868,mmrf_2573,train,True,True,1997.0,-10.0,2007.0
12869,mmrf_2573,train,True,True,2145.0,-10.0,2155.0
12870,mmrf_2573,train,True,True,2320.0,-10.0,2330.0
12871,mmrf_2574,train,True,True,172.0,-3.0,175.0
12872,mmrf_2574,train,False,True,270.0,-3.0,273.0
12873,mmrf_2574,train,False,True,354.0,-3.0,357.0
12901,mmrf_2579,train,True,True,79.0,-19.0,98.0
12902,mmrf_2579,train,True,True,182.0,-19.0,201.0
12903,mmrf_2579,train,True,True,260.0,-19.0,279.0
12904,mmrf_2579,train,True,True,499.0,-19.0,518.0
12905,mmrf_2579,train,True,True,660.0,-19.0,679.0
12906,mmrf_2579,train,True,True,751.0,-19.0,770.0
12907,mmrf_2579,train,True,True,842.0,-19.0,861.0
12908,mmrf_2579,train,True,True,947.0,-19.0,966.0
12909,mmrf_2579,train,True,True,995.0,-19.0,1014.0
12910,mmrf_2579,train,True,True,1359.0,-19.0,1378.0
12911,mmrf_2579,train,True,True,1871.0,-19.0,1890.0
12912,mmrf_2580,train,True,True,82.0,-1.0,83.0
12913,mmrf_2580,train,True,True,152.0,-1.0,153.0
12914,mmrf_2580,train,True,True,266.0,-1.0,267.0
12915,mmrf_2580,train,True,True,329.0,-1.0,330.0
12916,mmrf_2580,train,True,True,427.0,-1.0,428.0
12917,mmrf_2580,train,True,True,525.0,-1.0,526.0
12918,mmrf_2580,train,True,True,616.0,-1.0,617.0
12919,mmrf_2580,train,True,True,707.0,-1.0,708.0
12920,mmrf_2580,train,True,True,805.0,-1.0,806.0
12921,mmrf_2580,train,True,True,868.0,-1.0,869.0
12922,mmrf_2580,train,True,True,931.0,-1.0,932.0
12923,mmrf_2580,train,True,True,1008.0,-1.0,1009.0
12924,mmrf_2580,train,True,True,1134.0,-1.0,1135.0
12925,mmrf_2580,train,True,True,1260.0,-1.0,1261.0
12926,mmrf_2580,train,True,True,1316.0,-1.0,1317.0
12927,mmrf_2580,train,True,True,1428.0,-1.0,1429.0
12928,mmrf_2580,train,True,True,1554.0,-1.0,1555.0
12929,mmrf_2580,train,True,True,1652.0,-1.0,1653.0
12930,mmrf_2580,train,True,True,1722.0,-1.0,1723.0
12931,mmrf_2580,train,True,True,1834.0,-1.0,1835.0
12932,mmrf_2580,train,True,True,2002.0,-1.0,2003.0
12933,mmrf_2580,train,True,True,2143.0,-1.0,2144.0
12934,mmrf_2580,train,True,True,2337.0,-1.0,2338.0
12935,mmrf_2580,train,True,True,2534.0,-1.0,2535.0
12936,mmrf_2580,train,True,True,2716.0,-1.0,2717.0
12937,mmrf_2583,train,True,True,85.0,-2.0,87.0
12964,mmrf_2587,train,True,True,265.0,-15.0,280.0
12965,mmrf_2587,train,True,True,356.0,-15.0,371.0
12966,mmrf_2587,train,True,True,449.0,-15.0,464.0
12967,mmrf_2587,train,True,True,533.0,-15.0,548.0
12968,mmrf_2587,train,True,True,730.0,-15.0,745.0
12969,mmrf_2587,train,True,True,814.0,-15.0,829.0
12976,mmrf_2590,val,True,True,64.0,-26.0,90.0
12977,mmrf_2590,val,True,True,169.0,-26.0,195.0
12978,mmrf_2590,val,True,True,253.0,-26.0,279.0
12979,mmrf_2590,val,True,True,344.0,-26.0,370.0
12980,mmrf_2590,val,True,True,413.0,-26.0,439.0
12981,mmrf_2590,val,True,True,527.0,-26.0,553.0
12982,mmrf_2590,val,True,True,616.0,-26.0,642.0
12983,mmrf_2590,val,True,True,742.0,-26.0,768.0
12984,mmrf_2590,val,True,True,806.0,-26.0,832.0
12985,mmrf_2590,val,True,True,889.0,-26.0,915.0
12986,mmrf_2590,val,True,True,952.0,-26.0,978.0
12987,mmrf_2590,val,True,True,1079.0,-26.0,1105.0
13026,mmrf_2595,val,True,True,92.0,-14.0,106.0
13027,mmrf_2595,val,True,True,288.0,-14.0,302.0
13028,mmrf_2595,val,True,True,380.0,-14.0,394.0
13029,mmrf_2595,val,True,True,451.0,-14.0,465.0
13030,mmrf_2595,val,True,True,556.0,-14.0,570.0
13031,mmrf_2595,val,True,True,641.0,-14.0,655.0
13032,mmrf_2595,val,True,True,725.0,-14.0,739.0
13033,mmrf_2595,val,True,True,801.0,-14.0,815.0
13034,mmrf_2595,val,True,True,899.0,-14.0,913.0
13035,mmrf_2595,val,True,True,997.0,-14.0,1011.0
13036,mmrf_2595,val,True,True,1079.0,-14.0,1093.0
13037,mmrf_2596,train,True,True,84.0,-20.0,104.0
13038,mmrf_2597,train,True,True,372.0,-1.0,373.0
13039,mmrf_2597,train,True,True,547.0,-1.0,548.0
13040,mmrf_2597,train,True,True,645.0,-1.0,646.0
13041,mmrf_2597,train,True,True,735.0,-1.0,736.0
13042,mmrf_2597,train,True,True,848.0,-1.0,849.0
13043,mmrf_2597,train,True,True,988.0,-1.0,989.0
13044,mmrf_2597,train,True,True,1086.0,-1.0,1087.0
13045,mmrf_2597,train,True,True,1221.0,-1.0,1222.0
13046,mmrf_2597,train,True,True,1345.0,-1.0,1346.0
13047,mmrf_2597,train,False,True,1477.0,-1.0,1478.0
13048,mmrf_2597,train,True,True,1599.0,-1.0,1600.0
13049,mmrf_2597,train,True,True,1721.0,-1.0,1722.0
13050,mmrf_2597,train,True,True,1843.0,-1.0,1844.0
13051,mmrf_2597,train,True,True,1970.0,-1.0,1971.0
13052,mmrf_2597,train,True,True,2096.0,-1.0,2097.0
13053,mmrf_2597,train,True,True,2318.0,-1.0,2319.0
13054,mmrf_2598,train,True,True,100.0,0.0,100.0
13055,mmrf_2598,train,True,True,191.0,0.0,191.0
13056,mmrf_2598,train,True,True,276.0,0.0,276.0
13057,mmrf_2598,train,True,True,366.0,0.0,366.0
13058,mmrf_2598,train,True,True,459.0,0.0,459.0
13059,mmrf_2598,train,True,True,550.0,0.0,550.0
13060,mmrf_2598,train,True,True,638.0,0.0,638.0
13061,mmrf_2599,train,True,True,92.0,-6.0,98.0
13062,mmrf_2599,train,True,True,190.0,-6.0,196.0
13063,mmrf_2599,train,True,True,281.0,-6.0,287.0
13064,mmrf_2599,train,True,True,372.0,-6.0,378.0
13065,mmrf_2599,train,True,True,457.0,-6.0,463.0
13066,mmrf_2599,train,True,True,541.0,-6.0,547.0
13067,mmrf_2599,train,True,True,625.0,-6.0,631.0
13068,mmrf_2599,train,True,True,737.0,-6.0,743.0
13069,mmrf_2599,train,True,True,814.0,-6.0,820.0
13070,mmrf_2599,train,True,True,912.0,-6.0,918.0
13071,mmrf_2599,train,True,True,997.0,-6.0,1003.0
13072,mmrf_2599,train,True,True,1081.0,-6.0,1087.0
13073,mmrf_2599,train,True,True,1193.0,-6.0,1199.0
13074,mmrf_2599,train,True,True,1304.0,-6.0,1310.0
13075,mmrf_2599,train,True,True,1360.0,-6.0,1366.0
13076,mmrf_2599,train,True,True,1444.0,-6.0,1450.0
13077,mmrf_2599,train,True,True,1528.0,-6.0,1534.0
13078,mmrf_2599,train,False,True,1608.0,-6.0,1614.0
13079,mmrf_2599,train,False,True,1724.0,-6.0,1730.0
13080,mmrf_2599,train,False,True,1816.0,-6.0,1822.0
13081,mmrf_2599,train,False,True,1997.0,-6.0,2003.0
13082,mmrf_2599,train,False,True,2186.0,-6.0,2192.0
13083,mmrf_2599,train,False,True,2371.0,-6.0,2377.0
13084,mmrf_2599,train,False,True,2551.0,-6.0,2557.0
13085,mmrf_2599,train,False,True,2719.0,-6.0,2725.0
13086,mmrf_2601,train,True,True,170.0,-3.0,173.0
13087,mmrf_2601,train,True,True,282.0,-3.0,285.0
13088,mmrf_2601,train,True,True,366.0,-3.0,369.0
13089,mmrf_2601,train,True,True,470.0,-3.0,473.0
13090,mmrf_2601,train,True,True,554.0,-3.0,557.0
13091,mmrf_2601,train,True,True,575.0,-3.0,578.0
13092,mmrf_2601,train,True,True,638.0,-3.0,641.0
13093,mmrf_2601,train,True,True,715.0,-3.0,718.0
13094,mmrf_2601,train,True,True,813.0,-3.0,816.0
13095,mmrf_2601,train,True,True,897.0,-3.0,900.0
13096,mmrf_2601,train,True,True,1002.0,-3.0,1005.0
13097,mmrf_2601,train,True,True,1163.0,-3.0,1166.0
13098,mmrf_2601,train,True,True,1261.0,-3.0,1264.0
13099,mmrf_2601,train,True,True,1380.0,-3.0,1383.0
13100,mmrf_2601,train,True,True,1464.0,-3.0,1467.0
13101,mmrf_2601,train,True,True,1555.0,-3.0,1558.0
13102,mmrf_2601,train,True,True,1647.0,-3.0,1650.0
13103,mmrf_2601,train,True,True,1821.0,-3.0,1824.0
13104,mmrf_2601,train,True,True,2052.0,-3.0,2055.0
13105,mmrf_2601,train,True,True,2220.0,-3.0,2223.0
13106,mmrf_2601,train,True,True,2402.0,-3.0,2405.0
13107,mmrf_2601,train,True,True,2500.0,-3.0,2503.0
13108,mmrf_2601,train,True,True,2752.0,-3.0,2755.0
13109,mmrf_2604,train,True,True,131.0,0.0,131.0
13110,mmrf_2605,test,True,True,95.0,-8.0,103.0
13111,mmrf_2605,test,True,True,194.0,-8.0,202.0
13112,mmrf_2605,test,True,True,334.0,-8.0,342.0
13113,mmrf_2605,test,True,True,425.0,-8.0,433.0
13114,mmrf_2605,test,True,True,523.0,-8.0,531.0
13115,mmrf_2605,test,True,True,604.0,-8.0,612.0
13116,mmrf_2605,test,True,True,713.0,-8.0,721.0
13117,mmrf_2605,test,True,True,799.0,-8.0,807.0
13118,mmrf_2605,test,True,True,897.0,-8.0,905.0
13119,mmrf_2605,test,True,True,1016.0,-8.0,1024.0
13120,mmrf_2605,test,True,True,1071.0,-8.0,1079.0
13121,mmrf_2606,train,True,True,80.0,-5.0,85.0
13122,mmrf_2606,train,True,True,184.0,-5.0,189.0
13123,mmrf_2606,train,True,True,269.0,-5.0,274.0
13124,mmrf_2606,train,True,True,353.0,-5.0,358.0
13125,mmrf_2606,train,True,True,458.0,-5.0,463.0
13126,mmrf_2606,train,True,True,549.0,-5.0,554.0
13127,mmrf_2606,train,True,True,617.0,-5.0,622.0
13128,mmrf_2606,train,True,True,718.0,-5.0,723.0
13129,mmrf_2606,train,False,True,822.0,-5.0,827.0
13130,mmrf_2606,train,True,True,905.0,-5.0,910.0
13131,mmrf_2606,train,True,True,962.0,-5.0,967.0
13132,mmrf_2606,train,True,True,1074.0,-5.0,1079.0
13133,mmrf_2606,train,True,True,1182.0,-5.0,1187.0
13134,mmrf_2606,train,False,True,1270.0,-5.0,1275.0
13135,mmrf_2606,train,False,True,1382.0,-5.0,1387.0
13136,mmrf_2606,train,False,True,1438.0,-5.0,1443.0
13137,mmrf_2606,train,True,True,1522.0,-5.0,1527.0
13138,mmrf_2606,train,True,True,1641.0,-5.0,1646.0
13139,mmrf_2606,train,True,True,1747.0,-5.0,1752.0
13140,mmrf_2606,train,True,True,1823.0,-5.0,1828.0
13141,mmrf_2606,train,True,True,1970.0,-5.0,1975.0
13142,mmrf_2606,train,True,True,2187.0,-5.0,2192.0
13143,mmrf_2606,train,True,True,2355.0,-5.0,2360.0
13144,mmrf_2606,train,True,True,2544.0,-5.0,2549.0
13145,mmrf_2606,train,True,True,2754.0,-5.0,2759.0
13146,mmrf_2608,train,True,True,103.0,0.0,103.0
13147,mmrf_2608,train,True,True,335.0,0.0,335.0
13148,mmrf_2608,train,True,True,433.0,0.0,433.0
13149,mmrf_2608,train,True,True,608.0,0.0,608.0
13150,mmrf_2608,train,True,True,697.0,0.0,697.0
13151,mmrf_2608,train,True,True,788.0,0.0,788.0
13152,mmrf_2608,train,True,True,867.0,0.0,867.0
13153,mmrf_2608,train,True,True,986.0,0.0,986.0
13154,mmrf_2608,train,True,True,1093.0,0.0,1093.0
13155,mmrf_2608,train,True,True,1154.0,0.0,1154.0
13156,mmrf_2608,train,True,True,1334.0,0.0,1334.0
13157,mmrf_2608,train,True,True,1390.0,0.0,1390.0
13158,mmrf_2608,train,True,True,1455.0,0.0,1455.0
13159,mmrf_2608,train,True,True,1587.0,0.0,1587.0
13160,mmrf_2608,train,True,True,1807.0,0.0,1807.0
13161,mmrf_2608,train,True,True,2013.0,0.0,2013.0
13162,mmrf_2608,train,True,True,2162.0,0.0,2162.0
13163,mmrf_2608,train,True,True,2379.0,0.0,2379.0
13166,mmrf_2611,test,True,True,92.0,-8.0,100.0
13167,mmrf_2611,test,True,True,169.0,-8.0,177.0
13168,mmrf_2611,test,True,True,247.0,-8.0,255.0
13169,mmrf_2611,test,True,True,358.0,-8.0,366.0
13170,mmrf_2611,test,True,True,435.0,-8.0,443.0
13171,mmrf_2611,test,True,True,522.0,-8.0,530.0
13172,mmrf_2611,test,True,True,631.0,-8.0,639.0
13173,mmrf_2611,test,True,True,718.0,-8.0,726.0
13174,mmrf_2611,test,True,True,802.0,-8.0,810.0
13175,mmrf_2611,test,True,True,886.0,-8.0,894.0
13176,mmrf_2611,test,True,True,970.0,-8.0,978.0
13177,mmrf_2611,test,True,True,1054.0,-8.0,1062.0
13178,mmrf_2611,test,True,True,1138.0,-8.0,1146.0
13179,mmrf_2611,test,True,True,1222.0,-8.0,1230.0
13180,mmrf_2611,test,True,True,1390.0,-8.0,1398.0
13181,mmrf_2611,test,True,True,1481.0,-8.0,1489.0
13182,mmrf_2611,test,True,True,1541.0,-8.0,1549.0
13183,mmrf_2611,test,True,True,1638.0,-8.0,1646.0
13184,mmrf_2611,test,True,True,1767.0,-8.0,1775.0
13185,mmrf_2611,test,True,True,2019.0,-8.0,2027.0
13186,mmrf_2611,test,True,True,2195.0,-8.0,2203.0
13187,mmrf_2611,test,True,True,2363.0,-8.0,2371.0
13188,mmrf_2611,test,True,True,2538.0,-8.0,2546.0
13189,mmrf_2611,test,True,True,2713.0,-8.0,2721.0
13190,mmrf_2613,train,True,True,74.0,-6.0,80.0
13191,mmrf_2613,train,True,True,169.0,-6.0,175.0
13192,mmrf_2613,train,True,True,253.0,-6.0,259.0
13193,mmrf_2613,train,True,True,344.0,-6.0,350.0
13194,mmrf_2613,train,True,True,456.0,356.0,100.0
13195,mmrf_2614,val,True,True,69.0,0.0,69.0
13196,mmrf_2614,val,True,True,160.0,0.0,160.0
13197,mmrf_2614,val,True,True,290.0,0.0,290.0
13198,mmrf_2614,val,True,True,510.0,0.0,510.0
13199,mmrf_2614,val,True,True,563.0,0.0,563.0
13200,mmrf_2614,val,True,True,672.0,0.0,672.0
13201,mmrf_2614,val,True,True,687.0,0.0,687.0
13202,mmrf_2614,val,True,True,741.0,0.0,741.0
13203,mmrf_2614,val,True,True,881.0,0.0,881.0
13204,mmrf_2614,val,False,True,1051.0,0.0,1051.0
13205,mmrf_2614,val,True,True,1241.0,0.0,1241.0
13206,mmrf_2614,val,True,True,1252.0,0.0,1252.0
13207,mmrf_2614,val,True,True,1371.0,0.0,1371.0
13208,mmrf_2614,val,True,True,1469.0,0.0,1469.0
13209,mmrf_2614,val,True,True,1483.0,0.0,1483.0
13210,mmrf_2614,val,True,True,1539.0,0.0,1539.0
13211,mmrf_2614,val,True,True,2143.0,0.0,2143.0
13212,mmrf_2614,val,True,True,2542.0,0.0,2542.0
13213,mmrf_2614,val,True,True,2586.0,0.0,2586.0
13214,mmrf_2614,val,True,True,2740.0,0.0,2740.0
13238,mmrf_2621,val,True,True,63.0,-2.0,65.0
13239,mmrf_2622,test,True,True,92.0,-8.0,100.0
13240,mmrf_2622,test,True,True,183.0,-8.0,191.0
13241,mmrf_2622,test,True,True,260.0,-8.0,268.0
13242,mmrf_2622,test,True,True,337.0,-8.0,345.0
13243,mmrf_2622,test,True,True,445.0,-8.0,453.0
13244,mmrf_2622,test,True,True,535.0,-8.0,543.0
13245,mmrf_2622,test,True,True,623.0,-8.0,631.0
13246,mmrf_2622,test,True,True,709.0,-8.0,717.0
13247,mmrf_2622,test,True,True,786.0,-8.0,794.0
13248,mmrf_2622,test,True,True,869.0,-8.0,877.0
13249,mmrf_2622,test,True,True,983.0,-8.0,991.0
13250,mmrf_2622,test,True,True,1067.0,-8.0,1075.0
13251,mmrf_2622,test,True,True,1171.0,-8.0,1179.0
13252,mmrf_2622,test,True,True,1284.0,-8.0,1292.0
13253,mmrf_2622,test,True,True,1382.0,-8.0,1390.0
13254,mmrf_2622,test,True,True,1655.0,-8.0,1663.0
13255,mmrf_2622,test,True,True,1711.0,-8.0,1719.0
13256,mmrf_2622,test,True,True,2186.0,-8.0,2194.0
13257,mmrf_2622,test,True,True,2381.0,-8.0,2389.0
13258,mmrf_2622,test,True,True,2563.0,-8.0,2571.0
13259,mmrf_2622,test,True,True,2717.0,-8.0,2725.0
13261,mmrf_2626,train,True,True,29.0,-8.0,37.0
13262,mmrf_2628,test,True,True,57.0,-7.0,64.0
13263,mmrf_2630,train,True,True,57.0,-5.0,62.0
13264,mmrf_2630,train,True,True,164.0,-5.0,169.0
13265,mmrf_2631,train,True,True,57.0,0.0,57.0
13266,mmrf_2631,train,True,True,267.0,0.0,267.0
13267,mmrf_2634,train,True,True,82.0,-3.0,85.0
13268,mmrf_2635,train,True,True,30.0,-7.0,37.0
13269,mmrf_2636,train,True,True,112.0,-4.0,116.0
13270,mmrf_2636,train,False,True,371.0,-4.0,375.0
13271,mmrf_2637,train,True,True,56.0,0.0,56.0
13272,mmrf_2637,train,False,True,308.0,0.0,308.0
13273,mmrf_2638,train,True,True,57.0,-7.0,64.0
13274,mmrf_2639,val,True,True,57.0,-2.0,59.0
13276,mmrf_2641,train,True,True,57.0,-4.0,61.0
13277,mmrf_2642,train,True,True,125.0,0.0,125.0
13278,mmrf_2642,train,True,True,196.0,0.0,196.0
13279,mmrf_2642,train,False,True,253.0,0.0,253.0
13280,mmrf_2643,train,True,True,86.0,-1.0,87.0
13281,mmrf_2643,train,True,True,366.0,-1.0,367.0
13282,mmrf_2644,train,True,True,29.0,-1.0,30.0
13283,mmrf_2644,train,False,True,315.0,-1.0,316.0
13288,mmrf_2651,train,True,True,119.0,-1.0,120.0
13289,mmrf_2652,train,True,True,29.0,-1.0,30.0
13290,mmrf_2652,train,False,True,283.0,-1.0,284.0
13297,mmrf_2667,train,True,True,57.0,7.0,50.0
13299,mmrf_2670,train,True,True,85.0,5.0,80.0
13300,mmrf_2670,train,False,True,190.0,5.0,185.0
13304,mmrf_2676,train,True,True,29.0,-12.0,41.0
13305,mmrf_2676,train,True,True,388.0,-12.0,400.0
13306,mmrf_2676,train,False,True,932.0,-12.0,944.0
13307,mmrf_2677,train,True,True,34.0,-7.0,41.0
13308,mmrf_2677,train,True,True,170.0,-7.0,177.0
13309,mmrf_2677,train,True,True,338.0,-7.0,345.0
13310,mmrf_2678,train,True,True,30.0,-3.0,33.0
13313,mmrf_2680,train,True,True,100.0,-6.0,106.0
13314,mmrf_2681,train,True,True,28.0,1.0,27.0
13315,mmrf_2681,train,False,True,344.0,1.0,343.0
13316,mmrf_2681,train,True,True,516.0,1.0,515.0
13317,mmrf_2682,test,True,True,61.0,-1.0,62.0
13318,mmrf_2682,test,False,True,295.0,-1.0,296.0
13325,mmrf_2689,val,True,True,65.0,-9.0,74.0
13326,mmrf_2689,val,False,True,170.0,-9.0,179.0
13327,mmrf_2690,train,True,True,29.0,-1.0,30.0
13328,mmrf_2690,train,True,True,168.0,-1.0,169.0
13329,mmrf_2695,val,True,True,82.0,0.0,82.0
13330,mmrf_2696,train,True,True,85.0,-6.0,91.0
13331,mmrf_2697,train,True,True,36.0,-6.0,42.0
13332,mmrf_2698,val,True,True,84.0,0.0,84.0
13333,mmrf_2698,val,False,True,224.0,0.0,224.0
13334,mmrf_2699,val,True,True,57.0,-2.0,59.0
13335,mmrf_2699,val,True,True,265.0,-2.0,267.0
13336,mmrf_2699,val,True,True,426.0,-2.0,428.0
13337,mmrf_2700,val,True,True,84.0,-14.0,98.0
13339,mmrf_2702,train,True,True,85.0,0.0,85.0
13340,mmrf_2702,train,False,True,152.0,0.0,152.0
13345,mmrf_2705,test,True,True,37.0,-1.0,38.0
13346,mmrf_2705,test,True,True,408.0,-1.0,409.0
13347,mmrf_2709,train,True,True,57.0,0.0,57.0
13348,mmrf_2711,train,True,True,86.0,-19.0,105.0
13352,mmrf_2716,val,True,True,28.0,5.0,23.0
13353,mmrf_2716,val,True,True,153.0,5.0,148.0
13354,mmrf_2717,test,True,True,32.0,6.0,26.0
13355,mmrf_2718,val,True,True,29.0,-6.0,35.0
13356,mmrf_2719,val,True,True,57.0,-14.0,71.0
13357,mmrf_2720,train,True,True,119.0,0.0,119.0
13358,mmrf_2721,train,True,True,57.0,-6.0,63.0
13359,mmrf_2721,train,True,True,365.0,-6.0,371.0
13360,mmrf_2722,train,True,True,29.0,-1.0,30.0
13361,mmrf_2723,train,True,True,85.0,-1.0,86.0
13362,mmrf_2727,train,True,True,127.0,1.0,126.0
13363,mmrf_2728,train,True,True,28.0,-1.0,29.0
13364,mmrf_2729,test,True,True,85.0,-13.0,98.0
13365,mmrf_2731,train,True,True,120.0,-8.0,128.0
13366,mmrf_2734,train,True,True,57.0,-2.0,59.0
13368,mmrf_2740,val,True,True,29.0,-8.0,37.0
13369,mmrf_2742,train,False,True,120.0,8.0,112.0
13370,mmrf_2746,train,False,True,92.0,-7.0,99.0
13371,mmrf_2749,val,True,True,60.0,-10.0,70.0
13372,mmrf_2749,val,False,True,255.0,-10.0,265.0
13373,mmrf_2750,train,True,True,29.0,-1.0,30.0
13374,mmrf_2750,train,True,True,183.0,-1.0,184.0
13378,mmrf_2757,train,True,True,57.0,-9.0,66.0
13379,mmrf_2757,train,False,True,275.0,-9.0,284.0
13381,mmrf_2760,val,True,True,29.0,-14.0,43.0
13382,mmrf_2762,train,True,True,85.0,0.0,85.0
13383,mmrf_2762,train,False,True,386.0,0.0,386.0
13384,mmrf_2763,test,True,True,88.0,-1.0,89.0
13385,mmrf_2764,train,True,True,92.0,-9.0,101.0
13386,mmrf_2764,train,True,True,436.0,-9.0,445.0
13387,mmrf_2767,train,True,True,85.0,5.0,80.0
13389,mmrf_2769,train,True,True,29.0,-6.0,35.0
13390,mmrf_2770,train,True,True,29.0,-14.0,43.0
13391,mmrf_2772,train,True,True,57.0,-6.0,63.0
13392,mmrf_2772,train,True,True,186.0,-6.0,192.0
13393,mmrf_2774,test,True,True,85.0,-20.0,105.0
13395,mmrf_2776,train,True,True,29.0,0.0,29.0
13396,mmrf_2776,train,True,True,271.0,0.0,271.0
13397,mmrf_2779,train,True,True,71.0,-2.0,73.0
13398,mmrf_2779,train,True,True,218.0,-2.0,220.0
13399,mmrf_2782,train,True,True,34.0,-6.0,40.0
13400,mmrf_2787,train,True,True,30.0,-6.0,36.0
13401,mmrf_2788,val,True,True,58.0,0.0,58.0
13402,mmrf_2789,train,True,True,57.0,0.0,57.0
13404,mmrf_2793,train,True,True,134.0,0.0,134.0
13405,mmrf_2793,train,True,True,399.0,0.0,399.0
13406,mmrf_2793,train,False,True,453.0,0.0,453.0
13407,mmrf_2794,val,True,True,59.0,0.0,59.0
13408,mmrf_2794,val,False,True,157.0,0.0,157.0
13409,mmrf_2795,train,False,True,118.0,0.0,118.0
13412,mmrf_2801,train,True,True,84.0,0.0,84.0
13413,mmrf_2801,train,True,True,363.0,0.0,363.0
13417,mmrf_2807,train,True,True,86.0,-2.0,88.0
13418,mmrf_2808,train,True,True,86.0,-4.0,90.0
13421,mmrf_2813,train,True,True,30.0,0.0,30.0
13422,mmrf_2813,train,True,True,265.0,0.0,265.0
13423,mmrf_2814,train,True,True,61.0,-6.0,67.0
13424,mmrf_2815,test,True,True,99.0,-7.0,106.0
13425,mmrf_2816,train,True,True,88.0,-12.0,100.0
13426,mmrf_2817,train,True,True,58.0,-13.0,71.0
13427,mmrf_2818,train,True,True,57.0,-6.0,63.0
13429,mmrf_2820,val,True,True,63.0,0.0,63.0
13430,mmrf_2820,val,True,True,197.0,0.0,197.0
13432,mmrf_2822,test,True,True,151.0,0.0,151.0
13433,mmrf_2826,train,True,True,28.0,-7.0,35.0
13434,mmrf_2827,train,True,True,84.0,-8.0,92.0
13435,mmrf_2828,val,True,True,36.0,-5.0,41.0
13436,mmrf_2828,val,True,True,225.0,-5.0,230.0
13437,mmrf_2829,train,True,True,54.0,0.0,54.0
13438,mmrf_2830,val,True,True,50.0,-2.0,52.0
13439,mmrf_2831,train,True,True,155.0,-55.0,210.0
13440,mmrf_2832,train,True,True,119.0,-4.0,123.0
13441,mmrf_2834,val,True,True,115.0,-13.0,128.0
13443,mmrf_2836,test,True,True,31.0,-1.0,32.0
13444,mmrf_2836,test,True,True,344.0,-1.0,345.0
13446,mmrf_2843,test,True,True,112.0,-8.0,120.0
13447,mmrf_2847,train,True,True,115.0,-3.0,118.0
13448,mmrf_2848,train,True,True,92.0,-6.0,98.0
13449,mmrf_2848,train,True,True,435.0,-6.0,441.0
13450,mmrf_2851,train,True,True,30.0,-11.0,41.0
