family,family_role,analysis,analysis_role,pathway,n_pairs,mean_delta,sd_delta,d_z,t_obs,mean_ci_lo,mean_ci_hi,dz_ci_lo,dz_ci_hi,p_signflip,q_bh,p_maxT,significant_q_lt_0.05,suggestive_0.05_le_q_lt_0.10,p_method,n_flips,seed_signflip,seed_bootstrap
ordinal,PRIMARY,primary,primary,Adipogenesis,120,0.019176402,1.4002532,0.013694953,0.1500207,-0.228688,0.27042123,-0.17783137,0.18452984,0.88071193,0.99570043,1,False,False,monte_carlo_add_one,10000,34737,34738
ordinal,PRIMARY,primary,primary,Allograft Rejection,120,-0.06625957,1.2457898,-0.053186797,-0.58263217,-0.28647063,0.16003187,-0.23381165,0.13034629,0.55494451,0.9074899,1,False,False,monte_carlo_add_one,10000,34737,34738
ordinal,PRIMARY,primary,primary,Androgen Response,120,-0.12802575,1.4229744,-0.089970525,-0.98557772,-0.38187832,0.12431403,-0.27010537,0.088175812,0.31726827,0.71297218,1,False,False,monte_carlo_add_one,10000,34737,34738
ordinal,PRIMARY,primary,primary,Angiogenesis,120,-0.1174251,1.272881,-0.09225144,-1.0105639,-0.34146682,0.11681672,-0.28534728,0.087469003,0.31006899,0.71297218,0.99950005,False,False,monte_carlo_add_one,10000,34737,34738
ordinal,PRIMARY,primary,primary,Apical Junction,120,-0.040003739,1.3725952,-0.029144602,-0.31926312,-0.28521166,0.2142282,-0.21468996,0.1531778,0.74452555,0.95451993,1,False,False,monte_carlo_add_one,10000,34737,34738
ordinal,PRIMARY,primary,primary,Apical Surface,120,-0.12420643,1.3924642,-0.089199009,-0.97712619,-0.36632534,0.13260072,-0.27548788,0.094268075,0.3279672,0.71297218,1,False,False,monte_carlo_add_one,10000,34737,34738
ordinal,PRIMARY,primary,primary,Apoptosis,120,-0.052504012,1.2638476,-0.041542992,-0.45508068,-0.27371141,0.17804241,-0.22784279,0.13976829,0.64363564,0.91947948,1,False,False,monte_carlo_add_one,10000,34737,34738
ordinal,PRIMARY,primary,primary,Bile Acid Metabolism,120,-0.074829431,1.4114836,-0.053014737,-0.58074734,-0.32441272,0.18244116,-0.24026219,0.12828814,0.56264374,0.9074899,1,False,False,monte_carlo_add_one,10000,34737,34738
ordinal,PRIMARY,primary,primary,Cholesterol Homeostasis,120,-0.12627242,1.3210069,-0.095588012,-1.0471142,-0.36534534,0.10847063,-0.28757044,0.080735357,0.29747025,0.71297218,0.99860014,False,False,monte_carlo_add_one,10000,34737,34738
ordinal,PRIMARY,primary,primary,Coagulation,120,0.0081087351,1.3010865,0.0062322799,0.068271206,-0.21756962,0.24359369,-0.17596496,0.18493151,0.94570543,0.99570043,1,False,False,monte_carlo_add_one,10000,34737,34738
ordinal,PRIMARY,primary,primary,Complement,120,0.017779666,1.3522659,0.013148054,0.14402972,-0.21327511,0.26208397,-0.16372555,0.19478457,0.88591141,0.99570043,1,False,False,monte_carlo_add_one,10000,34737,34738
ordinal,PRIMARY,primary,primary,DNA Repair,120,-0.17265326,1.2889163,-0.13395227,-1.4673736,-0.40319166,0.052337467,-0.31170372,0.042183849,0.139986,0.4896177,0.93430657,False,False,monte_carlo_add_one,10000,34737,34738
ordinal,PRIMARY,primary,primary,E2F Targets,120,-0.32406899,1.2800788,-0.25316331,-2.7732651,-0.54647952,-0.09532029,-0.43141636,-0.078117251,0.0062993701,0.1049895,0.14578542,False,False,monte_carlo_add_one,10000,34737,34738
ordinal,PRIMARY,primary,primary,Epithelial Mesenchymal Transition,120,-0.074338959,1.2654853,-0.058743439,-0.64350213,-0.29580913,0.15719219,-0.25344557,0.11678265,0.51684832,0.89111778,1,False,False,monte_carlo_add_one,10000,34737,34738
ordinal,PRIMARY,primary,primary,Estrogen Response Early,120,-0.11994766,1.3169062,-0.09108292,-0.99776339,-0.35678527,0.1226926,-0.28530561,0.090364241,0.31916808,0.71297218,0.99970003,False,False,monte_carlo_add_one,10000,34737,34738
ordinal,PRIMARY,primary,primary,Estrogen Response Late,120,-0.18184243,1.3848604,-0.13130741,-1.4384006,-0.42729796,0.073787525,-0.32987791,0.051600121,0.15718428,0.49120088,0.94450555,False,False,monte_carlo_add_one,10000,34737,34738
ordinal,PRIMARY,primary,primary,Fatty Acid Metabolism,120,-0.053646911,1.2328252,-0.043515423,-0.47668757,-0.27330261,0.16537399,-0.23258882,0.13302006,0.63543646,0.91947948,1,False,False,monte_carlo_add_one,10000,34737,34738
ordinal,PRIMARY,primary,primary,G2-M Checkpoint,120,-0.34165903,1.302559,-0.26229832,-2.8733341,-0.57134136,-0.10890203,-0.43699428,-0.087092181,0.00419958,0.1049895,0.11438856,False,False,monte_carlo_add_one,10000,34737,34738
ordinal,PRIMARY,primary,primary,Glycolysis,120,-0.26757753,1.4918462,-0.17935999,-1.9647902,-0.53554082,0.0030302393,-0.37245675,0.0019952028,0.050794921,0.3249675,0.62883712,False,False,monte_carlo_add_one,10000,34737,34738
ordinal,PRIMARY,primary,primary,Hedgehog Signaling,120,-0.21332911,1.4246824,-0.14973801,-1.6402977,-0.47035371,0.041987821,-0.33716978,0.029549034,0.10188981,0.40918985,0.85561444,False,False,monte_carlo_add_one,10000,34737,34738
ordinal,PRIMARY,primary,primary,Hypoxia,120,-0.075286664,1.2712107,-0.059224381,-0.64877058,-0.2938009,0.15330331,-0.2443651,0.11750066,0.51134887,0.89111778,1,False,False,monte_carlo_add_one,10000,34737,34738
ordinal,PRIMARY,primary,primary,IL-2/STAT5 Signaling,120,-0.080662566,1.2915608,-0.062453557,-0.68414444,-0.31040634,0.15510216,-0.25023538,0.11811095,0.49465053,0.89111778,1,False,False,monte_carlo_add_one,10000,34737,34738
ordinal,PRIMARY,primary,primary,IL-6/JAK/STAT3 Signaling,120,-0.015252365,1.2478882,-0.012222541,-0.13389123,-0.23427745,0.21073742,-0.18730426,0.17399179,0.89021098,0.99570043,1,False,False,monte_carlo_add_one,10000,34737,34738
ordinal,PRIMARY,primary,primary,Inflammatory Response,120,0.0048982177,1.2905392,0.0037954816,0.041577417,-0.21728698,0.24008687,-0.17384242,0.18880052,0.96660334,0.99570043,1,False,False,monte_carlo_add_one,10000,34737,34738
ordinal,PRIMARY,primary,primary,Interferon Alpha Response,120,-0.035194112,1.2882313,-0.027319715,-0.29927248,-0.26427645,0.19337326,-0.21451347,0.14865932,0.76422358,0.95527947,1,False,False,monte_carlo_add_one,10000,34737,34738
ordinal,PRIMARY,primary,primary,Interferon Gamma Response,120,-0.040785341,1.3180474,-0.030943758,-0.33897189,-0.27349949,0.19496492,-0.2143523,0.14755554,0.73362664,0.95451993,1,False,False,monte_carlo_add_one,10000,34737,34738
ordinal,PRIMARY,primary,primary,KRAS Signaling Dn,120,-0.20558477,1.2118169,-0.16965002,-1.8584229,-0.42320013,0.013663776,-0.36019959,0.010852248,0.069093091,0.3838505,0.71392861,False,False,monte_carlo_add_one,10000,34737,34738
ordinal,PRIMARY,primary,primary,KRAS Signaling Up,120,-0.093754289,1.3012811,-0.072047684,-0.78924283,-0.31852079,0.1435787,-0.25480817,0.10913467,0.42785721,0.85571443,1,False,False,monte_carlo_add_one,10000,34737,34738
ordinal,PRIMARY,primary,primary,Mitotic Spindle,120,-0.2124654,1.3925596,-0.15257186,-1.671341,-0.45812628,0.03761276,-0.33009959,0.027916766,0.099590041,0.40918985,0.83841616,False,False,monte_carlo_add_one,10000,34737,34738
ordinal,PRIMARY,primary,primary,Myc Targets V1,120,-0.23836952,1.2406142,-0.19213831,-2.1047697,-0.45942227,-0.018689311,-0.37163782,-0.015684855,0.03629637,0.3249675,0.52374763,False,False,monte_carlo_add_one,10000,34737,34738
ordinal,PRIMARY,primary,primary,Myc Targets V2,120,-0.24923667,1.2240936,-0.20360917,-2.2304267,-0.4659072,-0.03306707,-0.38625849,-0.027071716,0.02809719,0.3249675,0.429957,False,False,monte_carlo_add_one,10000,34737,34738
ordinal,PRIMARY,primary,primary,Myogenesis,120,-0.12459969,1.2774647,-0.0975367,-1.068461,-0.34663762,0.10870876,-0.2923075,0.081326156,0.28267173,0.71297218,0.99810019,False,False,monte_carlo_add_one,10000,34737,34738
ordinal,PRIMARY,primary,primary,Notch Signaling,120,0.091545461,1.3859,0.066054883,0.72359499,-0.15569012,0.34328473,-0.11531605,0.24920913,0.47015298,0.89111778,1,False,False,monte_carlo_add_one,10000,34737,34738
ordinal,PRIMARY,primary,primary,Oxidative Phosphorylation,120,-0.16485723,1.2529679,-0.13157339,-1.4413142,-0.38970586,0.060129811,-0.32194599,0.047174817,0.14688531,0.4896177,0.94340566,False,False,monte_carlo_add_one,10000,34737,34738
ordinal,PRIMARY,primary,primary,PI3K/AKT/mTOR  Signaling,120,-0.27326957,1.5240713,-0.17930235,-1.9641588,-0.54217984,0.005825872,-0.36500184,0.0036089184,0.051994801,0.3249675,0.62953705,False,False,monte_carlo_add_one,10000,34737,34738
ordinal,PRIMARY,primary,primary,Pancreas Beta Cells,120,-0.10926349,1.3413815,-0.081455942,-0.89230514,-0.35046078,0.12903557,-0.26444295,0.097204923,0.37386261,0.77888045,1,False,False,monte_carlo_add_one,10000,34737,34738
ordinal,PRIMARY,primary,primary,Pperoxisome,120,-0.20884285,1.4245079,-0.14660701,-1.6059993,-0.46490687,0.049760072,-0.32142597,0.036359863,0.10638936,0.40918985,0.87441256,False,False,monte_carlo_add_one,10000,34737,34738
ordinal,PRIMARY,primary,primary,Protein Secretion,120,0.048031825,1.3525945,0.035510884,0.38900225,-0.19142087,0.28714909,-0.14037011,0.21979032,0.6990301,0.94463527,1,False,False,monte_carlo_add_one,10000,34737,34738
ordinal,PRIMARY,primary,primary,Reactive Oxygen Species Pathway,120,-0.065317395,1.4560333,-0.044859822,-0.49141473,-0.31507635,0.19650682,-0.22048441,0.1354484,0.62573743,0.91947948,1,False,False,monte_carlo_add_one,10000,34737,34738
ordinal,PRIMARY,primary,primary,Spermatogenesis,120,-0.36626534,1.351632,-0.27098007,-2.9684379,-0.60256484,-0.12213078,-0.46079208,-0.09050497,0.00329967,0.1049895,0.089391061,False,False,monte_carlo_add_one,10000,34737,34738
ordinal,PRIMARY,primary,primary,TGF-beta Signaling,120,0.00069774969,1.3203438,0.00052846063,0.0057889962,-0.22949333,0.23817209,-0.17616624,0.18284447,0.99570043,0.99570043,1,False,False,monte_carlo_add_one,10000,34737,34738
ordinal,PRIMARY,primary,primary,TNF-alpha Signaling via NF-kB,120,0.01355312,1.2563125,0.010788017,0.1181768,-0.2104821,0.23527845,-0.16683566,0.19208317,0.90550945,0.99570043,1,False,False,monte_carlo_add_one,10000,34737,34738
ordinal,PRIMARY,primary,primary,UV Response Dn,120,-0.0026132552,1.4040938,-0.0018611686,-0.02038808,-0.25138733,0.25147219,-0.18563591,0.17418151,0.98180182,0.99570043,1,False,False,monte_carlo_add_one,10000,34737,34738
ordinal,PRIMARY,primary,primary,UV Response Up,120,-0.23932148,1.2721689,-0.18812084,-2.0607605,-0.46354994,-0.011474518,-0.37483803,-0.0088601561,0.04089591,0.3249675,0.55724428,False,False,monte_carlo_add_one,10000,34737,34738
ordinal,PRIMARY,primary,primary,Unfolded Protein Response,120,-0.046940047,1.3373149,-0.03510022,-0.38450364,-0.28763902,0.19050383,-0.21534068,0.14649447,0.69383062,0.94463527,1,False,False,monte_carlo_add_one,10000,34737,34738
ordinal,PRIMARY,primary,primary,Wnt-beta Catenin Signaling,120,-0.0076698105,1.1737888,-0.0065342339,-0.071578946,-0.21697007,0.1984694,-0.18005732,0.1800586,0.94190581,0.99570043,1,False,False,monte_carlo_add_one,10000,34737,34738
ordinal,PRIMARY,primary,primary,Xenobiotic Metabolism,120,-0.0080221255,1.276826,-0.0062828649,-0.068825337,-0.23206395,0.22623084,-0.1964329,0.17053835,0.94530547,0.99570043,1,False,False,monte_carlo_add_one,10000,34737,34738
ordinal,PRIMARY,primary,primary,heme Metabolism,120,0.12604232,1.4004189,0.090003293,0.98593668,-0.12249705,0.37779678,-0.08916759,0.27134773,0.32676732,0.71297218,1,False,False,monte_carlo_add_one,10000,34737,34738
ordinal,PRIMARY,primary,primary,mTORC1 Signaling,120,-0.211914,1.4309122,-0.14809713,-1.6223228,-0.46481866,0.04798927,-0.33075932,0.032582914,0.10578942,0.40918985,0.86551345,False,False,monte_carlo_add_one,10000,34737,34738
ordinal,PRIMARY,primary,primary,p53 Pathway,120,-0.0584849,1.2452983,-0.046964572,-0.51447111,-0.2773334,0.16592788,-0.23002585,0.13174349,0.59934007,0.91947948,1,False,False,monte_carlo_add_one,10000,34737,34738
ordinal,PRIMARY,S1_p50,sensitivity,Adipogenesis,88,-0.013482063,1.4282613,-0.0094394936,-0.088550299,-0.30343021,0.29298732,-0.23573559,0.19471055,0.93310669,0.93310669,1,False,False,monte_carlo_add_one,10000,92877,92878
ordinal,PRIMARY,S1_p50,sensitivity,Allograft Rejection,88,-0.063231024,1.2748062,-0.049600501,-0.46529395,-0.33347145,0.20297531,-0.26678999,0.16223829,0.6520348,0.7762319,1,False,False,monte_carlo_add_one,10000,92877,92878
ordinal,PRIMARY,S1_p50,sensitivity,Androgen Response,88,-0.23316941,1.3670314,-0.17056624,-1.6000532,-0.5247111,0.048967618,-0.39576279,0.035065772,0.11478852,0.37084527,0.88641136,False,False,monte_carlo_add_one,10000,92877,92878
ordinal,PRIMARY,S1_p50,sensitivity,Angiogenesis,88,-0.17781939,1.2310989,-0.14443957,-1.3549632,-0.4317875,0.084143881,-0.39019377,0.065489297,0.17728227,0.41064075,0.97080292,False,False,monte_carlo_add_one,10000,92877,92878
ordinal,PRIMARY,S1_p50,sensitivity,Apical Junction,88,-0.11738882,1.3351112,-0.087924374,-0.82480374,-0.39345056,0.16404692,-0.32185548,0.11864598,0.41175882,0.62387701,1,False,False,monte_carlo_add_one,10000,92877,92878
ordinal,PRIMARY,S1_p50,sensitivity,Apical Surface,88,-0.16297651,1.3909013,-0.11717331,-1.0991831,-0.44466924,0.129342,-0.34496705,0.090227681,0.2739726,0.50735667,0.99760024,False,False,monte_carlo_add_one,10000,92877,92878
ordinal,PRIMARY,S1_p50,sensitivity,Apoptosis,88,-0.12255258,1.2512255,-0.097946037,-0.91881527,-0.385599,0.14106042,-0.32340714,0.11293839,0.36526347,0.62343766,0.99980002,False,False,monte_carlo_add_one,10000,92877,92878
ordinal,PRIMARY,S1_p50,sensitivity,Bile Acid Metabolism,88,-0.1480024,1.3111022,-0.11288396,-1.0589454,-0.41996115,0.12206241,-0.33057702,0.094019033,0.2989701,0.53387518,0.99840016,False,False,monte_carlo_add_one,10000,92877,92878
ordinal,PRIMARY,S1_p50,sensitivity,Cholesterol Homeostasis,88,-0.22971893,1.2169199,-0.18877079,-1.770827,-0.48039862,0.029151904,-0.41962701,0.024034469,0.078892111,0.32871713,0.78582142,False,False,monte_carlo_add_one,10000,92877,92878
ordinal,PRIMARY,S1_p50,sensitivity,Coagulation,88,-0.037630061,1.2775469,-0.029454935,-0.27631179,-0.30736299,0.22939095,-0.25202062,0.18012882,0.78062194,0.86735771,1,False,False,monte_carlo_add_one,10000,92877,92878
ordinal,PRIMARY,S1_p50,sensitivity,Complement,88,-0.056236101,1.3565476,-0.041455309,-0.38888527,-0.34487213,0.22831439,-0.26328794,0.16947249,0.70372963,0.81829026,1,False,False,monte_carlo_add_one,10000,92877,92878
ordinal,PRIMARY,S1_p50,sensitivity,DNA Repair,88,-0.27793374,1.2428679,-0.22362292,-2.0977689,-0.53965766,-0.023977299,-0.43870413,-0.020360636,0.03919608,0.2549745,0.54634537,False,False,monte_carlo_add_one,10000,92877,92878
ordinal,PRIMARY,S1_p50,sensitivity,E2F Targets,88,-0.36931415,1.2239521,-0.30173907,-2.8305634,-0.62236788,-0.12306421,-0.51987107,-0.1001224,0.0062993701,0.1049895,0.13408659,False,False,monte_carlo_add_one,10000,92877,92878
ordinal,PRIMARY,S1_p50,sensitivity,Epithelial Mesenchymal Transition,88,-0.1182486,1.2322026,-0.095965227,-0.90023363,-0.37280098,0.14405301,-0.34380501,0.10952603,0.37406259,0.62343766,0.99990001,False,False,monte_carlo_add_one,10000,92877,92878
ordinal,PRIMARY,S1_p50,sensitivity,Estrogen Response Early,88,-0.19079618,1.2813407,-0.14890356,-1.3968392,-0.46058453,0.075762382,-0.39887713,0.056168891,0.16708329,0.41064075,0.96150385,False,False,monte_carlo_add_one,10000,92877,92878
ordinal,PRIMARY,S1_p50,sensitivity,Estrogen Response Late,88,-0.248771,1.2837159,-0.19378977,-1.8179092,-0.51845003,0.02209984,-0.44420459,0.016289048,0.072392761,0.32871713,0.75562444,False,False,monte_carlo_add_one,10000,92877,92878
ordinal,PRIMARY,S1_p50,sensitivity,Fatty Acid Metabolism,88,-0.11162545,1.2289294,-0.090831459,-0.85207461,-0.36877355,0.14532152,-0.31160371,0.11759501,0.39626037,0.62387701,1,False,False,monte_carlo_add_one,10000,92877,92878
ordinal,PRIMARY,S1_p50,sensitivity,G2-M Checkpoint,88,-0.39272611,1.2455242,-0.31530991,-2.9578691,-0.64749761,-0.14087923,-0.53046527,-0.11323301,0.00479952,0.1049895,0.10018998,False,False,monte_carlo_add_one,10000,92877,92878
ordinal,PRIMARY,S1_p50,sensitivity,Glycolysis,88,-0.31839913,1.4259658,-0.22328665,-2.0946144,-0.62148584,-0.027136057,-0.45507069,-0.017844335,0.04079592,0.2549745,0.54874513,False,False,monte_carlo_add_one,10000,92877,92878
ordinal,PRIMARY,S1_p50,sensitivity,Hedgehog Signaling,88,-0.22006857,1.3254556,-0.1660324,-1.557522,-0.49633979,0.053136473,-0.38709869,0.040636734,0.12608739,0.37084527,0.90630937,False,False,monte_carlo_add_one,10000,92877,92878
ordinal,PRIMARY,S1_p50,sensitivity,Hypoxia,88,-0.1613616,1.2397066,-0.13016112,-1.2210195,-0.42229586,0.10291937,-0.37283205,0.079462864,0.22277772,0.459954,0.99140086,False,False,monte_carlo_add_one,10000,92877,92878
ordinal,PRIMARY,S1_p50,sensitivity,IL-2/STAT5 Signaling,88,-0.18092906,1.2430943,-0.14554733,-1.365355,-0.43699187,0.081069839,-0.385226,0.062712929,0.17268273,0.41064075,0.96810319,False,False,monte_carlo_add_one,10000,92877,92878
ordinal,PRIMARY,S1_p50,sensitivity,IL-6/JAK/STAT3 Signaling,88,-0.085316226,1.2410764,-0.068743734,-0.64487339,-0.35097712,0.17190694,-0.27998836,0.14635391,0.52574743,0.73020476,1,False,False,monte_carlo_add_one,10000,92877,92878
ordinal,PRIMARY,S1_p50,sensitivity,Inflammatory Response,88,-0.074063728,1.3125932,-0.0564255,-0.52931811,-0.35224268,0.19926761,-0.27176978,0.15689475,0.59844016,0.76504545,1,False,False,monte_carlo_add_one,10000,92877,92878
ordinal,PRIMARY,S1_p50,sensitivity,Interferon Alpha Response,88,-0.070761424,1.3112095,-0.053966527,-0.5062509,-0.33680382,0.21130923,-0.27139501,0.15977419,0.62013799,0.76504545,1,False,False,monte_carlo_add_one,10000,92877,92878
ordinal,PRIMARY,S1_p50,sensitivity,Interferon Gamma Response,88,-0.087359323,1.3703519,-0.063749552,-0.59802381,-0.3686716,0.20218041,-0.27614085,0.14722232,0.55374463,0.74830355,1,False,False,monte_carlo_add_one,10000,92877,92878
ordinal,PRIMARY,S1_p50,sensitivity,KRAS Signaling Dn,88,-0.16501297,1.1905699,-0.13859998,-1.300183,-0.413852,0.081761581,-0.35929203,0.068991358,0.19868013,0.43191333,0.98160184,False,False,monte_carlo_add_one,10000,92877,92878
ordinal,PRIMARY,S1_p50,sensitivity,KRAS Signaling Up,88,-0.15503048,1.27602,-0.12149533,-1.1397273,-0.42467536,0.1129473,-0.34877939,0.088355069,0.25817418,0.49648881,0.9960004,False,False,monte_carlo_add_one,10000,92877,92878
ordinal,PRIMARY,S1_p50,sensitivity,Mitotic Spindle,88,-0.30113401,1.2991239,-0.23179776,-2.1744558,-0.56873283,-0.039414319,-0.46428709,-0.029603798,0.03439656,0.2549745,0.49125087,False,False,monte_carlo_add_one,10000,92877,92878
ordinal,PRIMARY,S1_p50,sensitivity,Myc Targets V1,88,-0.23754818,1.1487889,-0.20678141,-1.9397816,-0.47746582,0.0029162686,-0.42003556,0.0022344134,0.058994101,0.2979702,0.67043296,False,False,monte_carlo_add_one,10000,92877,92878
ordinal,PRIMARY,S1_p50,sensitivity,Myc Targets V2,88,-0.20208759,1.1945982,-0.16916784,-1.586935,-0.45200209,0.041619035,-0.37730813,0.036932961,0.11928807,0.37084527,0.89321068,False,False,monte_carlo_add_one,10000,92877,92878
ordinal,PRIMARY,S1_p50,sensitivity,Myogenesis,88,-0.18743639,1.2255139,-0.15294514,-1.4347526,-0.44125181,0.069057848,-0.40218179,0.052016595,0.15688431,0.41064075,0.95180482,False,False,monte_carlo_add_one,10000,92877,92878
ordinal,PRIMARY,S1_p50,sensitivity,Notch Signaling,88,0.11396168,1.4704698,0.077500185,0.72701618,-0.1925583,0.42473953,-0.13654822,0.28948764,0.46825317,0.68860761,1,False,False,monte_carlo_add_one,10000,92877,92878
ordinal,PRIMARY,S1_p50,sensitivity,Oxidative Phosphorylation,88,-0.11953299,1.3053973,-0.091568282,-0.85898662,-0.39560593,0.14939885,-0.3188188,0.11156442,0.40025997,0.62387701,0.99990001,False,False,monte_carlo_add_one,10000,92877,92878
ordinal,PRIMARY,S1_p50,sensitivity,PI3K/AKT/mTOR  Signaling,88,-0.29789013,1.460918,-0.20390612,-1.9128089,-0.59931189,0.0030689439,-0.43186423,0.0020925261,0.059594041,0.2979702,0.68843116,False,False,monte_carlo_add_one,10000,92877,92878
ordinal,PRIMARY,S1_p50,sensitivity,Pancreas Beta Cells,88,-0.22397842,1.3108745,-0.17086184,-1.6028261,-0.50140664,0.050533452,-0.38731061,0.039508646,0.11208879,0.37084527,0.88531147,False,False,monte_carlo_add_one,10000,92877,92878
ordinal,PRIMARY,S1_p50,sensitivity,Pperoxisome,88,-0.24640638,1.4710163,-0.16750759,-1.5713605,-0.56227812,0.046394204,-0.37102543,0.035436783,0.12608739,0.37084527,0.89991001,False,False,monte_carlo_add_one,10000,92877,92878
ordinal,PRIMARY,S1_p50,sensitivity,Protein Secretion,88,-0.023294214,1.302176,-0.017888683,-0.16781072,-0.29645954,0.24473179,-0.22688648,0.19895409,0.86961304,0.91084642,1,False,False,monte_carlo_add_one,10000,92877,92878
ordinal,PRIMARY,S1_p50,sensitivity,Reactive Oxygen Species Pathway,88,-0.21925436,1.5025071,-0.14592567,-1.3689042,-0.52958993,0.10020346,-0.36285004,0.067493129,0.18068193,0.41064075,0.96720328,False,False,monte_carlo_add_one,10000,92877,92878
ordinal,PRIMARY,S1_p50,sensitivity,Spermatogenesis,88,-0.38247848,1.2706446,-0.30101138,-2.8237371,-0.64795754,-0.12567191,-0.52775721,-0.097562557,0.0060993901,0.1049895,0.13668633,False,False,monte_carlo_add_one,10000,92877,92878
ordinal,PRIMARY,S1_p50,sensitivity,TGF-beta Signaling,88,-0.02494841,1.236731,-0.020172868,-0.18923827,-0.28208903,0.22851961,-0.22840526,0.19125115,0.84911509,0.91084642,1,False,False,monte_carlo_add_one,10000,92877,92878
ordinal,PRIMARY,S1_p50,sensitivity,TNF-alpha Signaling via NF-kB,88,-0.066484743,1.293925,-0.051382223,-0.48200798,-0.34028767,0.20430361,-0.26716156,0.1631677,0.62533747,0.76504545,1,False,False,monte_carlo_add_one,10000,92877,92878
ordinal,PRIMARY,S1_p50,sensitivity,UV Response Dn,88,-0.014629249,1.3543205,-0.01080191,-0.1013309,-0.29915704,0.27184847,-0.24383068,0.19284625,0.9170083,0.93310669,1,False,False,monte_carlo_add_one,10000,92877,92878
ordinal,PRIMARY,S1_p50,sensitivity,UV Response Up,88,-0.28746307,1.2062701,-0.23830739,-2.2355215,-0.53778931,-0.036663138,-0.47001239,-0.02960737,0.02909709,0.2549745,0.44565543,False,False,monte_carlo_add_one,10000,92877,92878
ordinal,PRIMARY,S1_p50,sensitivity,Unfolded Protein Response,88,-0.022392882,1.284457,-0.017433733,-0.16354291,-0.28996388,0.23966799,-0.23036475,0.19336506,0.87441256,0.91084642,1,False,False,monte_carlo_add_one,10000,92877,92878
ordinal,PRIMARY,S1_p50,sensitivity,Wnt-beta Catenin Signaling,88,-0.038648458,1.0559227,-0.0366016,-0.34335344,-0.25698605,0.18482565,-0.24941711,0.1789798,0.7310269,0.83071238,1,False,False,monte_carlo_add_one,10000,92877,92878
ordinal,PRIMARY,S1_p50,sensitivity,Xenobiotic Metabolism,88,-0.064127882,1.2252151,-0.052340099,-0.49099365,-0.32304352,0.19366572,-0.28286862,0.15465243,0.62733727,0.76504545,1,False,False,monte_carlo_add_one,10000,92877,92878
ordinal,PRIMARY,S1_p50,sensitivity,heme Metabolism,88,0.10315304,1.4724435,0.070055684,0.65718056,-0.20232214,0.41618143,-0.14264271,0.27865007,0.51724828,0.73020476,1,False,False,monte_carlo_add_one,10000,92877,92878
ordinal,PRIMARY,S1_p50,sensitivity,mTORC1 Signaling,88,-0.30501692,1.3378354,-0.22799287,-2.1387627,-0.58298289,-0.034852241,-0.4555021,-0.026415815,0.03739626,0.2549745,0.51644836,False,False,monte_carlo_add_one,10000,92877,92878
ordinal,PRIMARY,S1_p50,sensitivity,p53 Pathway,88,-0.14965128,1.1794534,-0.12688189,-1.1902577,-0.39696695,0.097194259,-0.35265459,0.08136458,0.229977,0.459954,0.99410059,False,False,monte_carlo_add_one,10000,92877,92878
ordinal,PRIMARY,S1_p90,sensitivity,Adipogenesis,145,-0.062321391,1.422652,-0.04380649,-0.52749999,-0.28985753,0.17051842,-0.21594413,0.11670003,0.59484052,0.8825588,1,False,False,monte_carlo_add_one,10000,60857,60858
ordinal,PRIMARY,S1_p90,sensitivity,Allograft Rejection,145,-0.07817987,1.2346441,-0.063321784,-0.76249526,-0.27740883,0.12187397,-0.22502473,0.099224706,0.44625537,0.85818341,1,False,False,monte_carlo_add_one,10000,60857,60858
ordinal,PRIMARY,S1_p90,sensitivity,Androgen Response,145,-0.062199213,1.4100267,-0.044112083,-0.53117982,-0.28993403,0.16674566,-0.20649537,0.11993968,0.60013999,0.8825588,1,False,False,monte_carlo_add_one,10000,60857,60858
ordinal,PRIMARY,S1_p90,sensitivity,Angiogenesis,145,-0.13569181,1.2844748,-0.10563992,-1.272073,-0.33980464,0.07393655,-0.27836563,0.058610053,0.20767923,0.61082127,0.98640136,False,False,monte_carlo_add_one,10000,60857,60858
ordinal,PRIMARY,S1_p90,sensitivity,Apical Junction,145,-0.073078005,1.3399366,-0.054538405,-0.65672936,-0.28601414,0.14847572,-0.22408985,0.10784653,0.51964804,0.8825588,1,False,False,monte_carlo_add_one,10000,60857,60858
ordinal,PRIMARY,S1_p90,sensitivity,Apical Surface,145,-0.067990413,1.3673935,-0.04972264,-0.59873987,-0.28890468,0.15894268,-0.21737711,0.11551288,0.55694431,0.8825588,1,False,False,monte_carlo_add_one,10000,60857,60858
ordinal,PRIMARY,S1_p90,sensitivity,Apoptosis,145,-0.043368244,1.260689,-0.034400431,-0.41423604,-0.24641246,0.16014172,-0.20047743,0.12942111,0.67623238,0.89553545,1,False,False,monte_carlo_add_one,10000,60857,60858
ordinal,PRIMARY,S1_p90,sensitivity,Bile Acid Metabolism,145,-0.022776771,1.3758184,-0.01655507,-0.19934944,-0.24291571,0.20567542,-0.1808734,0.15000797,0.84051595,0.98430157,1,False,False,monte_carlo_add_one,10000,60857,60858
ordinal,PRIMARY,S1_p90,sensitivity,Cholesterol Homeostasis,145,-0.14124824,1.2958904,-0.10899706,-1.3124984,-0.3526655,0.069450211,-0.27776494,0.053573355,0.19778022,0.61082127,0.98040196,False,False,monte_carlo_add_one,10000,60857,60858
ordinal,PRIMARY,S1_p90,sensitivity,Coagulation,145,-0.040591288,1.2441865,-0.032624763,-0.39285417,-0.24004889,0.16515222,-0.20185542,0.13206055,0.69743026,0.89553545,1,False,False,monte_carlo_add_one,10000,60857,60858
ordinal,PRIMARY,S1_p90,sensitivity,Complement,145,-0.0024258291,1.32627,-0.0018290613,-0.022024815,-0.21543729,0.21641819,-0.16656955,0.16308473,0.98280172,0.98430157,1,False,False,monte_carlo_add_one,10000,60857,60858
ordinal,PRIMARY,S1_p90,sensitivity,DNA Repair,145,-0.17532096,1.3401453,-0.13082236,-1.5753098,-0.39005055,0.040795175,-0.2924518,0.031346987,0.11668833,0.58344166,0.89791021,False,False,monte_carlo_add_one,10000,60857,60858
ordinal,PRIMARY,S1_p90,sensitivity,E2F Targets,145,-0.27435032,1.295505,-0.21177095,-2.55006,-0.48630101,-0.063282343,-0.373812,-0.050656049,0.01129887,0.249975,0.23677632,False,False,monte_carlo_add_one,10000,60857,60858
ordinal,PRIMARY,S1_p90,sensitivity,Epithelial Mesenchymal Transition,145,-0.083800617,1.2652622,-0.066231821,-0.79753674,-0.28099056,0.12326596,-0.23652095,0.094770272,0.43025697,0.85818341,1,False,False,monte_carlo_add_one,10000,60857,60858
ordinal,PRIMARY,S1_p90,sensitivity,Estrogen Response Early,145,-0.090649525,1.306612,-0.069377539,-0.8354162,-0.30126832,0.1206604,-0.23964732,0.089565659,0.41515848,0.85818341,1,False,False,monte_carlo_add_one,10000,60857,60858
ordinal,PRIMARY,S1_p90,sensitivity,Estrogen Response Late,145,-0.16264472,1.3662232,-0.11904697,-1.4335153,-0.3799012,0.06120991,-0.29129219,0.044184855,0.16128387,0.6095819,0.95240476,False,False,monte_carlo_add_one,10000,60857,60858
ordinal,PRIMARY,S1_p90,sensitivity,Fatty Acid Metabolism,145,-0.065925282,1.323943,-0.049794654,-0.59960703,-0.27938791,0.15815712,-0.21968921,0.11805829,0.55134487,0.8825588,1,False,False,monte_carlo_add_one,10000,60857,60858
ordinal,PRIMARY,S1_p90,sensitivity,G2-M Checkpoint,145,-0.27191674,1.3293085,-0.20455503,-2.4631687,-0.49018778,-0.055878766,-0.36708666,-0.042548271,0.0149985,0.249975,0.28127187,False,False,monte_carlo_add_one,10000,60857,60858
ordinal,PRIMARY,S1_p90,sensitivity,Glycolysis,145,-0.2875266,1.4106125,-0.20383103,-2.4544506,-0.51494914,-0.055612322,-0.38000469,-0.039309402,0.01419858,0.249975,0.28687131,False,False,monte_carlo_add_one,10000,60857,60858
ordinal,PRIMARY,S1_p90,sensitivity,Hedgehog Signaling,145,-0.11850524,1.4469289,-0.08190122,-0.98622128,-0.35596321,0.11667504,-0.25063675,0.07977521,0.33006699,0.85818341,0.99920008,False,False,monte_carlo_add_one,10000,60857,60858
ordinal,PRIMARY,S1_p90,sensitivity,Hypoxia,145,-0.041207006,1.2381953,-0.033279892,-0.40074296,-0.23976666,0.16115738,-0.20080647,0.12732675,0.69553045,0.89553545,1,False,False,monte_carlo_add_one,10000,60857,60858
ordinal,PRIMARY,S1_p90,sensitivity,IL-2/STAT5 Signaling,145,-0.06998085,1.2594723,-0.055563629,-0.66907469,-0.27413386,0.13626137,-0.22477482,0.10656363,0.5110489,0.8825588,1,False,False,monte_carlo_add_one,10000,60857,60858
ordinal,PRIMARY,S1_p90,sensitivity,IL-6/JAK/STAT3 Signaling,145,-0.043681898,1.2292329,-0.035535899,-0.42790889,-0.24561761,0.16019694,-0.19832509,0.1325569,0.67093291,0.89553545,1,False,False,monte_carlo_add_one,10000,60857,60858
ordinal,PRIMARY,S1_p90,sensitivity,Inflammatory Response,145,-0.016417449,1.2712893,-0.012914015,-0.15550534,-0.22208707,0.19243518,-0.17673059,0.15426577,0.87371263,0.98430157,1,False,False,monte_carlo_add_one,10000,60857,60858
ordinal,PRIMARY,S1_p90,sensitivity,Interferon Alpha Response,145,0.0020119331,1.3283947,0.0015145597,0.018237714,-0.21547906,0.21910358,-0.16279625,0.16579572,0.98430157,0.98430157,1,False,False,monte_carlo_add_one,10000,60857,60858
ordinal,PRIMARY,S1_p90,sensitivity,Interferon Gamma Response,145,-0.025479893,1.3267741,-0.019204394,-0.23125153,-0.24467498,0.19115888,-0.18690356,0.14439857,0.82111789,0.98430157,1,False,False,monte_carlo_add_one,10000,60857,60858
ordinal,PRIMARY,S1_p90,sensitivity,KRAS Signaling Dn,145,-0.14346187,1.1942928,-0.12012286,-1.4464708,-0.33876629,0.048415086,-0.29085263,0.04068677,0.15208479,0.6095819,0.94840516,False,False,monte_carlo_add_one,10000,60857,60858
ordinal,PRIMARY,S1_p90,sensitivity,KRAS Signaling Up,145,-0.08794779,1.2707751,-0.069207987,-0.83337452,-0.29328053,0.1185331,-0.23649009,0.093580592,0.41175882,0.85818341,1,False,False,monte_carlo_add_one,10000,60857,60858
ordinal,PRIMARY,S1_p90,sensitivity,Mitotic Spindle,145,-0.16681653,1.3962304,-0.11947636,-1.4386859,-0.39322521,0.0601209,-0.28356258,0.044658764,0.15668433,0.6095819,0.95080492,False,False,monte_carlo_add_one,10000,60857,60858
ordinal,PRIMARY,S1_p90,sensitivity,Myc Targets V1,145,-0.18842109,1.270485,-0.14830643,-1.7858459,-0.394335,0.01739423,-0.30822868,0.014662829,0.075592441,0.419958,0.77382262,False,False,monte_carlo_add_one,10000,60857,60858
ordinal,PRIMARY,S1_p90,sensitivity,Myc Targets V2,145,-0.21935802,1.2317993,-0.17807934,-2.1443593,-0.41919559,-0.016827436,-0.34301604,-0.013443916,0.03279672,0.3279672,0.50234977,False,False,monte_carlo_add_one,10000,60857,60858
ordinal,PRIMARY,S1_p90,sensitivity,Myogenesis,145,-0.095606174,1.2574655,-0.076030851,-0.91553269,-0.29779001,0.11382437,-0.25270693,0.087219421,0.36576342,0.85818341,0.99990001,False,False,monte_carlo_add_one,10000,60857,60858
ordinal,PRIMARY,S1_p90,sensitivity,Notch Signaling,145,0.094928236,1.383411,0.068618967,0.82628178,-0.13629841,0.3130885,-0.10027836,0.22786124,0.40225977,0.85818341,1,False,False,monte_carlo_add_one,10000,60857,60858
ordinal,PRIMARY,S1_p90,sensitivity,Oxidative Phosphorylation,145,-0.13809829,1.2639846,-0.1092563,-1.3156201,-0.34516242,0.067248401,-0.28116952,0.052775779,0.19468053,0.61082127,0.97990201,False,False,monte_carlo_add_one,10000,60857,60858
ordinal,PRIMARY,S1_p90,sensitivity,PI3K/AKT/mTOR  Signaling,145,-0.24995764,1.4939325,-0.16731522,-2.0147421,-0.49114582,-0.013619703,-0.33831075,-0.0089217879,0.04719528,0.393294,0.60433957,False,False,monte_carlo_add_one,10000,60857,60858
ordinal,PRIMARY,S1_p90,sensitivity,Pancreas Beta Cells,145,-0.039831536,1.2917867,-0.030834452,-0.37129597,-0.25096345,0.17362749,-0.19389291,0.13771315,0.71642836,0.89553545,1,False,False,monte_carlo_add_one,10000,60857,60858
ordinal,PRIMARY,S1_p90,sensitivity,Pperoxisome,145,-0.15951181,1.4098495,-0.11314102,-1.3623983,-0.38969195,0.068984576,-0.27437279,0.051086237,0.17068293,0.6095819,0.97090291,False,False,monte_carlo_add_one,10000,60857,60858
ordinal,PRIMARY,S1_p90,sensitivity,Protein Secretion,145,0.095548486,1.3299395,0.071844233,0.86511913,-0.12071342,0.30778913,-0.090126524,0.23787908,0.39816018,0.85818341,1,False,False,monte_carlo_add_one,10000,60857,60858
ordinal,PRIMARY,S1_p90,sensitivity,Reactive Oxygen Species Pathway,145,-0.10981896,1.4214701,-0.07725731,-0.93030121,-0.34125808,0.12149914,-0.24206269,0.086114121,0.35526447,0.85818341,0.99990001,False,False,monte_carlo_add_one,10000,60857,60858
ordinal,PRIMARY,S1_p90,sensitivity,Spermatogenesis,145,-0.25120384,1.3113656,-0.19155897,-2.3066755,-0.46497462,-0.038426663,-0.35819956,-0.030162194,0.02449755,0.30621938,0.38286171,False,False,monte_carlo_add_one,10000,60857,60858
ordinal,PRIMARY,S1_p90,sensitivity,TGF-beta Signaling,145,-0.0047667893,1.2990383,-0.0036694756,-0.044186338,-0.22395765,0.20639536,-0.17142199,0.16081597,0.9650035,0.98430157,1,False,False,monte_carlo_add_one,10000,60857,60858
ordinal,PRIMARY,S1_p90,sensitivity,TNF-alpha Signaling via NF-kB,145,0.01934014,1.228188,0.015746889,0.18961766,-0.18122556,0.21888583,-0.14789143,0.18233297,0.85491451,0.98430157,1,False,False,monte_carlo_add_one,10000,60857,60858
ordinal,PRIMARY,S1_p90,sensitivity,UV Response Dn,145,-0.0027831593,1.3957163,-0.0019940723,-0.02401181,-0.22398897,0.23273793,-0.16756336,0.16341659,0.98060194,0.98430157,1,False,False,monte_carlo_add_one,10000,60857,60858
ordinal,PRIMARY,S1_p90,sensitivity,UV Response Up,145,-0.18482492,1.230957,-0.15014734,-1.8080134,-0.38827871,0.017517917,-0.32154172,0.014204708,0.075392461,0.419958,0.75972403,False,False,monte_carlo_add_one,10000,60857,60858
ordinal,PRIMARY,S1_p90,sensitivity,Unfolded Protein Response,145,-0.041221674,1.335338,-0.030869841,-0.37172212,-0.25664913,0.17399006,-0.19412945,0.13356656,0.71072893,0.89553545,1,False,False,monte_carlo_add_one,10000,60857,60858
ordinal,PRIMARY,S1_p90,sensitivity,Wnt-beta Catenin Signaling,145,0.010043508,1.1992806,0.00837461,0.10084366,-0.18827511,0.20210466,-0.15593464,0.17303969,0.91970803,0.98430157,1,False,False,monte_carlo_add_one,10000,60857,60858
ordinal,PRIMARY,S1_p90,sensitivity,Xenobiotic Metabolism,145,-0.011847563,1.2470511,-0.0095004637,-0.11440073,-0.21178053,0.19585112,-0.17788549,0.15260941,0.9130087,0.98430157,1,False,False,monte_carlo_add_one,10000,60857,60858
ordinal,PRIMARY,S1_p90,sensitivity,heme Metabolism,145,0.074043677,1.4776185,0.050110145,0.60340605,-0.16670155,0.31722977,-0.11675195,0.21152616,0.54764524,0.8825588,1,False,False,monte_carlo_add_one,10000,60857,60858
ordinal,PRIMARY,S1_p90,sensitivity,mTORC1 Signaling,145,-0.21282905,1.4297453,-0.14885802,-1.7924879,-0.44316977,0.023919811,-0.31322602,0.016600982,0.074392561,0.419958,0.76932307,False,False,monte_carlo_add_one,10000,60857,60858
ordinal,PRIMARY,S1_p90,sensitivity,p53 Pathway,145,-0.059312798,1.256347,-0.047210521,-0.56848995,-0.26392972,0.14399671,-0.21451487,0.11391064,0.57164284,0.8825588,1,False,False,monte_carlo_add_one,10000,60857,60858
ordinal,PRIMARY,S2_rna_age_gap_le_365d,sensitivity,Adipogenesis,86,0.12286267,1.3276331,0.09254264,0.85820514,-0.14927325,0.40634426,-0.12489016,0.2882571,0.39556044,0.79112089,0.99990001,False,False,monte_carlo_add_one,10000,86645,86646
ordinal,PRIMARY,S2_rna_age_gap_le_365d,sensitivity,Allograft Rejection,86,-0.019360346,1.0667964,-0.018148116,-0.16829871,-0.24265194,0.20788436,-0.23218475,0.19897384,0.87191281,0.97079181,1,False,False,monte_carlo_add_one,10000,86645,86646
ordinal,PRIMARY,S2_rna_age_gap_le_365d,sensitivity,Androgen Response,86,-0.17597352,1.441261,-0.12209691,-1.1322802,-0.47644912,0.12310151,-0.33420887,0.088894272,0.25857414,0.79112089,0.99740026,False,False,monte_carlo_add_one,10000,86645,86646
ordinal,PRIMARY,S2_rna_age_gap_le_365d,sensitivity,Angiogenesis,86,-0.061327585,1.1177752,-0.054865762,-0.50880414,-0.29314605,0.17400734,-0.2806874,0.15083436,0.62373763,0.97079181,1,False,False,monte_carlo_add_one,10000,86645,86646
ordinal,PRIMARY,S2_rna_age_gap_le_365d,sensitivity,Apical Junction,86,0.028155141,1.3048156,0.02157787,0.20010493,-0.2399316,0.30351942,-0.19135391,0.23407591,0.84331567,0.97079181,1,False,False,monte_carlo_add_one,10000,86645,86646
ordinal,PRIMARY,S2_rna_age_gap_le_365d,sensitivity,Apical Surface,86,-0.13158689,1.378498,-0.095456715,-0.88522916,-0.422802,0.16418968,-0.32149439,0.11520533,0.37646235,0.79112089,0.99990001,False,False,monte_carlo_add_one,10000,86645,86646
ordinal,PRIMARY,S2_rna_age_gap_le_365d,sensitivity,Apoptosis,86,0.036821313,1.1019649,0.033414235,0.30987086,-0.18551299,0.2715675,-0.1814733,0.24174542,0.7580242,0.97079181,1,False,False,monte_carlo_add_one,10000,86645,86646
ordinal,PRIMARY,S2_rna_age_gap_le_365d,sensitivity,Bile Acid Metabolism,86,-0.043014228,1.3529358,-0.031793251,-0.29483848,-0.32773707,0.24503285,-0.25576584,0.17618838,0.76212379,0.97079181,1,False,False,monte_carlo_add_one,10000,86645,86646
ordinal,PRIMARY,S2_rna_age_gap_le_365d,sensitivity,Cholesterol Homeostasis,86,-0.097520127,1.2973758,-0.075167216,-0.69707208,-0.36469124,0.17932906,-0.29631041,0.13715203,0.48925107,0.86715466,1,False,False,monte_carlo_add_one,10000,86645,86646
ordinal,PRIMARY,S2_rna_age_gap_le_365d,sensitivity,Coagulation,86,0.070410754,1.0694658,0.065837314,0.61055013,-0.15010667,0.30124329,-0.14972078,0.27517116,0.5560444,0.92674066,1,False,False,monte_carlo_add_one,10000,86645,86646
ordinal,PRIMARY,S2_rna_age_gap_le_365d,sensitivity,Complement,86,0.10732465,1.164252,0.092183345,0.85487317,-0.13057722,0.3608495,-0.12222353,0.29845521,0.39506049,0.79112089,0.99990001,False,False,monte_carlo_add_one,10000,86645,86646
ordinal,PRIMARY,S2_rna_age_gap_le_365d,sensitivity,DNA Repair,86,-0.10202603,1.3281685,-0.076817082,-0.71237231,-0.37967383,0.17569221,-0.28565667,0.13826424,0.47865213,0.86715466,1,False,False,monte_carlo_add_one,10000,86645,86646
ordinal,PRIMARY,S2_rna_age_gap_le_365d,sensitivity,E2F Targets,86,-0.29599544,1.2500113,-0.23679421,-2.1959392,-0.56452496,-0.034874033,-0.4437006,-0.029586201,0.03239676,0.269973,0.47935206,False,False,monte_carlo_add_one,10000,86645,86646
ordinal,PRIMARY,S2_rna_age_gap_le_365d,sensitivity,Epithelial Mesenchymal Transition,86,-0.027813096,1.1432523,-0.024328047,-0.22560903,-0.26310687,0.21870419,-0.25121646,0.18072432,0.82461754,0.97079181,1,False,False,monte_carlo_add_one,10000,86645,86646
ordinal,PRIMARY,S2_rna_age_gap_le_365d,sensitivity,Estrogen Response Early,86,-0.13997387,1.349677,-0.10370916,-0.96175919,-0.41357359,0.14045639,-0.32972478,0.10190087,0.34136586,0.79112089,0.99980002,False,False,monte_carlo_add_one,10000,86645,86646
ordinal,PRIMARY,S2_rna_age_gap_le_365d,sensitivity,Estrogen Response Late,86,-0.18108811,1.3493957,-0.13419941,-1.2445141,-0.4558279,0.10339779,-0.37094219,0.072421665,0.21777822,0.74492551,0.990001,False,False,monte_carlo_add_one,10000,86645,86646
ordinal,PRIMARY,S2_rna_age_gap_le_365d,sensitivity,Fatty Acid Metabolism,86,-0.013611474,1.1587585,-0.011746602,-0.1089335,-0.25600088,0.23340487,-0.23946652,0.19596629,0.91730827,0.98930107,1,False,False,monte_carlo_add_one,10000,86645,86646
ordinal,PRIMARY,S2_rna_age_gap_le_365d,sensitivity,G2-M Checkpoint,86,-0.32897701,1.2732122,-0.25838348,-2.3961498,-0.59924731,-0.062319027,-0.46434139,-0.051510799,0.019998,0.269973,0.3509649,False,False,monte_carlo_add_one,10000,86645,86646
ordinal,PRIMARY,S2_rna_age_gap_le_365d,sensitivity,Glycolysis,86,-0.28807962,1.4811209,-0.19450109,-1.8037289,-0.60121491,0.019506811,-0.41479423,0.013524236,0.080691931,0.45845415,0.77592241,False,False,monte_carlo_add_one,10000,86645,86646
ordinal,PRIMARY,S2_rna_age_gap_le_365d,sensitivity,Hedgehog Signaling,86,-0.25428933,1.3923798,-0.18262929,-1.6936343,-0.54506169,0.043828487,-0.40081692,0.032382205,0.091490851,0.45845415,0.84661534,False,False,monte_carlo_add_one,10000,86645,86646
ordinal,PRIMARY,S2_rna_age_gap_le_365d,sensitivity,Hypoxia,86,-0.036999834,1.1739373,-0.031517727,-0.29228337,-0.27487422,0.21569692,-0.24987787,0.17886581,0.77622238,0.97079181,1,False,False,monte_carlo_add_one,10000,86645,86646
ordinal,PRIMARY,S2_rna_age_gap_le_365d,sensitivity,IL-2/STAT5 Signaling,86,-0.019241648,1.1736127,-0.016395228,-0.15204309,-0.25986428,0.22854884,-0.23372448,0.19221948,0.87371263,0.97079181,1,False,False,monte_carlo_add_one,10000,86645,86646
ordinal,PRIMARY,S2_rna_age_gap_le_365d,sensitivity,IL-6/JAK/STAT3 Signaling,86,0.10505088,1.0668252,0.09847057,0.9131785,-0.11498189,0.33019441,-0.10987997,0.31341836,0.36706329,0.79112089,0.99990001,False,False,monte_carlo_add_one,10000,86645,86646
ordinal,PRIMARY,S2_rna_age_gap_le_365d,sensitivity,Inflammatory Response,86,0.10338513,1.0607883,0.097460663,0.90381301,-0.11693005,0.33010126,-0.11776344,0.30742433,0.36476352,0.79112089,0.99990001,False,False,monte_carlo_add_one,10000,86645,86646
ordinal,PRIMARY,S2_rna_age_gap_le_365d,sensitivity,Interferon Alpha Response,86,-0.0097438952,1.1879983,-0.0082019437,-0.076061697,-0.2589015,0.24369489,-0.23336846,0.20145639,0.94370563,0.98930107,1,False,False,monte_carlo_add_one,10000,86645,86646
ordinal,PRIMARY,S2_rna_age_gap_le_365d,sensitivity,Interferon Gamma Response,86,0.023823616,1.1549619,0.020627187,0.19128866,-0.21314541,0.2689305,-0.19349225,0.23737594,0.84621538,0.97079181,1,False,False,monte_carlo_add_one,10000,86645,86646
ordinal,PRIMARY,S2_rna_age_gap_le_365d,sensitivity,KRAS Signaling Dn,86,-0.21692832,1.1792527,-0.18395406,-1.7059198,-0.46177016,0.035733406,-0.40874041,0.029950753,0.091690831,0.45845415,0.83651635,False,False,monte_carlo_add_one,10000,86645,86646
ordinal,PRIMARY,S2_rna_age_gap_le_365d,sensitivity,KRAS Signaling Up,86,-0.032283912,1.1077251,-0.029144336,-0.27027345,-0.25997022,0.20062184,-0.24985337,0.17884994,0.78862114,0.97079181,1,False,False,monte_carlo_add_one,10000,86645,86646
ordinal,PRIMARY,S2_rna_age_gap_le_365d,sensitivity,Mitotic Spindle,86,-0.23098867,1.4571625,-0.1585195,-1.4700493,-0.53595384,0.071867297,-0.36550851,0.051638651,0.1449855,0.65902501,0.94670533,False,False,monte_carlo_add_one,10000,86645,86646
ordinal,PRIMARY,S2_rna_age_gap_le_365d,sensitivity,Myc Targets V1,86,-0.28671026,1.2630379,-0.22700053,-2.1051163,-0.55295258,-0.018888518,-0.4449498,-0.016183522,0.04119588,0.29425629,0.54784522,False,False,monte_carlo_add_one,10000,86645,86646
ordinal,PRIMARY,S2_rna_age_gap_le_365d,sensitivity,Myc Targets V2,86,-0.36429831,1.2672776,-0.28746528,-2.6658433,-0.63004747,-0.096692158,-0.51919721,-0.076048769,0.0094990501,0.23747625,0.20667933,False,False,monte_carlo_add_one,10000,86645,86646
ordinal,PRIMARY,S2_rna_age_gap_le_365d,sensitivity,Myogenesis,86,-0.08642614,1.1389885,-0.07587973,-0.70367966,-0.32243382,0.15721005,-0.30282877,0.13678269,0.48865113,0.86715466,1,False,False,monte_carlo_add_one,10000,86645,86646
ordinal,PRIMARY,S2_rna_age_gap_le_365d,sensitivity,Notch Signaling,86,0.069652532,1.374192,0.05068617,0.47004421,-0.2109662,0.3665629,-0.16251556,0.26574029,0.63583642,0.97079181,1,False,False,monte_carlo_add_one,10000,86645,86646
ordinal,PRIMARY,S2_rna_age_gap_le_365d,sensitivity,Oxidative Phosphorylation,86,-0.15456742,1.2873367,-0.1200676,-1.1134611,-0.42708395,0.12077437,-0.34483351,0.09176343,0.26977302,0.79112089,0.99840016,False,False,monte_carlo_add_one,10000,86645,86646
ordinal,PRIMARY,S2_rna_age_gap_le_365d,sensitivity,PI3K/AKT/mTOR  Signaling,86,-0.20422358,1.5378142,-0.13280121,-1.2315477,-0.53415435,0.12039355,-0.35233642,0.080927906,0.21907809,0.74492551,0.99130087,False,False,monte_carlo_add_one,10000,86645,86646
ordinal,PRIMARY,S2_rna_age_gap_le_365d,sensitivity,Pancreas Beta Cells,86,-0.15015447,1.3113731,-0.11450171,-1.0618452,-0.42516382,0.1289899,-0.33104513,0.099644298,0.29417058,0.79112089,0.99950005,False,False,monte_carlo_add_one,10000,86645,86646
ordinal,PRIMARY,S2_rna_age_gap_le_365d,sensitivity,Pperoxisome,86,-0.33574166,1.405916,-0.23880634,-2.2145989,-0.63420251,-0.044250857,-0.4481284,-0.034172575,0.03029697,0.269973,0.46825317,False,False,monte_carlo_add_one,10000,86645,86646
ordinal,PRIMARY,S2_rna_age_gap_le_365d,sensitivity,Protein Secretion,86,0.0071702925,1.4112379,0.0050808533,0.047117895,-0.28913763,0.29525906,-0.20685515,0.22114479,0.96260374,0.98930107,1,False,False,monte_carlo_add_one,10000,86645,86646
ordinal,PRIMARY,S2_rna_age_gap_le_365d,sensitivity,Reactive Oxygen Species Pathway,86,0.044806042,1.359737,0.032951991,0.30558419,-0.23880677,0.33621291,-0.18588412,0.24463158,0.75522448,0.97079181,1,False,False,monte_carlo_add_one,10000,86645,86646
ordinal,PRIMARY,S2_rna_age_gap_le_365d,sensitivity,Spermatogenesis,86,-0.39139978,1.2926981,-0.3027774,-2.8078421,-0.6649404,-0.11643911,-0.52527891,-0.092957475,0.0058994101,0.23747625,0.15368463,False,False,monte_carlo_add_one,10000,86645,86646
ordinal,PRIMARY,S2_rna_age_gap_le_365d,sensitivity,TGF-beta Signaling,86,0.044927746,1.2255857,0.036658183,0.339954,-0.20987504,0.30162054,-0.17080901,0.25675845,0.73962604,0.97079181,1,False,False,monte_carlo_add_one,10000,86645,86646
ordinal,PRIMARY,S2_rna_age_gap_le_365d,sensitivity,TNF-alpha Signaling via NF-kB,86,0.11204065,1.1057328,0.10132706,0.93966853,-0.11533511,0.34802995,-0.10865356,0.31858284,0.34806519,0.79112089,0.99980002,False,False,monte_carlo_add_one,10000,86645,86646
ordinal,PRIMARY,S2_rna_age_gap_le_365d,sensitivity,UV Response Dn,86,0.0051140261,1.3073967,0.0039116101,0.03627478,-0.26577946,0.27454057,-0.21393481,0.20965527,0.97090291,0.98930107,1,False,False,monte_carlo_add_one,10000,86645,86646
ordinal,PRIMARY,S2_rna_age_gap_le_365d,sensitivity,UV Response Up,86,-0.17698632,1.2570283,-0.1407974,-1.3057014,-0.44484955,0.086997044,-0.36356035,0.070004584,0.1969803,0.74492551,0.98310169,False,False,monte_carlo_add_one,10000,86645,86646
ordinal,PRIMARY,S2_rna_age_gap_le_365d,sensitivity,Unfolded Protein Response,86,-0.069640398,1.3946812,-0.049932843,-0.46305814,-0.36005453,0.22491047,-0.25893224,0.16723428,0.64423558,0.97079181,1,False,False,monte_carlo_add_one,10000,86645,86646
ordinal,PRIMARY,S2_rna_age_gap_le_365d,sensitivity,Wnt-beta Catenin Signaling,86,-0.0018977085,1.2091318,-0.0015694803,-0.014554761,-0.2671729,0.24486444,-0.20972532,0.22392614,0.98930107,0.98930107,1,False,False,monte_carlo_add_one,10000,86645,86646
ordinal,PRIMARY,S2_rna_age_gap_le_365d,sensitivity,Xenobiotic Metabolism,86,0.081296573,1.1208245,0.072532827,0.67264177,-0.14966801,0.32472851,-0.14746544,0.27347566,0.50294971,0.86715466,1,False,False,monte_carlo_add_one,10000,86645,86646
ordinal,PRIMARY,S2_rna_age_gap_le_365d,sensitivity,heme Metabolism,86,0.28478102,1.1967085,0.23797025,2.2068453,0.037707299,0.54104736,0.036035528,0.42652872,0.02759724,0.269973,0.47355264,False,False,monte_carlo_add_one,10000,86645,86646
ordinal,PRIMARY,S2_rna_age_gap_le_365d,sensitivity,mTORC1 Signaling,86,-0.18851583,1.4329502,-0.13155784,-1.2200172,-0.48863651,0.1148771,-0.34912225,0.080861368,0.22347765,0.74492551,0.99230077,False,False,monte_carlo_add_one,10000,86645,86646
ordinal,PRIMARY,S2_rna_age_gap_le_365d,sensitivity,p53 Pathway,86,0.030472206,1.2350381,0.024673091,0.22880883,-0.22766381,0.28673111,-0.18683636,0.23743861,0.81911809,0.97079181,1,False,False,monte_carlo_add_one,10000,86645,86646
ordinal,PRIMARY,S6_leave_out_complete_response,sensitivity,Adipogenesis,109,-0.020928637,1.4149477,-0.014791103,-0.15442365,-0.28080269,0.24502685,-0.21540899,0.16453279,0.8780122,0.93378417,1,False,False,monte_carlo_add_one,10000,63744,63745
ordinal,PRIMARY,S6_leave_out_complete_response,sensitivity,Allograft Rejection,109,-0.090631324,1.2519654,-0.072391236,-0.7557867,-0.32044235,0.14430668,-0.26188064,0.11752337,0.44235576,0.77942206,1,False,False,monte_carlo_add_one,10000,63744,63745
ordinal,PRIMARY,S6_leave_out_complete_response,sensitivity,Androgen Response,109,-0.13097064,1.4166873,-0.092448516,-0.96519084,-0.39761908,0.13583707,-0.28727684,0.097413747,0.34406559,0.71685139,0.99960004,False,False,monte_carlo_add_one,10000,63744,63745
ordinal,PRIMARY,S6_leave_out_complete_response,sensitivity,Angiogenesis,109,-0.16464215,1.2348373,-0.13333104,-1.3920169,-0.39448754,0.066310448,-0.33912521,0.052106363,0.16588341,0.54307069,0.96290371,False,False,monte_carlo_add_one,10000,63744,63745
ordinal,PRIMARY,S6_leave_out_complete_response,sensitivity,Apical Junction,109,-0.080783112,1.3778588,-0.058629458,-0.61210951,-0.33588767,0.17508364,-0.2546693,0.1245409,0.54224578,0.82158451,1,False,False,monte_carlo_add_one,10000,63744,63745
ordinal,PRIMARY,S6_leave_out_complete_response,sensitivity,Apical Surface,109,-0.18700389,1.3652183,-0.13697727,-1.4300847,-0.44379347,0.066892708,-0.33839345,0.048324752,0.15468453,0.54307069,0.95430457,False,False,monte_carlo_add_one,10000,63744,63745
ordinal,PRIMARY,S6_leave_out_complete_response,sensitivity,Apoptosis,109,-0.087945646,1.2516538,-0.070263557,-0.73357308,-0.32234378,0.14084623,-0.26385754,0.11343049,0.45605439,0.77942206,1,False,False,monte_carlo_add_one,10000,63744,63745
ordinal,PRIMARY,S6_leave_out_complete_response,sensitivity,Bile Acid Metabolism,109,-0.0804005,1.3729378,-0.058560918,-0.61139394,-0.33460769,0.17839189,-0.25629492,0.12709362,0.53054695,0.82158451,1,False,False,monte_carlo_add_one,10000,63744,63745
ordinal,PRIMARY,S6_leave_out_complete_response,sensitivity,Cholesterol Homeostasis,109,-0.17520137,1.3416878,-0.13058282,-1.3633247,-0.42151597,0.074865962,-0.32913692,0.055344092,0.17378262,0.54307069,0.96990301,False,False,monte_carlo_add_one,10000,63744,63745
ordinal,PRIMARY,S6_leave_out_complete_response,sensitivity,Coagulation,109,-0.028846979,1.2839828,-0.022466796,-0.23456024,-0.26308276,0.21381272,-0.21459285,0.16659228,0.81831817,0.93378417,1,False,False,monte_carlo_add_one,10000,63744,63745
ordinal,PRIMARY,S6_leave_out_complete_response,sensitivity,Complement,109,-0.013744304,1.3409653,-0.01024956,-0.10700855,-0.25831817,0.23630966,-0.20189694,0.17710197,0.91510849,0.93378417,1,False,False,monte_carlo_add_one,10000,63744,63745
ordinal,PRIMARY,S6_leave_out_complete_response,sensitivity,DNA Repair,109,-0.18111615,1.3005515,-0.13926103,-1.4539279,-0.42632916,0.060485702,-0.32801458,0.049403713,0.14658534,0.54307069,0.94550545,False,False,monte_carlo_add_one,10000,63744,63745
ordinal,PRIMARY,S6_leave_out_complete_response,sensitivity,E2F Targets,109,-0.29500862,1.2794282,-0.23057848,-2.40731,-0.53689055,-0.062254752,-0.41714225,-0.051400739,0.01529847,0.2549745,0.31786821,False,False,monte_carlo_add_one,10000,63744,63745
ordinal,PRIMARY,S6_leave_out_complete_response,sensitivity,Epithelial Mesenchymal Transition,109,-0.11178567,1.2506712,-0.089380547,-0.93316031,-0.34174898,0.12318253,-0.30208537,0.092533947,0.35076492,0.71685139,0.99990001,False,False,monte_carlo_add_one,10000,63744,63745
ordinal,PRIMARY,S6_leave_out_complete_response,sensitivity,Estrogen Response Early,109,-0.11655677,1.3323514,-0.087482005,-0.91333895,-0.36865362,0.13198652,-0.29728965,0.096686102,0.36756324,0.71685139,1,False,False,monte_carlo_add_one,10000,63744,63745
ordinal,PRIMARY,S6_leave_out_complete_response,sensitivity,Estrogen Response Late,109,-0.19588987,1.3587019,-0.14417428,-1.5052237,-0.44910971,0.060987461,-0.35729591,0.043342713,0.13508649,0.54307069,0.92630737,False,False,monte_carlo_add_one,10000,63744,63745
ordinal,PRIMARY,S6_leave_out_complete_response,sensitivity,Fatty Acid Metabolism,109,-0.047830732,1.2285461,-0.038932792,-0.40647029,-0.27480389,0.18146275,-0.23657531,0.14560645,0.68293171,0.89859435,1,False,False,monte_carlo_add_one,10000,63744,63745
ordinal,PRIMARY,S6_leave_out_complete_response,sensitivity,G2-M Checkpoint,109,-0.30899689,1.2917036,-0.23921656,-2.4974942,-0.55059005,-0.07655886,-0.42265216,-0.061931986,0.01229877,0.2549745,0.27177282,False,False,monte_carlo_add_one,10000,63744,63745
ordinal,PRIMARY,S6_leave_out_complete_response,sensitivity,Glycolysis,109,-0.2920157,1.469629,-0.19870029,-2.0744919,-0.56501118,-0.019908393,-0.39907407,-0.013223131,0.04229577,0.35246475,0.55354465,False,False,monte_carlo_add_one,10000,63744,63745
ordinal,PRIMARY,S6_leave_out_complete_response,sensitivity,Hedgehog Signaling,109,-0.21941458,1.3952106,-0.1572627,-1.6418708,-0.4799028,0.037445366,-0.35974921,0.025673409,0.099790021,0.4989501,0.85671433,False,False,monte_carlo_add_one,10000,63744,63745
ordinal,PRIMARY,S6_leave_out_complete_response,sensitivity,Hypoxia,109,-0.10546117,1.2370364,-0.085253085,-0.89006834,-0.3351339,0.12701952,-0.28601327,0.10065538,0.37276272,0.71685139,1,False,False,monte_carlo_add_one,10000,63744,63745
ordinal,PRIMARY,S6_leave_out_complete_response,sensitivity,IL-2/STAT5 Signaling,109,-0.096328177,1.2778859,-0.075380892,-0.78699961,-0.33666443,0.14198259,-0.2757425,0.11172986,0.42885711,0.77942206,1,False,False,monte_carlo_add_one,10000,63744,63745
ordinal,PRIMARY,S6_leave_out_complete_response,sensitivity,IL-6/JAK/STAT3 Signaling,109,-0.033258111,1.268887,-0.02621046,-0.27364523,-0.26912149,0.20082553,-0.21187063,0.16231137,0.78292171,0.93378417,1,False,False,monte_carlo_add_one,10000,63744,63745
ordinal,PRIMARY,S6_leave_out_complete_response,sensitivity,Inflammatory Response,109,-0.028242547,1.2998285,-0.021727902,-0.22684596,-0.27188947,0.21675899,-0.21194596,0.17063594,0.820018,0.93378417,1,False,False,monte_carlo_add_one,10000,63744,63745
ordinal,PRIMARY,S6_leave_out_complete_response,sensitivity,Interferon Alpha Response,109,-0.03182383,1.2949329,-0.02457566,-0.25657743,-0.26974426,0.2137427,-0.21942754,0.16170944,0.79912009,0.93378417,1,False,False,monte_carlo_add_one,10000,63744,63745
ordinal,PRIMARY,S6_leave_out_complete_response,sensitivity,Interferon Gamma Response,109,-0.045190196,1.2983004,-0.034807195,-0.36339779,-0.28454227,0.19757917,-0.22524671,0.15270406,0.71132887,0.91196009,1,False,False,monte_carlo_add_one,10000,63744,63745
ordinal,PRIMARY,S6_leave_out_complete_response,sensitivity,KRAS Signaling Dn,109,-0.24576935,1.226876,-0.20032126,-2.0914154,-0.47719528,-0.010065568,-0.40228025,-0.0077409013,0.03909609,0.35246475,0.540046,False,False,monte_carlo_add_one,10000,63744,63745
ordinal,PRIMARY,S6_leave_out_complete_response,sensitivity,KRAS Signaling Up,109,-0.12136877,1.2957048,-0.093670072,-0.97794426,-0.36723468,0.12079164,-0.29330167,0.093262003,0.32026797,0.71685139,0.99950005,False,False,monte_carlo_add_one,10000,63744,63745
ordinal,PRIMARY,S6_leave_out_complete_response,sensitivity,Mitotic Spindle,109,-0.14673109,1.331069,-0.11023552,-1.1508927,-0.39869979,0.10053568,-0.30628053,0.075671058,0.249975,0.62493751,0.99560044,False,False,monte_carlo_add_one,10000,63744,63745
ordinal,PRIMARY,S6_leave_out_complete_response,sensitivity,Myc Targets V1,109,-0.20511536,1.2616476,-0.16257738,-1.6973577,-0.43807066,0.027296834,-0.35158322,0.02162506,0.091890811,0.4989501,0.82621738,False,False,monte_carlo_add_one,10000,63744,63745
ordinal,PRIMARY,S6_leave_out_complete_response,sensitivity,Myc Targets V2,109,-0.20782139,1.2388769,-0.16774983,-1.7513596,-0.43985795,0.024029321,-0.36053412,0.019832416,0.079692031,0.49807519,0.79182082,False,False,monte_carlo_add_one,10000,63744,63745
ordinal,PRIMARY,S6_leave_out_complete_response,sensitivity,Myogenesis,109,-0.14962527,1.2672523,-0.11807062,-1.2326935,-0.37827794,0.085991697,-0.32478133,0.065370471,0.21117888,0.55994401,0.98920108,False,False,monte_carlo_add_one,10000,63744,63745
ordinal,PRIMARY,S6_leave_out_complete_response,sensitivity,Notch Signaling,109,0.056336517,1.3912179,0.040494387,0.42277381,-0.19682723,0.32313908,-0.14384102,0.23131763,0.67723228,0.89859435,1,False,False,monte_carlo_add_one,10000,63744,63745
ordinal,PRIMARY,S6_leave_out_complete_response,sensitivity,Oxidative Phosphorylation,109,-0.14909983,1.2478472,-0.11948565,-1.2474668,-0.38432486,0.085181928,-0.32614456,0.067683934,0.21277872,0.55994401,0.98740126,False,False,monte_carlo_add_one,10000,63744,63745
ordinal,PRIMARY,S6_leave_out_complete_response,sensitivity,PI3K/AKT/mTOR  Signaling,109,-0.27039636,1.5538121,-0.17402127,-1.8168354,-0.56187091,0.015924318,-0.37754042,0.0099776843,0.073692631,0.49807519,0.74982502,False,False,monte_carlo_add_one,10000,63744,63745
ordinal,PRIMARY,S6_leave_out_complete_response,sensitivity,Pancreas Beta Cells,109,-0.13614456,1.3352143,-0.10196458,-1.0645415,-0.38640838,0.11502271,-0.29445685,0.087036886,0.29047095,0.69159751,0.9980002,False,False,monte_carlo_add_one,10000,63744,63745
ordinal,PRIMARY,S6_leave_out_complete_response,sensitivity,Pperoxisome,109,-0.17583817,1.4376502,-0.12230943,-1.2769479,-0.45093666,0.095812517,-0.30928527,0.068397575,0.20937906,0.55994401,0.98460154,False,False,monte_carlo_add_one,10000,63744,63745
ordinal,PRIMARY,S6_leave_out_complete_response,sensitivity,Protein Secretion,109,0.083531556,1.3411742,0.062282406,0.6502474,-0.17022259,0.33429774,-0.12606291,0.25900717,0.51754825,0.82158451,1,False,False,monte_carlo_add_one,10000,63744,63745
ordinal,PRIMARY,S6_leave_out_complete_response,sensitivity,Reactive Oxygen Species Pathway,109,-0.077130173,1.4378235,-0.053643698,-0.56005665,-0.34503007,0.19030407,-0.24233552,0.13553182,0.57884212,0.85123841,1,False,False,monte_carlo_add_one,10000,63744,63745
ordinal,PRIMARY,S6_leave_out_complete_response,sensitivity,Spermatogenesis,109,-0.37033675,1.3224029,-0.28004834,-2.9237905,-0.61827671,-0.12635682,-0.47659915,-0.095506532,0.00369963,0.1849815,0.10118988,False,False,monte_carlo_add_one,10000,63744,63745
ordinal,PRIMARY,S6_leave_out_complete_response,sensitivity,TGF-beta Signaling,109,0.014751597,1.2617891,0.011691016,0.12205779,-0.22482169,0.25233564,-0.1831737,0.20177022,0.90480952,0.93378417,1,False,False,monte_carlo_add_one,10000,63744,63745
ordinal,PRIMARY,S6_leave_out_complete_response,sensitivity,TNF-alpha Signaling via NF-kB,109,-0.021788757,1.2609702,-0.017279358,-0.1804018,-0.25849503,0.20855791,-0.20549811,0.17065064,0.85241476,0.93378417,1,False,False,monte_carlo_add_one,10000,63744,63745
ordinal,PRIMARY,S6_leave_out_complete_response,sensitivity,UV Response Dn,109,0.0048291288,1.4150476,0.003412697,0.035629603,-0.2541996,0.27215525,-0.18854429,0.18815614,0.97290271,0.97290271,1,False,False,monte_carlo_add_one,10000,63744,63745
ordinal,PRIMARY,S6_leave_out_complete_response,sensitivity,UV Response Up,109,-0.27412611,1.271398,-0.21560999,-2.2510343,-0.51300022,-0.031574446,-0.41995045,-0.024641988,0.02729727,0.34121588,0.42015798,False,False,monte_carlo_add_one,10000,63744,63745
ordinal,PRIMARY,S6_leave_out_complete_response,sensitivity,Unfolded Protein Response,109,-0.02061564,1.3141679,-0.015687219,-0.16377938,-0.26577678,0.22574101,-0.20422088,0.1760443,0.87051295,0.93378417,1,False,False,monte_carlo_add_one,10000,63744,63745
ordinal,PRIMARY,S6_leave_out_complete_response,sensitivity,Wnt-beta Catenin Signaling,109,0.017671572,1.152046,0.015339294,0.16014693,-0.20108499,0.23266515,-0.17100413,0.215354,0.87671233,0.93378417,1,False,False,monte_carlo_add_one,10000,63744,63745
ordinal,PRIMARY,S6_leave_out_complete_response,sensitivity,Xenobiotic Metabolism,109,-0.05641757,1.2650531,-0.044596998,-0.46560632,-0.28820215,0.180885,-0.24329463,0.13877745,0.64493551,0.89859435,1,False,False,monte_carlo_add_one,10000,63744,63745
ordinal,PRIMARY,S6_leave_out_complete_response,sensitivity,heme Metabolism,109,0.055121703,1.3640395,0.040410636,0.42189942,-0.20437843,0.30952632,-0.15078942,0.23352231,0.67583242,0.89859435,1,False,False,monte_carlo_add_one,10000,63744,63745
ordinal,PRIMARY,S6_leave_out_complete_response,sensitivity,mTORC1 Signaling,109,-0.20592187,1.4083678,-0.14621313,-1.5265099,-0.47322756,0.062276222,-0.34348954,0.044493339,0.1279872,0.54307069,0.91630837,False,False,monte_carlo_add_one,10000,63744,63745
ordinal,PRIMARY,S6_leave_out_complete_response,sensitivity,p53 Pathway,109,-0.085900583,1.2464576,-0.068915771,-0.71950177,-0.31760557,0.14531422,-0.26524702,0.11540017,0.46765323,0.77942206,1,False,False,monte_carlo_add_one,10000,63744,63745
ordinal,PRIMARY,S6_leave_out_partial_response,sensitivity,Adipogenesis,103,-0.0025830972,1.4520476,-0.0017789343,-0.018054211,-0.27598403,0.2830722,-0.20992927,0.18580244,0.98720128,0.98720128,1,False,False,monte_carlo_add_one,10000,6040,6041
ordinal,PRIMARY,S6_leave_out_partial_response,sensitivity,Allograft Rejection,103,-0.094588003,1.2533004,-0.075471136,-0.76594837,-0.33259714,0.14203167,-0.2694719,0.11496876,0.44225577,0.66179096,1,False,False,monte_carlo_add_one,10000,6040,6041
ordinal,PRIMARY,S6_leave_out_partial_response,sensitivity,Androgen Response,103,-0.15204746,1.334991,-0.113894,-1.1558978,-0.4124573,0.10986664,-0.3144151,0.083362156,0.25477452,0.57903301,0.99520048,False,False,monte_carlo_add_one,10000,6040,6041
ordinal,PRIMARY,S6_leave_out_partial_response,sensitivity,Angiogenesis,103,-0.13363486,1.2869979,-0.10383457,-1.0538057,-0.37678321,0.11608996,-0.31830059,0.088144605,0.29437056,0.61327201,0.99850015,False,False,monte_carlo_add_one,10000,6040,6041
ordinal,PRIMARY,S6_leave_out_partial_response,sensitivity,Apical Junction,103,-0.11154299,1.3432861,-0.083037402,-0.84273759,-0.36597728,0.14340826,-0.28783543,0.10624374,0.41125887,0.66179096,0.99990001,False,False,monte_carlo_add_one,10000,6040,6041
ordinal,PRIMARY,S6_leave_out_partial_response,sensitivity,Apical Surface,103,-0.17114954,1.3509556,-0.12668776,-1.2857404,-0.42705583,0.089314739,-0.33574449,0.06435461,0.19688031,0.54688976,0.98190181,False,False,monte_carlo_add_one,10000,6040,6041
ordinal,PRIMARY,S6_leave_out_partial_response,sensitivity,Apoptosis,103,-0.10678937,1.289403,-0.082820784,-0.84053916,-0.35158924,0.13995785,-0.28584417,0.10613122,0.39956004,0.66179096,0.99990001,False,False,monte_carlo_add_one,10000,6040,6041
ordinal,PRIMARY,S6_leave_out_partial_response,sensitivity,Bile Acid Metabolism,103,-0.13705622,1.3641199,-0.10047227,-1.0196822,-0.3942012,0.12243661,-0.30336508,0.089284674,0.31686831,0.62475234,0.99930007,False,False,monte_carlo_add_one,10000,6040,6041
ordinal,PRIMARY,S6_leave_out_partial_response,sensitivity,Cholesterol Homeostasis,103,-0.20705284,1.2672128,-0.16339232,-1.6582509,-0.45237103,0.03264224,-0.36917307,0.026117123,0.10118988,0.42149631,0.85251475,False,False,monte_carlo_add_one,10000,6040,6041
ordinal,PRIMARY,S6_leave_out_partial_response,sensitivity,Coagulation,103,-0.006845772,1.3141104,-0.0052094343,-0.052869984,-0.25632589,0.24257336,-0.20406945,0.18468527,0.9610039,0.98061622,1,False,False,monte_carlo_add_one,10000,6040,6041
ordinal,PRIMARY,S6_leave_out_partial_response,sensitivity,Complement,103,-0.032422841,1.3481537,-0.024049811,-0.24407892,-0.28671348,0.2279419,-0.22155073,0.17026069,0.8070193,0.86168466,1,False,False,monte_carlo_add_one,10000,6040,6041
ordinal,PRIMARY,S6_leave_out_partial_response,sensitivity,DNA Repair,103,-0.17101559,1.3108436,-0.13046224,-1.3240471,-0.42299446,0.077344393,-0.32025537,0.061717296,0.18958104,0.54688976,0.97590241,False,False,monte_carlo_add_one,10000,6040,6041
ordinal,PRIMARY,S6_leave_out_partial_response,sensitivity,E2F Targets,103,-0.32558876,1.3303662,-0.24473619,-2.4838011,-0.5841396,-0.072668947,-0.43812556,-0.056736087,0.01389861,0.2316435,0.27547245,False,False,monte_carlo_add_one,10000,6040,6041
ordinal,PRIMARY,S6_leave_out_partial_response,sensitivity,Epithelial Mesenchymal Transition,103,-0.091653239,1.2609124,-0.072688029,-0.73770292,-0.32819067,0.15214082,-0.28716721,0.11578238,0.46325367,0.66179096,1,False,False,monte_carlo_add_one,10000,6040,6041
ordinal,PRIMARY,S6_leave_out_partial_response,sensitivity,Estrogen Response Early,103,-0.17334383,1.2586885,-0.13771782,-1.3976832,-0.41651301,0.073139486,-0.34709195,0.057214909,0.16748325,0.52338516,0.95930407,False,False,monte_carlo_add_one,10000,6040,6041
ordinal,PRIMARY,S6_leave_out_partial_response,sensitivity,Estrogen Response Late,103,-0.21087924,1.3262742,-0.15900124,-1.6136863,-0.46446459,0.048334864,-0.37818501,0.034483833,0.10958904,0.42149631,0.87371263,False,False,monte_carlo_add_one,10000,6040,6041
ordinal,PRIMARY,S6_leave_out_partial_response,sensitivity,Fatty Acid Metabolism,103,-0.092227161,1.2392408,-0.074422311,-0.75530397,-0.33182156,0.14951717,-0.27830474,0.11988361,0.45455454,0.66179096,1,False,False,monte_carlo_add_one,10000,6040,6041
ordinal,PRIMARY,S6_leave_out_partial_response,sensitivity,G2-M Checkpoint,103,-0.34197098,1.3622844,-0.2510276,-2.5476519,-0.60900508,-0.082452691,-0.44074603,-0.063995581,0.01109889,0.2316435,0.23927607,False,False,monte_carlo_add_one,10000,6040,6041
ordinal,PRIMARY,S6_leave_out_partial_response,sensitivity,Glycolysis,103,-0.31926745,1.5073695,-0.21180437,-2.1495796,-0.60915442,-0.02911554,-0.42128096,-0.019736442,0.03529647,0.302697,0.49265073,False,False,monte_carlo_add_one,10000,6040,6041
ordinal,PRIMARY,S6_leave_out_partial_response,sensitivity,Hedgehog Signaling,103,-0.2775892,1.4145809,-0.19623424,-1.99156,-0.54969581,-0.010764202,-0.39907016,-0.0076879142,0.049995,0.302697,0.61833817,False,False,monte_carlo_add_one,10000,6040,6041
ordinal,PRIMARY,S6_leave_out_partial_response,sensitivity,Hypoxia,103,-0.12199613,1.2696322,-0.09608777,-0.97518435,-0.3591649,0.11856504,-0.29944198,0.091170916,0.33736626,0.62475234,0.99950005,False,False,monte_carlo_add_one,10000,6040,6041
ordinal,PRIMARY,S6_leave_out_partial_response,sensitivity,IL-2/STAT5 Signaling,103,-0.12508104,1.295724,-0.096533708,-0.97971014,-0.37151128,0.12089097,-0.30073113,0.091895312,0.33376662,0.62475234,0.99940006,False,False,monte_carlo_add_one,10000,6040,6041
ordinal,PRIMARY,S6_leave_out_partial_response,sensitivity,IL-6/JAK/STAT3 Signaling,103,-0.055455938,1.2546825,-0.044199179,-0.44857268,-0.29886988,0.18260431,-0.2366736,0.15314895,0.65313469,0.81126034,1,False,False,monte_carlo_add_one,10000,6040,6041
ordinal,PRIMARY,S6_leave_out_partial_response,sensitivity,Inflammatory Response,103,-0.029749979,1.3134086,-0.022650971,-0.22988224,-0.27905314,0.21939903,-0.2123351,0.17463779,0.81841816,0.86168466,1,False,False,monte_carlo_add_one,10000,6040,6041
ordinal,PRIMARY,S6_leave_out_partial_response,sensitivity,Interferon Alpha Response,103,-0.043680267,1.3448351,-0.032480016,-0.32963616,-0.29813822,0.21661808,-0.2332056,0.15973922,0.7390261,0.86168466,1,False,False,monte_carlo_add_one,10000,6040,6041
ordinal,PRIMARY,S6_leave_out_partial_response,sensitivity,Interferon Gamma Response,103,-0.069190519,1.3589636,-0.050914181,-0.5167225,-0.32421178,0.19178787,-0.24347001,0.14148971,0.6020398,0.79274124,1,False,False,monte_carlo_add_one,10000,6040,6041
ordinal,PRIMARY,S6_leave_out_partial_response,sensitivity,KRAS Signaling Dn,103,-0.22536797,1.1745559,-0.19187505,-1.9473191,-0.45602325,0.0007744612,-0.403222,0.0006219422,0.055794421,0.302697,0.65223478,False,False,monte_carlo_add_one,10000,6040,6041
ordinal,PRIMARY,S6_leave_out_partial_response,sensitivity,KRAS Signaling Up,103,-0.098876458,1.2886162,-0.076730725,-0.77873181,-0.34752458,0.1479058,-0.27482436,0.11522405,0.43635636,0.66179096,1,False,False,monte_carlo_add_one,10000,6040,6041
ordinal,PRIMARY,S6_leave_out_partial_response,sensitivity,Mitotic Spindle,103,-0.28691167,1.4272246,-0.2010277,-2.0402083,-0.55698565,-0.007810883,-0.39809109,-0.005737178,0.04259574,0.302697,0.57814219,False,False,monte_carlo_add_one,10000,6040,6041
ordinal,PRIMARY,S6_leave_out_partial_response,sensitivity,Myc Targets V1,103,-0.18966244,1.228891,-0.15433626,-1.566342,-0.4313709,0.042970913,-0.34368651,0.037026503,0.1239876,0.44281286,0.89931007,False,False,monte_carlo_add_one,10000,6040,6041
ordinal,PRIMARY,S6_leave_out_partial_response,sensitivity,Myc Targets V2,103,-0.16863358,1.1981507,-0.14074488,-1.4284045,-0.39974881,0.058194784,-0.33611263,0.049928898,0.15458454,0.51528181,0.95090491,False,False,monte_carlo_add_one,10000,6040,6041
ordinal,PRIMARY,S6_leave_out_partial_response,sensitivity,Myogenesis,103,-0.14665077,1.244962,-0.11779537,-1.1954925,-0.37863803,0.09415022,-0.336689,0.072017799,0.23877612,0.57903301,0.9920008,False,False,monte_carlo_add_one,10000,6040,6041
ordinal,PRIMARY,S6_leave_out_partial_response,sensitivity,Notch Signaling,103,0.10416875,1.3812873,0.07541425,0.76537104,-0.16278774,0.37190526,-0.12056582,0.27091759,0.43945605,0.66179096,1,False,False,monte_carlo_add_one,10000,6040,6041
ordinal,PRIMARY,S6_leave_out_partial_response,sensitivity,Oxidative Phosphorylation,103,-0.13917104,1.2970713,-0.10729637,-1.0889392,-0.38923318,0.11133024,-0.3104707,0.084800746,0.28117188,0.61124322,0.9980002,False,False,monte_carlo_add_one,10000,6040,6041
ordinal,PRIMARY,S6_leave_out_partial_response,sensitivity,PI3K/AKT/mTOR  Signaling,103,-0.35886934,1.5410415,-0.23287455,-2.3634185,-0.66151847,-0.054261698,-0.44697247,-0.034514272,0.02029797,0.25372463,0.34686531,False,False,monte_carlo_add_one,10000,6040,6041
ordinal,PRIMARY,S6_leave_out_partial_response,sensitivity,Pancreas Beta Cells,103,-0.15484285,1.3337706,-0.11609406,-1.1782261,-0.40846518,0.10614076,-0.30890049,0.082223234,0.24387561,0.57903301,0.99360064,False,False,monte_carlo_add_one,10000,6040,6041
ordinal,PRIMARY,S6_leave_out_partial_response,sensitivity,Pperoxisome,103,-0.27139016,1.4519238,-0.18691764,-1.8970068,-0.55074912,0.0060691674,-0.37350886,0.004457918,0.062993701,0.302697,0.68943106,False,False,monte_carlo_add_one,10000,6040,6041
ordinal,PRIMARY,S6_leave_out_partial_response,sensitivity,Protein Secretion,103,-0.028872251,1.3387376,-0.021566774,-0.21887885,-0.28982742,0.22285899,-0.21340989,0.1742788,0.82721728,0.86168466,1,False,False,monte_carlo_add_one,10000,6040,6041
ordinal,PRIMARY,S6_leave_out_partial_response,sensitivity,Reactive Oxygen Species Pathway,103,-0.1777164,1.4671781,-0.12112803,-1.2293153,-0.45336578,0.10412125,-0.31599937,0.072032675,0.22317768,0.57903301,0.9890011,False,False,monte_carlo_add_one,10000,6040,6041
ordinal,PRIMARY,S6_leave_out_partial_response,sensitivity,Spermatogenesis,103,-0.36082121,1.3665947,-0.26402942,-2.679606,-0.62629669,-0.09786438,-0.47123787,-0.073176802,0.0087991201,0.2316435,0.17818218,False,False,monte_carlo_add_one,10000,6040,6041
ordinal,PRIMARY,S6_leave_out_partial_response,sensitivity,TGF-beta Signaling,103,-0.06507892,1.3405059,-0.048548028,-0.49270867,-0.32289873,0.19621513,-0.24757024,0.14695631,0.61833817,0.79274124,1,False,False,monte_carlo_add_one,10000,6040,6041
ordinal,PRIMARY,S6_leave_out_partial_response,sensitivity,TNF-alpha Signaling via NF-kB,103,-0.03198238,1.2767094,-0.025050634,-0.25423617,-0.27728911,0.21045295,-0.21695937,0.16904416,0.80061994,0.86168466,1,False,False,monte_carlo_add_one,10000,6040,6041
ordinal,PRIMARY,S6_leave_out_partial_response,sensitivity,UV Response Dn,103,-0.059567247,1.3891789,-0.042879464,-0.43517903,-0.32487285,0.20518435,-0.24725941,0.14504525,0.66523348,0.81126034,1,False,False,monte_carlo_add_one,10000,6040,6041
ordinal,PRIMARY,S6_leave_out_partial_response,sensitivity,UV Response Up,103,-0.23817654,1.2092349,-0.19696465,-1.9989729,-0.47454409,-0.0077249496,-0.39834395,-0.0067379138,0.050994901,0.302697,0.61233877,False,False,monte_carlo_add_one,10000,6040,6041
ordinal,PRIMARY,S6_leave_out_partial_response,sensitivity,Unfolded Protein Response,103,-0.033390094,1.3529004,-0.024680379,-0.25047849,-0.29431428,0.21873238,-0.21973116,0.16749909,0.80271973,0.86168466,1,False,False,monte_carlo_add_one,10000,6040,6041
ordinal,PRIMARY,S6_leave_out_partial_response,sensitivity,Wnt-beta Catenin Signaling,103,-0.034262586,1.2104383,-0.028305933,-0.28727384,-0.27212033,0.19349902,-0.22096479,0.17180622,0.77472253,0.86168466,1,False,False,monte_carlo_add_one,10000,6040,6041
ordinal,PRIMARY,S6_leave_out_partial_response,sensitivity,Xenobiotic Metabolism,103,-0.063195416,1.2569949,-0.050275,-0.51023552,-0.29976075,0.17922171,-0.25648836,0.13728394,0.60753925,0.79274124,1,False,False,monte_carlo_add_one,10000,6040,6041
ordinal,PRIMARY,S6_leave_out_partial_response,sensitivity,heme Metabolism,103,0.08517937,1.469278,0.057973625,0.58836803,-0.19685115,0.36581466,-0.13829123,0.24866094,0.56424358,0.78367163,1,False,False,monte_carlo_add_one,10000,6040,6041
ordinal,PRIMARY,S6_leave_out_partial_response,sensitivity,mTORC1 Signaling,103,-0.26643439,1.4595512,-0.18254542,-1.8526337,-0.55090279,0.017359348,-0.38429948,0.012279519,0.066593341,0.302697,0.72292771,False,False,monte_carlo_add_one,10000,6040,6041
ordinal,PRIMARY,S6_leave_out_partial_response,sensitivity,p53 Pathway,103,-0.097511894,1.2417066,-0.078530541,-0.79699795,-0.33790898,0.14267063,-0.27995527,0.1130437,0.42585741,0.66179096,1,False,False,monte_carlo_add_one,10000,6040,6041
ordinal,PRIMARY,S6_leave_out_progressive_disease,sensitivity,Adipogenesis,111,-0.0325301,1.3002168,-0.025018982,-0.26359133,-0.27074255,0.20989559,-0.2220151,0.15655127,0.78852115,0.97371215,1,False,False,monte_carlo_add_one,10000,8575,8576
ordinal,PRIMARY,S6_leave_out_progressive_disease,sensitivity,Allograft Rejection,111,-0.026746761,1.2021335,-0.02224941,-0.23441208,-0.25198463,0.1974509,-0.214398,0.16398737,0.81371863,0.97371215,1,False,False,monte_carlo_add_one,10000,8575,8576
ordinal,PRIMARY,S6_leave_out_progressive_disease,sensitivity,Androgen Response,111,-0.11676634,1.457007,-0.080141237,-0.84434033,-0.38769815,0.1571557,-0.26877878,0.10937175,0.40305969,0.80695634,1,False,False,monte_carlo_add_one,10000,8575,8576
ordinal,PRIMARY,S6_leave_out_progressive_disease,sensitivity,Angiogenesis,111,-0.10832082,1.2503159,-0.086634768,-0.91275392,-0.34310699,0.12529439,-0.29355962,0.096069062,0.35006499,0.80695634,0.99980002,False,False,monte_carlo_add_one,10000,8575,8576
ordinal,PRIMARY,S6_leave_out_progressive_disease,sensitivity,Apical Junction,111,-0.049182351,1.3703457,-0.03589047,-0.37812957,-0.3043903,0.20530645,-0.23520669,0.14879579,0.70252975,0.97371215,1,False,False,monte_carlo_add_one,10000,8575,8576
ordinal,PRIMARY,S6_leave_out_progressive_disease,sensitivity,Apical Surface,111,-0.12825912,1.3797291,-0.092959636,-0.97939053,-0.38014795,0.12654589,-0.2917073,0.090335322,0.32666733,0.80695634,0.99960004,False,False,monte_carlo_add_one,10000,8575,8576
ordinal,PRIMARY,S6_leave_out_progressive_disease,sensitivity,Apoptosis,111,-0.009832004,1.1792764,-0.0083373193,-0.087839109,-0.22788022,0.20991556,-0.20648511,0.17202211,0.93050695,0.97898373,1,False,False,monte_carlo_add_one,10000,8575,8576
ordinal,PRIMARY,S6_leave_out_progressive_disease,sensitivity,Bile Acid Metabolism,111,-0.12853733,1.4131868,-0.090955651,-0.95827725,-0.38449703,0.13638525,-0.28506496,0.094128658,0.32876712,0.80695634,0.99960004,False,False,monte_carlo_add_one,10000,8575,8576
ordinal,PRIMARY,S6_leave_out_progressive_disease,sensitivity,Cholesterol Homeostasis,111,-0.097445401,1.3117344,-0.074287448,-0.78266683,-0.34332603,0.14507455,-0.27055682,0.10898933,0.42965703,0.80695634,1,False,False,monte_carlo_add_one,10000,8575,8576
ordinal,PRIMARY,S6_leave_out_progressive_disease,sensitivity,Coagulation,111,0.027169029,1.2541944,0.021662534,0.22822896,-0.20823767,0.26212607,-0.17431491,0.20408574,0.81791821,0.97371215,1,False,False,monte_carlo_add_one,10000,8575,8576
ordinal,PRIMARY,S6_leave_out_progressive_disease,sensitivity,Complement,111,0.047884565,1.2803628,0.037399217,0.3940252,-0.19069224,0.28277486,-0.15789847,0.21670847,0.69023098,0.97371215,1,False,False,monte_carlo_add_one,10000,8575,8576
ordinal,PRIMARY,S6_leave_out_progressive_disease,sensitivity,DNA Repair,111,-0.21694693,1.2814435,-0.16929887,-1.7836743,-0.45330166,0.016352345,-0.34614957,0.012903545,0.078292171,0.3616305,0.76512349,False,False,monte_carlo_add_one,10000,8575,8576
ordinal,PRIMARY,S6_leave_out_progressive_disease,sensitivity,E2F Targets,111,-0.35531316,1.2981807,-0.27370085,-2.8836173,-0.59764583,-0.1204325,-0.46081767,-0.096106017,0.00479952,0.081658501,0.11308869,False,True,monte_carlo_add_one,10000,8575,8576
ordinal,PRIMARY,S6_leave_out_progressive_disease,sensitivity,Epithelial Mesenchymal Transition,111,-0.091126706,1.2354266,-0.073761329,-0.77712382,-0.31917765,0.14328923,-0.28358004,0.10886377,0.43575642,0.80695634,1,False,False,monte_carlo_add_one,10000,8575,8576
ordinal,PRIMARY,S6_leave_out_progressive_disease,sensitivity,Estrogen Response Early,111,-0.10920759,1.3233306,-0.082524803,-0.86945275,-0.35109998,0.14078219,-0.28478217,0.10206472,0.38266173,0.80695634,1,False,False,monte_carlo_add_one,10000,8575,8576
ordinal,PRIMARY,S6_leave_out_progressive_disease,sensitivity,Estrogen Response Late,111,-0.18903035,1.3472464,-0.14030867,-1.4782435,-0.43444387,0.059156111,-0.34425706,0.042755853,0.13858614,0.43308169,0.93120688,False,False,monte_carlo_add_one,10000,8575,8576
ordinal,PRIMARY,S6_leave_out_progressive_disease,sensitivity,Fatty Acid Metabolism,111,-0.070832276,1.1962797,-0.059210464,-0.62382095,-0.28829621,0.15222944,-0.24987234,0.127002,0.52564744,0.91077099,1,False,False,monte_carlo_add_one,10000,8575,8576
ordinal,PRIMARY,S6_leave_out_progressive_disease,sensitivity,G2-M Checkpoint,111,-0.36606104,1.3301018,-0.2752128,-2.8995467,-0.61870035,-0.12515071,-0.45949236,-0.097908943,0.00379962,0.081658501,0.10848915,False,True,monte_carlo_add_one,10000,8575,8576
ordinal,PRIMARY,S6_leave_out_progressive_disease,sensitivity,Glycolysis,111,-0.30079737,1.511918,-0.19895085,-2.0960773,-0.57537309,-0.025144182,-0.39887544,-0.016565003,0.03769623,0.3449655,0.53114689,False,False,monte_carlo_add_one,10000,8575,8576
ordinal,PRIMARY,S6_leave_out_progressive_disease,sensitivity,Hedgehog Signaling,111,-0.23686554,1.4494506,-0.16341746,-1.7217098,-0.50472573,0.031454189,-0.35824815,0.022560415,0.085691431,0.3616305,0.81091891,False,False,monte_carlo_add_one,10000,8575,8576
ordinal,PRIMARY,S6_leave_out_progressive_disease,sensitivity,Hypoxia,111,-0.057196149,1.2397515,-0.046135173,-0.48606421,-0.28813202,0.17195886,-0.24541524,0.13698176,0.62583742,0.97371215,1,False,False,monte_carlo_add_one,10000,8575,8576
ordinal,PRIMARY,S6_leave_out_progressive_disease,sensitivity,IL-2/STAT5 Signaling,111,-0.047505342,1.2445382,-0.038171059,-0.40215706,-0.28317891,0.18232047,-0.23926358,0.14352601,0.69263074,0.97371215,1,False,False,monte_carlo_add_one,10000,8575,8576
ordinal,PRIMARY,S6_leave_out_progressive_disease,sensitivity,IL-6/JAK/STAT3 Signaling,111,0.028874043,1.1677357,0.024726523,0.26051008,-0.19003577,0.24384604,-0.16625471,0.21358961,0.79042096,0.97371215,1,False,False,monte_carlo_add_one,10000,8575,8576
ordinal,PRIMARY,S6_leave_out_progressive_disease,sensitivity,Inflammatory Response,111,0.046082428,1.2010957,0.038366991,0.40422133,-0.17847902,0.26493575,-0.15453669,0.2188063,0.68993101,0.97371215,1,False,False,monte_carlo_add_one,10000,8575,8576
ordinal,PRIMARY,S6_leave_out_progressive_disease,sensitivity,Interferon Alpha Response,111,-0.0031446963,1.2928196,-0.0024324325,-0.025627267,-0.24274866,0.23898871,-0.1966616,0.18028452,0.98070193,0.98070193,1,False,False,monte_carlo_add_one,10000,8575,8576
ordinal,PRIMARY,S6_leave_out_progressive_disease,sensitivity,Interferon Gamma Response,111,0.010039022,1.2955101,0.0077490879,0.081641707,-0.22899228,0.25214056,-0.18659345,0.19466927,0.93830617,0.97898373,1,False,False,monte_carlo_add_one,10000,8575,8576
ordinal,PRIMARY,S6_leave_out_progressive_disease,sensitivity,KRAS Signaling Dn,111,-0.18871926,1.2196017,-0.15473844,-1.6302706,-0.40959768,0.041817082,-0.35247161,0.033627664,0.10918908,0.389961,0.86571343,False,False,monte_carlo_add_one,10000,8575,8576
ordinal,PRIMARY,S6_leave_out_progressive_disease,sensitivity,KRAS Signaling Up,111,-0.062137143,1.2466545,-0.049843114,-0.52512979,-0.29092465,0.16982764,-0.24795204,0.13151021,0.59824018,0.97371215,1,False,False,monte_carlo_add_one,10000,8575,8576
ordinal,PRIMARY,S6_leave_out_progressive_disease,sensitivity,Mitotic Spindle,111,-0.22092176,1.4397188,-0.15344786,-1.6166735,-0.49574988,0.038987286,-0.3414996,0.028113492,0.10538946,0.389961,0.8730127,False,False,monte_carlo_add_one,10000,8575,8576
ordinal,PRIMARY,S6_leave_out_progressive_disease,sensitivity,Myc Targets V1,111,-0.24836512,1.2626451,-0.19670224,-2.0723867,-0.48431657,-0.018268599,-0.38845354,-0.015349788,0.04139586,0.3449655,0.5480452,False,False,monte_carlo_add_one,10000,8575,8576
ordinal,PRIMARY,S6_leave_out_progressive_disease,sensitivity,Myc Targets V2,111,-0.26007389,1.2248796,-0.21232608,-2.2369941,-0.48296477,-0.039185062,-0.40540579,-0.031838585,0.02849715,0.3449655,0.42535746,False,False,monte_carlo_add_one,10000,8575,8576
ordinal,PRIMARY,S6_leave_out_progressive_disease,sensitivity,Myogenesis,111,-0.14303926,1.2508481,-0.11435382,-1.2047923,-0.37160302,0.092444172,-0.32734725,0.07018012,0.22707729,0.63077026,0.99230077,False,False,monte_carlo_add_one,10000,8575,8576
ordinal,PRIMARY,S6_leave_out_progressive_disease,sensitivity,Notch Signaling,111,0.034814805,1.3798134,0.025231531,0.26583068,-0.21724219,0.29013786,-0.1640346,0.21030261,0.77972203,0.97371215,1,False,False,monte_carlo_add_one,10000,8575,8576
ordinal,PRIMARY,S6_leave_out_progressive_disease,sensitivity,Oxidative Phosphorylation,111,-0.21095756,1.2776897,-0.1651086,-1.7395271,-0.44065773,0.028216659,-0.36441084,0.020609867,0.086791321,0.3616305,0.79882012,False,False,monte_carlo_add_one,10000,8575,8576
ordinal,PRIMARY,S6_leave_out_progressive_disease,sensitivity,PI3K/AKT/mTOR  Signaling,111,-0.2774849,1.5361546,-0.18063605,-1.9031189,-0.56006779,0.011536388,-0.37992113,0.0076140005,0.054594541,0.3616305,0.68033197,False,False,monte_carlo_add_one,10000,8575,8576
ordinal,PRIMARY,S6_leave_out_progressive_disease,sensitivity,Pancreas Beta Cells,111,-0.10533304,1.3801528,-0.076319834,-0.80407935,-0.35221705,0.15592727,-0.25760885,0.11429762,0.42155784,0.80695634,1,False,False,monte_carlo_add_one,10000,8575,8576
ordinal,PRIMARY,S6_leave_out_progressive_disease,sensitivity,Pperoxisome,111,-0.25450366,1.4519757,-0.17528093,-1.8466992,-0.52666967,0.013016855,-0.35907509,0.0092831628,0.067593241,0.3616305,0.72212779,False,False,monte_carlo_add_one,10000,8575,8576
ordinal,PRIMARY,S6_leave_out_progressive_disease,sensitivity,Protein Secretion,111,-0.010160425,1.3597028,-0.007472534,-0.078728031,-0.26353954,0.2417991,-0.19238184,0.18594155,0.93960604,0.97898373,1,False,False,monte_carlo_add_one,10000,8575,8576
ordinal,PRIMARY,S6_leave_out_progressive_disease,sensitivity,Reactive Oxygen Species Pathway,111,-0.082063616,1.3863346,-0.059194666,-0.62365451,-0.33657792,0.1707728,-0.25041899,0.1235762,0.52824718,0.91077099,1,False,False,monte_carlo_add_one,10000,8575,8576
ordinal,PRIMARY,S6_leave_out_progressive_disease,sensitivity,Spermatogenesis,111,-0.38815976,1.3899491,-0.27926186,-2.9422062,-0.64857428,-0.13504077,-0.48188688,-0.097949956,0.00489951,0.081658501,0.096790321,False,True,monte_carlo_add_one,10000,8575,8576
ordinal,PRIMARY,S6_leave_out_progressive_disease,sensitivity,TGF-beta Signaling,111,0.031686423,1.322642,0.023956916,0.25240177,-0.21293939,0.27147693,-0.16361176,0.20746044,0.8040196,0.97371215,1,False,False,monte_carlo_add_one,10000,8575,8576
ordinal,PRIMARY,S6_leave_out_progressive_disease,sensitivity,TNF-alpha Signaling via NF-kB,111,0.10051898,1.1872425,0.084665927,0.89201089,-0.12137237,0.31614231,-0.10323422,0.26781457,0.37216278,0.80695634,0.99990001,False,False,monte_carlo_add_one,10000,8575,8576
ordinal,PRIMARY,S6_leave_out_progressive_disease,sensitivity,UV Response Dn,111,-0.024727642,1.4238152,-0.017367171,-0.1829745,-0.28761699,0.24604507,-0.21217461,0.16972803,0.86231377,0.97898373,1,False,False,monte_carlo_add_one,10000,8575,8576
ordinal,PRIMARY,S6_leave_out_progressive_disease,sensitivity,UV Response Up,111,-0.21215669,1.2773102,-0.16609645,-1.7499347,-0.44465573,0.022418712,-0.36123497,0.017551331,0.081891811,0.3616305,0.79042096,False,False,monte_carlo_add_one,10000,8575,8576
ordinal,PRIMARY,S6_leave_out_progressive_disease,sensitivity,Unfolded Protein Response,111,-0.065710901,1.3336168,-0.0492727,-0.5191201,-0.31118775,0.17744206,-0.23400056,0.13684777,0.60893911,0.97371215,1,False,False,monte_carlo_add_one,10000,8575,8576
ordinal,PRIMARY,S6_leave_out_progressive_disease,sensitivity,Wnt-beta Catenin Signaling,111,0.0067680012,1.1880263,0.0056968445,0.060019981,-0.2155418,0.21804775,-0.17876629,0.19442409,0.95250475,0.97898373,1,False,False,monte_carlo_add_one,10000,8575,8576
ordinal,PRIMARY,S6_leave_out_progressive_disease,sensitivity,Xenobiotic Metabolism,111,0.0059186239,1.2233892,0.0048378914,0.050970349,-0.21853247,0.23620515,-0.19257305,0.18374339,0.95940406,0.97898373,1,False,False,monte_carlo_add_one,10000,8575,8576
ordinal,PRIMARY,S6_leave_out_progressive_disease,sensitivity,heme Metabolism,111,0.14842751,1.2391969,0.11977718,1.2619309,-0.082989089,0.37947073,-0.068959272,0.30802577,0.20637936,0.60699812,0.98630137,False,False,monte_carlo_add_one,10000,8575,8576
ordinal,PRIMARY,S6_leave_out_progressive_disease,sensitivity,mTORC1 Signaling,111,-0.20843843,1.4526658,-0.14348685,-1.5117278,-0.47596362,0.063354091,-0.33763669,0.04380071,0.13538646,0.43308169,0.91950805,False,False,monte_carlo_add_one,10000,8575,8576
ordinal,PRIMARY,S6_leave_out_progressive_disease,sensitivity,p53 Pathway,111,-0.010671208,1.2263411,-0.0087016643,-0.091677722,-0.23986774,0.21573567,-0.203274,0.17520597,0.9270073,0.97898373,1,False,False,monte_carlo_add_one,10000,8575,8576
ordinal,PRIMARY,S6_leave_out_stable_disease,sensitivity,Adipogenesis,104,0.040134352,1.4449982,0.027774673,0.2832472,-0.2337973,0.32127681,-0.17590689,0.21199856,0.77362264,0.89956121,1,False,False,monte_carlo_add_one,10000,95698,95699
ordinal,PRIMARY,S6_leave_out_stable_disease,sensitivity,Allograft Rejection,104,-0.090598918,1.2535256,-0.072275285,-0.73706618,-0.32746608,0.15111354,-0.26648626,0.12228632,0.46635336,0.73211429,1,False,False,monte_carlo_add_one,10000,95698,95699
ordinal,PRIMARY,S6_leave_out_stable_disease,sensitivity,Androgen Response,104,-0.16767937,1.4079926,-0.11909109,-1.2144956,-0.43652032,0.099103787,-0.31748733,0.069547762,0.22507749,0.4892989,0.99160084,False,False,monte_carlo_add_one,10000,95698,95699
ordinal,PRIMARY,S6_leave_out_stable_disease,sensitivity,Angiogenesis,104,-0.17166273,1.2547572,-0.13680952,-1.3951888,-0.40674028,0.075473904,-0.35615092,0.056342889,0.17068293,0.4649535,0.96030397,False,False,monte_carlo_add_one,10000,95698,95699
ordinal,PRIMARY,S6_leave_out_stable_disease,sensitivity,Apical Junction,104,-0.04266602,1.3894654,-0.03070679,-0.31314904,-0.30724136,0.23283981,-0.23457484,0.16576378,0.7540246,0.89956121,1,False,False,monte_carlo_add_one,10000,95698,95699
ordinal,PRIMARY,S6_leave_out_stable_disease,sensitivity,Apical Surface,104,-0.098980659,1.4013761,-0.070631047,-0.72029817,-0.36595316,0.17197362,-0.27598813,0.121886,0.46855314,0.73211429,1,False,False,monte_carlo_add_one,10000,95698,95699
ordinal,PRIMARY,S6_leave_out_stable_disease,sensitivity,Apoptosis,104,-0.075004308,1.2431409,-0.060334521,-0.6152938,-0.30904065,0.16988058,-0.26034161,0.13502101,0.54744526,0.80506655,1,False,False,monte_carlo_add_one,10000,95698,95699
ordinal,PRIMARY,S6_leave_out_stable_disease,sensitivity,Bile Acid Metabolism,104,-0.10704898,1.4259673,-0.07507113,-0.76557831,-0.37952392,0.16561585,-0.27733434,0.1153917,0.43775622,0.73211429,1,False,False,monte_carlo_add_one,10000,95698,95699
ordinal,PRIMARY,S6_leave_out_stable_disease,sensitivity,Cholesterol Homeostasis,104,-0.16224991,1.3185572,-0.1230511,-1.2548799,-0.41747797,0.083802236,-0.33034264,0.062895859,0.21047895,0.4892989,0.98740126,False,False,monte_carlo_add_one,10000,95698,95699
ordinal,PRIMARY,S6_leave_out_stable_disease,sensitivity,Coagulation,104,-0.0010864722,1.2875265,-0.00084384456,-0.0086055598,-0.24180745,0.24981355,-0.20148355,0.18708352,0.99310069,0.99940006,1,False,False,monte_carlo_add_one,10000,95698,95699
ordinal,PRIMARY,S6_leave_out_stable_disease,sensitivity,Complement,104,0.020464906,1.3718648,0.014917582,0.15213008,-0.23521794,0.28733306,-0.18045095,0.20814724,0.88111189,0.97901321,1,False,False,monte_carlo_add_one,10000,95698,95699
ordinal,PRIMARY,S6_leave_out_stable_disease,sensitivity,DNA Repair,104,-0.22193951,1.256103,-0.17668894,-1.8018807,-0.46306583,0.016022021,-0.37560721,0.012853463,0.073492651,0.26247375,0.75272473,False,False,monte_carlo_add_one,10000,95698,95699
ordinal,PRIMARY,S6_leave_out_stable_disease,sensitivity,E2F Targets,104,-0.41136021,1.256356,-0.32742329,-3.3390755,-0.65212029,-0.17938204,-0.5079068,-0.15121452,0.00139986,0.0249975,0.03139686,True,False,monte_carlo_add_one,10000,95698,95699
ordinal,PRIMARY,S6_leave_out_stable_disease,sensitivity,Epithelial Mesenchymal Transition,104,-0.052476433,1.2685379,-0.04136765,-0.42186891,-0.29074733,0.20041508,-0.25605613,0.14746223,0.67493251,0.86529809,1,False,False,monte_carlo_add_one,10000,95698,95699
ordinal,PRIMARY,S6_leave_out_stable_disease,sensitivity,Estrogen Response Early,104,-0.16311099,1.3299986,-0.12263998,-1.2506873,-0.41534197,0.095333175,-0.33605042,0.068620112,0.21567843,0.4892989,0.98780122,False,False,monte_carlo_add_one,10000,95698,95699
ordinal,PRIMARY,S6_leave_out_stable_disease,sensitivity,Estrogen Response Late,104,-0.26952583,1.3920912,-0.19361219,-1.9744647,-0.53208388,-0.00076163706,-0.41302546,-0.00050451145,0.04719528,0.214524,0.62243776,False,False,monte_carlo_add_one,10000,95698,95699
ordinal,PRIMARY,S6_leave_out_stable_disease,sensitivity,Fatty Acid Metabolism,104,-0.080445346,1.2375757,-0.065002365,-0.66289665,-0.31608998,0.15246027,-0.26964808,0.12222123,0.51174883,0.77537701,1,False,False,monte_carlo_add_one,10000,95698,95699
ordinal,PRIMARY,S6_leave_out_stable_disease,sensitivity,G2-M Checkpoint,104,-0.43532371,1.2740947,-0.34167297,-3.4843943,-0.68270789,-0.19783648,-0.51956566,-0.16676313,0.00079992001,0.0249975,0.01949805,True,False,monte_carlo_add_one,10000,95698,95699
ordinal,PRIMARY,S6_leave_out_stable_disease,sensitivity,Glycolysis,104,-0.30982396,1.519509,-0.20389742,-2.0793538,-0.60184353,-0.021569152,-0.41408402,-0.014182446,0.03949605,0.19748025,0.5420458,False,False,monte_carlo_add_one,10000,95698,95699
ordinal,PRIMARY,S6_leave_out_stable_disease,sensitivity,Hedgehog Signaling,104,-0.18979143,1.4199272,-0.13366279,-1.3630984,-0.46061412,0.084958054,-0.33791706,0.059386816,0.17668233,0.4649535,0.96790321,False,False,monte_carlo_add_one,10000,95698,95699
ordinal,PRIMARY,S6_leave_out_stable_disease,sensitivity,Hypoxia,104,-0.093773976,1.2572941,-0.074583964,-0.76061017,-0.33204249,0.15215674,-0.28287051,0.1166845,0.44655534,0.73211429,1,False,False,monte_carlo_add_one,10000,95698,95699
ordinal,PRIMARY,S6_leave_out_stable_disease,sensitivity,IL-2/STAT5 Signaling,104,-0.13487124,1.3054301,-0.10331556,-1.0536161,-0.38084532,0.12248431,-0.30893355,0.091660164,0.29707029,0.61889644,0.99850015,False,False,monte_carlo_add_one,10000,95698,95699
ordinal,PRIMARY,S6_leave_out_stable_disease,sensitivity,IL-6/JAK/STAT3 Signaling,104,0.00015608808,1.2602248,0.00012385733,0.0012631018,-0.23753676,0.24618211,-0.19011381,0.20112772,0.99940006,0.99940006,1,False,False,monte_carlo_add_one,10000,95698,95699
ordinal,PRIMARY,S6_leave_out_stable_disease,sensitivity,Inflammatory Response,104,-0.0046951894,1.2941623,-0.0036279759,-0.036998239,-0.24510025,0.24804764,-0.19474283,0.19089905,0.97240276,0.99940006,1,False,False,monte_carlo_add_one,10000,95698,95699
ordinal,PRIMARY,S6_leave_out_stable_disease,sensitivity,Interferon Alpha Response,104,0.044047733,1.2929235,0.03406832,0.34743006,-0.19751939,0.290871,-0.15845334,0.22535154,0.73142686,0.89956121,1,False,False,monte_carlo_add_one,10000,95698,95699
ordinal,PRIMARY,S6_leave_out_stable_disease,sensitivity,Interferon Gamma Response,104,0.0065926713,1.3276263,0.0049657582,0.050640996,-0.23933311,0.26095009,-0.18666946,0.19928305,0.96090391,0.99940006,1,False,False,monte_carlo_add_one,10000,95698,95699
ordinal,PRIMARY,S6_leave_out_stable_disease,sensitivity,KRAS Signaling Dn,104,-0.27561492,1.1956047,-0.23052345,-2.3508871,-0.50562312,-0.043724646,-0.4419305,-0.035909078,0.02209779,0.13811119,0.3489651,False,False,monte_carlo_add_one,10000,95698,95699
ordinal,PRIMARY,S6_leave_out_stable_disease,sensitivity,KRAS Signaling Up,104,-0.11316916,1.311048,-0.086319614,-0.88029079,-0.36096586,0.14491727,-0.28977198,0.10776064,0.38966103,0.73211429,0.99990001,False,False,monte_carlo_add_one,10000,95698,95699
ordinal,PRIMARY,S6_leave_out_stable_disease,sensitivity,Mitotic Spindle,104,-0.29048169,1.3904004,-0.20891945,-2.1305687,-0.5619407,-0.023023622,-0.40920826,-0.016822553,0.0329967,0.183315,0.50624938,False,False,monte_carlo_add_one,10000,95698,95699
ordinal,PRIMARY,S6_leave_out_stable_disease,sensitivity,Myc Targets V1,104,-0.3287055,1.2242788,-0.26848908,-2.7380621,-0.56199435,-0.10138311,-0.46369793,-0.083866439,0.0077992201,0.088991101,0.15628437,False,True,monte_carlo_add_one,10000,95698,95699
ordinal,PRIMARY,S6_leave_out_stable_disease,sensitivity,Myc Targets V2,104,-0.33162183,1.2575375,-0.26370731,-2.6892974,-0.56539651,-0.088094545,-0.46943561,-0.070407113,0.0088991101,0.088991101,0.17648235,False,True,monte_carlo_add_one,10000,95698,95699
ordinal,PRIMARY,S6_leave_out_stable_disease,sensitivity,Myogenesis,104,-0.12297902,1.2943233,-0.095014144,-0.96895795,-0.36440221,0.13065659,-0.30989994,0.095225216,0.33816618,0.67633237,0.99960004,False,False,monte_carlo_add_one,10000,95698,95699
ordinal,PRIMARY,S6_leave_out_stable_disease,sensitivity,Notch Signaling,104,0.18628638,1.3965149,0.13339377,1.3603549,-0.078009157,0.45558999,-0.057808358,0.32922055,0.17458254,0.4649535,0.96830317,False,False,monte_carlo_add_one,10000,95698,95699
ordinal,PRIMARY,S6_leave_out_stable_disease,sensitivity,Oxidative Phosphorylation,104,-0.17112916,1.2299713,-0.13913264,-1.4188801,-0.40902489,0.065421416,-0.34814505,0.051483629,0.16058394,0.4649535,0.95310469,False,False,monte_carlo_add_one,10000,95698,95699
ordinal,PRIMARY,S6_leave_out_stable_disease,sensitivity,PI3K/AKT/mTOR  Signaling,104,-0.36920836,1.5312286,-0.24111903,-2.4589413,-0.65740262,-0.069911539,-0.44455724,-0.045092681,0.01689831,0.13641493,0.28537146,False,False,monte_carlo_add_one,10000,95698,95699
ordinal,PRIMARY,S6_leave_out_stable_disease,sensitivity,Pancreas Beta Cells,104,-0.17294453,1.2657453,-0.13663454,-1.3934044,-0.41815551,0.069533889,-0.33476716,0.055816103,0.16928307,0.4649535,0.96090391,False,False,monte_carlo_add_one,10000,95698,95699
ordinal,PRIMARY,S6_leave_out_stable_disease,sensitivity,Pperoxisome,104,-0.26072537,1.4152984,-0.18421936,-1.8786762,-0.53632028,-0.0041624372,-0.36852958,-0.0034859444,0.064993501,0.26247375,0.6950305,False,False,monte_carlo_add_one,10000,95698,95699
ordinal,PRIMARY,S6_leave_out_stable_disease,sensitivity,Protein Secretion,104,0.042795637,1.4106845,0.030336788,0.30937574,-0.23243773,0.31231581,-0.16313651,0.23282144,0.75592441,0.89956121,1,False,False,monte_carlo_add_one,10000,95698,95699
ordinal,PRIMARY,S6_leave_out_stable_disease,sensitivity,Reactive Oxygen Species Pathway,104,-0.066270892,1.5102529,-0.043880657,-0.44749666,-0.35553415,0.22352444,-0.23870225,0.14938564,0.67353265,0.86529809,1,False,False,monte_carlo_add_one,10000,95698,95699
ordinal,PRIMARY,S6_leave_out_stable_disease,sensitivity,Spermatogenesis,104,-0.43918663,1.3629194,-0.32223961,-3.2862121,-0.69535815,-0.17445185,-0.53130267,-0.12697859,0.00149985,0.0249975,0.03719628,True,False,monte_carlo_add_one,10000,95698,95699
ordinal,PRIMARY,S6_leave_out_stable_disease,sensitivity,TGF-beta Signaling,104,-0.055207944,1.2808658,-0.043102052,-0.43955641,-0.30299321,0.18379231,-0.23913119,0.15008505,0.6620338,0.86529809,1,False,False,monte_carlo_add_one,10000,95698,95699
ordinal,PRIMARY,S6_leave_out_stable_disease,sensitivity,TNF-alpha Signaling via NF-kB,104,-0.011048679,1.2284103,-0.0089942902,-0.091724123,-0.2460319,0.22322827,-0.20042712,0.18664373,0.93040696,0.99940006,1,False,False,monte_carlo_add_one,10000,95698,95699
ordinal,PRIMARY,S6_leave_out_stable_disease,sensitivity,UV Response Dn,104,0.071260877,1.3650015,0.052205713,0.5323959,-0.1880451,0.33488225,-0.15124223,0.23536606,0.59774023,0.85391461,1,False,False,monte_carlo_add_one,10000,95698,95699
ordinal,PRIMARY,S6_leave_out_stable_disease,sensitivity,UV Response Up,104,-0.30675847,1.2932103,-0.23720695,-2.4190457,-0.5492028,-0.056241589,-0.44601254,-0.042673601,0.01909809,0.13641493,0.31006899,False,False,monte_carlo_add_one,10000,95698,95699
ordinal,PRIMARY,S6_leave_out_stable_disease,sensitivity,Unfolded Protein Response,104,-0.060797411,1.3078288,-0.046487287,-0.47407917,-0.30757361,0.18931924,-0.23645238,0.14986873,0.6360364,0.86529809,1,False,False,monte_carlo_add_one,10000,95698,95699
ordinal,PRIMARY,S6_leave_out_stable_disease,sensitivity,Wnt-beta Catenin Signaling,104,-0.094253063,1.1663435,-0.080810722,-0.82411089,-0.3169885,0.12778876,-0.26262948,0.11583777,0.41465853,0.73211429,1,False,False,monte_carlo_add_one,10000,95698,95699
ordinal,PRIMARY,S6_leave_out_stable_disease,sensitivity,Xenobiotic Metabolism,104,-0.028182237,1.2927799,-0.021799718,-0.22231437,-0.27134226,0.22798091,-0.22853262,0.16862442,0.82821718,0.94115588,1,False,False,monte_carlo_add_one,10000,95698,95699
ordinal,PRIMARY,S6_leave_out_stable_disease,sensitivity,heme Metabolism,104,0.11151777,1.3918716,0.080120731,0.81707435,-0.14790809,0.38380272,-0.11326994,0.2703279,0.4209579,0.73211429,1,False,False,monte_carlo_add_one,10000,95698,95699
ordinal,PRIMARY,S6_leave_out_stable_disease,sensitivity,mTORC1 Signaling,104,-0.25296147,1.4384274,-0.17585974,-1.7934245,-0.52534729,0.017240638,-0.37271699,0.012178809,0.072992701,0.26247375,0.75762424,False,False,monte_carlo_add_one,10000,95698,95699
ordinal,PRIMARY,S6_leave_out_stable_disease,sensitivity,p53 Pathway,104,-0.1448729,1.2011348,-0.12061336,-1.2300197,-0.37447735,0.091146577,-0.32045652,0.074449879,0.22167783,0.4892989,0.990001,False,False,monte_carlo_add_one,10000,95698,95699
ordinal,PRIMARY,S6_leave_out_stringent_complete_response,sensitivity,Adipogenesis,114,0.0015677193,1.4305742,0.0010958672,0.01170066,-0.25338182,0.26651167,-0.19319757,0.17841889,0.99180082,0.99390061,1,False,False,monte_carlo_add_one,10000,82543,82544
ordinal,PRIMARY,S6_leave_out_stringent_complete_response,sensitivity,Allograft Rejection,114,-0.085425095,1.2459138,-0.06856421,-0.73206543,-0.31249325,0.14420188,-0.25398031,0.11578322,0.46255374,0.92510749,1,False,False,monte_carlo_add_one,10000,82543,82544
ordinal,PRIMARY,S6_leave_out_stringent_complete_response,sensitivity,Androgen Response,114,-0.10013871,1.4253775,-0.07025417,-0.75010927,-0.36773567,0.16008593,-0.26228506,0.11335189,0.46175382,0.92510749,1,False,False,monte_carlo_add_one,10000,82543,82544
ordinal,PRIMARY,S6_leave_out_stringent_complete_response,sensitivity,Angiogenesis,114,-0.11787811,1.2950606,-0.091021308,-0.97184163,-0.35237892,0.12292185,-0.29068717,0.090740339,0.33256674,0.83348808,0.99980002,False,False,monte_carlo_add_one,10000,82543,82544
ordinal,PRIMARY,S6_leave_out_stringent_complete_response,sensitivity,Apical Junction,114,-0.031613184,1.3813519,-0.022885685,-0.24435225,-0.28128568,0.22049488,-0.21322919,0.15650827,0.8140186,0.99390061,1,False,False,monte_carlo_add_one,10000,82543,82544
ordinal,PRIMARY,S6_leave_out_stringent_complete_response,sensitivity,Apical Surface,114,-0.15512963,1.4090813,-0.11009274,-1.1754688,-0.40552062,0.10914873,-0.30498546,0.077288613,0.24267573,0.67409926,0.99390061,False,False,monte_carlo_add_one,10000,82543,82544
ordinal,PRIMARY,S6_leave_out_stringent_complete_response,sensitivity,Apoptosis,114,-0.046134795,1.2851186,-0.035899251,-0.38329912,-0.27690949,0.18873332,-0.22502622,0.14486748,0.69983002,0.94571624,1,False,False,monte_carlo_add_one,10000,82543,82544
ordinal,PRIMARY,S6_leave_out_stringent_complete_response,sensitivity,Bile Acid Metabolism,114,-0.067035141,1.4252205,-0.047034927,-0.50219559,-0.31827516,0.19405037,-0.23460339,0.13554165,0.61193881,0.94571624,1,False,False,monte_carlo_add_one,10000,82543,82544
ordinal,PRIMARY,S6_leave_out_stringent_complete_response,sensitivity,Cholesterol Homeostasis,114,-0.1196871,1.342563,-0.089148218,-0.9518425,-0.36127108,0.1242778,-0.27863511,0.09124775,0.35006499,0.83348808,0.99990001,False,False,monte_carlo_add_one,10000,82543,82544
ordinal,PRIMARY,S6_leave_out_stringent_complete_response,sensitivity,Coagulation,114,-0.0010089526,1.3020945,-0.00077486896,-0.0082733365,-0.24048006,0.23421763,-0.19161846,0.17773995,0.99390061,0.99390061,1,False,False,monte_carlo_add_one,10000,82543,82544
ordinal,PRIMARY,S6_leave_out_stringent_complete_response,sensitivity,Complement,114,0.012005033,1.3615566,0.0088171389,0.094141282,-0.2333012,0.2602824,-0.17902357,0.19178779,0.92890711,0.99390061,1,False,False,monte_carlo_add_one,10000,82543,82544
ordinal,PRIMARY,S6_leave_out_stringent_complete_response,sensitivity,DNA Repair,114,-0.16203883,1.2930653,-0.12531372,-1.3379844,-0.40485726,0.071835142,-0.31392627,0.058820708,0.18438156,0.61460521,0.97190281,False,False,monte_carlo_add_one,10000,82543,82544
ordinal,PRIMARY,S6_leave_out_stringent_complete_response,sensitivity,E2F Targets,114,-0.32628956,1.2694679,-0.25702861,-2.7443146,-0.56570718,-0.094279567,-0.44704916,-0.076370515,0.0065993401,0.109989,0.15508449,False,False,monte_carlo_add_one,10000,82543,82544
ordinal,PRIMARY,S6_leave_out_stringent_complete_response,sensitivity,Epithelial Mesenchymal Transition,114,-0.082676065,1.2834961,-0.064414739,-0.68776121,-0.31544818,0.15105073,-0.26874741,0.11180296,0.49765023,0.94571624,1,False,False,monte_carlo_add_one,10000,82543,82544
ordinal,PRIMARY,S6_leave_out_stringent_complete_response,sensitivity,Estrogen Response Early,114,-0.10397872,1.3309945,-0.078121075,-0.83410483,-0.34544398,0.14691972,-0.27577427,0.10722098,0.40765923,0.88621573,1,False,False,monte_carlo_add_one,10000,82543,82544
ordinal,PRIMARY,S6_leave_out_stringent_complete_response,sensitivity,Estrogen Response Late,114,-0.16523943,1.4081673,-0.11734361,-1.2528869,-0.41882043,0.098517559,-0.32031451,0.066896821,0.21707829,0.63846557,0.98690131,False,False,monte_carlo_add_one,10000,82543,82544
ordinal,PRIMARY,S6_leave_out_stringent_complete_response,sensitivity,Fatty Acid Metabolism,114,-0.060301068,1.2500457,-0.048239089,-0.51505253,-0.28799962,0.17257287,-0.24159869,0.13725642,0.61033897,0.94571624,1,False,False,monte_carlo_add_one,10000,82543,82544
ordinal,PRIMARY,S6_leave_out_stringent_complete_response,sensitivity,G2-M Checkpoint,114,-0.34576844,1.2944559,-0.26711489,-2.8520065,-0.58626277,-0.11170072,-0.45131416,-0.089676919,0.00449955,0.109989,0.12138786,False,False,monte_carlo_add_one,10000,82543,82544
ordinal,PRIMARY,S6_leave_out_stringent_complete_response,sensitivity,Glycolysis,114,-0.24045007,1.5017787,-0.16011018,-1.7095089,-0.51406944,0.038007902,-0.35343489,0.02517062,0.090290971,0.40120988,0.81141886,False,False,monte_carlo_add_one,10000,82543,82544
ordinal,PRIMARY,S6_leave_out_stringent_complete_response,sensitivity,Hedgehog Signaling,114,-0.24089645,1.4039294,-0.17158729,-1.832051,-0.49751267,0.015616038,-0.36366407,0.011137716,0.069493051,0.3819618,0.72852715,False,False,monte_carlo_add_one,10000,82543,82544
ordinal,PRIMARY,S6_leave_out_stringent_complete_response,sensitivity,Hypoxia,114,-0.073795955,1.2826395,-0.057534447,-0.6142998,-0.30807637,0.15843323,-0.25646463,0.12141172,0.54714529,0.94571624,1,False,False,monte_carlo_add_one,10000,82543,82544
ordinal,PRIMARY,S6_leave_out_stringent_complete_response,sensitivity,IL-2/STAT5 Signaling,114,-0.077434267,1.3003363,-0.059549416,-0.63581377,-0.31363015,0.16285654,-0.25194121,0.12253774,0.52544746,0.94571624,1,False,False,monte_carlo_add_one,10000,82543,82544
ordinal,PRIMARY,S6_leave_out_stringent_complete_response,sensitivity,IL-6/JAK/STAT3 Signaling,114,-0.019824791,1.2430637,-0.01594833,-0.17028157,-0.24413997,0.20679609,-0.19941387,0.17218494,0.86631337,0.99390061,1,False,False,monte_carlo_add_one,10000,82543,82544
ordinal,PRIMARY,S6_leave_out_stringent_complete_response,sensitivity,Inflammatory Response,114,0.0026557514,1.3054108,0.0020344181,0.021721641,-0.23618354,0.24334404,-0.18228825,0.19021851,0.98250175,0.99390061,1,False,False,monte_carlo_add_one,10000,82543,82544
ordinal,PRIMARY,S6_leave_out_stringent_complete_response,sensitivity,Interferon Alpha Response,114,-0.054098077,1.2786136,-0.042309951,-0.45174666,-0.2843546,0.17863271,-0.23310719,0.13545544,0.65083492,0.94571624,1,False,False,monte_carlo_add_one,10000,82543,82544
ordinal,PRIMARY,S6_leave_out_stringent_complete_response,sensitivity,Interferon Gamma Response,114,-0.059145287,1.3208068,-0.044779666,-0.47811599,-0.300958,0.17936839,-0.23550571,0.13640585,0.63313669,0.94571624,1,False,False,monte_carlo_add_one,10000,82543,82544
ordinal,PRIMARY,S6_leave_out_stringent_complete_response,sensitivity,KRAS Signaling Dn,114,-0.20931943,1.2007414,-0.17432516,-1.8612834,-0.42442307,0.0084574476,-0.36572028,0.0068333563,0.069893011,0.3819618,0.70762924,False,False,monte_carlo_add_one,10000,82543,82544
ordinal,PRIMARY,S6_leave_out_stringent_complete_response,sensitivity,KRAS Signaling Up,114,-0.1035699,1.3136145,-0.078843455,-0.84181774,-0.33843139,0.1372784,-0.27251644,0.10372674,0.40015998,0.88621573,1,False,False,monte_carlo_add_one,10000,82543,82544
ordinal,PRIMARY,S6_leave_out_stringent_complete_response,sensitivity,Mitotic Spindle,114,-0.23614319,1.4005092,-0.16861238,-1.8002876,-0.49538146,0.025089922,-0.35703062,0.018564064,0.071592841,0.3819618,0.74982502,False,False,monte_carlo_add_one,10000,82543,82544
ordinal,PRIMARY,S6_leave_out_stringent_complete_response,sensitivity,Myc Targets V1,114,-0.23953805,1.2400308,-0.19317105,-2.0625024,-0.47434933,-0.012054863,-0.38569159,-0.0099613792,0.04269573,0.3819618,0.55494451,False,False,monte_carlo_add_one,10000,82543,82544
ordinal,PRIMARY,S6_leave_out_stringent_complete_response,sensitivity,Myc Targets V2,114,-0.2677198,1.2340399,-0.21694581,-2.3163474,-0.49846966,-0.042244457,-0.41171647,-0.034539336,0.02379762,0.29747025,0.36986301,False,False,monte_carlo_add_one,10000,82543,82544
ordinal,PRIMARY,S6_leave_out_stringent_complete_response,sensitivity,Myogenesis,114,-0.15174773,1.2686416,-0.11961434,-1.2771316,-0.37918276,0.082978374,-0.32790162,0.060942221,0.21087891,0.63846557,0.9830017,False,False,monte_carlo_add_one,10000,82543,82544
ordinal,PRIMARY,S6_leave_out_stringent_complete_response,sensitivity,Notch Signaling,114,0.05208068,1.382982,0.037658248,0.40208006,-0.19645401,0.31301184,-0.14652334,0.22545624,0.6980302,0.94571624,1,False,False,monte_carlo_add_one,10000,82543,82544
ordinal,PRIMARY,S6_leave_out_stringent_complete_response,sensitivity,Oxidative Phosphorylation,114,-0.18640432,1.272178,-0.14652378,-1.5644459,-0.41790736,0.047354749,-0.34461325,0.03620316,0.12068793,0.43102833,0.89311069,False,False,monte_carlo_add_one,10000,82543,82544
ordinal,PRIMARY,S6_leave_out_stringent_complete_response,sensitivity,PI3K/AKT/mTOR  Signaling,114,-0.27483078,1.5084355,-0.18219591,-1.94532,-0.54647151,0.0032210033,-0.37611213,0.0022095897,0.055394461,0.3819618,0.64743526,False,False,monte_carlo_add_one,10000,82543,82544
ordinal,PRIMARY,S6_leave_out_stringent_complete_response,sensitivity,Pancreas Beta Cells,114,-0.076098457,1.3517419,-0.056296588,-0.60108308,-0.3206711,0.16928052,-0.23815092,0.12840827,0.54984502,0.94571624,1,False,False,monte_carlo_add_one,10000,82543,82544
ordinal,PRIMARY,S6_leave_out_stringent_complete_response,sensitivity,Pperoxisome,114,-0.21855497,1.451184,-0.15060458,-1.6080169,-0.4877388,0.043522497,-0.33196957,0.030982103,0.11118888,0.42764954,0.86941306,False,False,monte_carlo_add_one,10000,82543,82544
ordinal,PRIMARY,S6_leave_out_stringent_complete_response,sensitivity,Protein Secretion,114,0.038848974,1.3837427,0.028075287,0.29976203,-0.21581227,0.28309553,-0.15264147,0.21355389,0.7670233,0.99390061,1,False,False,monte_carlo_add_one,10000,82543,82544
ordinal,PRIMARY,S6_leave_out_stringent_complete_response,sensitivity,Reactive Oxygen Species Pathway,114,-0.06306091,1.475346,-0.042743132,-0.45637177,-0.33278879,0.20819731,-0.23044645,0.14546393,0.6410359,0.94571624,1,False,False,monte_carlo_add_one,10000,82543,82544
ordinal,PRIMARY,S6_leave_out_stringent_complete_response,sensitivity,Spermatogenesis,114,-0.38120606,1.3102777,-0.29093532,-3.1063392,-0.62679812,-0.13817433,-0.48722377,-0.10633031,0.0019998,0.099990001,0.063093691,False,True,monte_carlo_add_one,10000,82543,82544
ordinal,PRIMARY,S6_leave_out_stringent_complete_response,sensitivity,TGF-beta Signaling,114,-0.01586153,1.3330295,-0.011898859,-0.12704505,-0.26093864,0.22463995,-0.19695262,0.1708667,0.8970103,0.99390061,1,False,False,monte_carlo_add_one,10000,82543,82544
ordinal,PRIMARY,S6_leave_out_stringent_complete_response,sensitivity,TNF-alpha Signaling via NF-kB,114,0.023778595,1.2670687,0.018766618,0.20037265,-0.20159897,0.25128213,-0.15856126,0.20568068,0.84051595,0.99390061,1,False,False,monte_carlo_add_one,10000,82543,82544
ordinal,PRIMARY,S6_leave_out_stringent_complete_response,sensitivity,UV Response Dn,114,-0.031639434,1.4279443,-0.022157331,-0.23657555,-0.28802058,0.22905021,-0.21474033,0.15483705,0.81061894,0.99390061,1,False,False,monte_carlo_add_one,10000,82543,82544
ordinal,PRIMARY,S6_leave_out_stringent_complete_response,sensitivity,UV Response Up,114,-0.21250812,1.2661409,-0.16783923,-1.7920326,-0.44394567,0.019638372,-0.36139659,0.015820719,0.076392361,0.3819618,0.75412459,False,False,monte_carlo_add_one,10000,82543,82544
ordinal,PRIMARY,S6_leave_out_stringent_complete_response,sensitivity,Unfolded Protein Response,114,-0.02704278,1.3388261,-0.020198874,-0.21566496,-0.27293566,0.21483241,-0.20342754,0.16329932,0.82721728,0.99390061,1,False,False,monte_carlo_add_one,10000,82543,82544
ordinal,PRIMARY,S6_leave_out_stringent_complete_response,sensitivity,Wnt-beta Catenin Signaling,114,0.0062725021,1.1840342,0.0052975683,0.056562551,-0.21389519,0.222548,-0.17609543,0.19605729,0.95650435,0.99390061,1,False,False,monte_carlo_add_one,10000,82543,82544
ordinal,PRIMARY,S6_leave_out_stringent_complete_response,sensitivity,Xenobiotic Metabolism,114,0.0022958843,1.28877,0.0017814539,0.019020723,-0.22512723,0.24055364,-0.18798518,0.17910553,0.98320168,0.99390061,1,False,False,monte_carlo_add_one,10000,82543,82544
ordinal,PRIMARY,S6_leave_out_stringent_complete_response,sensitivity,heme Metabolism,114,0.13126396,1.4234169,0.092217508,0.98461355,-0.12784164,0.39190366,-0.093694799,0.27772578,0.33356664,0.83348808,0.99970003,False,False,monte_carlo_add_one,10000,82543,82544
ordinal,PRIMARY,S6_leave_out_stringent_complete_response,sensitivity,mTORC1 Signaling,114,-0.22549688,1.4270186,-0.15801957,-1.6871874,-0.48821287,0.03393528,-0.34728748,0.024208231,0.096290371,0.40120988,0.82341766,False,False,monte_carlo_add_one,10000,82543,82544
ordinal,PRIMARY,S6_leave_out_stringent_complete_response,sensitivity,p53 Pathway,114,-0.049648328,1.2511573,-0.039681923,-0.423687,-0.27103942,0.18151527,-0.22381788,0.14333221,0.66943306,0.94571624,1,False,False,monte_carlo_add_one,10000,82543,82544
ordinal,PRIMARY,S6_leave_out_very_good_partial_response,sensitivity,Adipogenesis,59,0.22561474,1.3126229,0.17188085,1.3202419,-0.098682576,0.56191202,-0.088845034,0.39760688,0.19068093,0.98950105,0.97980202,False,False,monte_carlo_add_one,10000,46816,46817
ordinal,PRIMARY,S6_leave_out_very_good_partial_response,sensitivity,Allograft Rejection,59,0.033818231,1.2912244,0.026190824,0.20117554,-0.29837075,0.34946407,-0.22911291,0.29326823,0.84061594,0.98950105,1,False,False,monte_carlo_add_one,10000,46816,46817
ordinal,PRIMARY,S6_leave_out_very_good_partial_response,sensitivity,Androgen Response,59,-0.085817466,1.5454456,-0.055529272,-0.42652843,-0.47929165,0.30287824,-0.31669126,0.20436606,0.66723328,0.98950105,1,False,False,monte_carlo_add_one,10000,46816,46817
ordinal,PRIMARY,S6_leave_out_very_good_partial_response,sensitivity,Angiogenesis,59,0.077457003,1.3386188,0.057863375,0.44445702,-0.24905605,0.4196434,-0.19714697,0.31033348,0.65083492,0.98950105,1,False,False,monte_carlo_add_one,10000,46816,46817
ordinal,PRIMARY,S6_leave_out_very_good_partial_response,sensitivity,Apical Junction,59,0.16597379,1.3622826,0.12183506,0.93583286,-0.1657321,0.51076483,-0.12528995,0.38406779,0.3479652,0.98950105,0.99980002,False,False,monte_carlo_add_one,10000,46816,46817
ordinal,PRIMARY,S6_leave_out_very_good_partial_response,sensitivity,Apical Surface,59,0.096669425,1.4766842,0.065463847,0.50283735,-0.27722561,0.46386522,-0.19472227,0.32368876,0.60723928,0.98950105,1,False,False,monte_carlo_add_one,10000,46816,46817
ordinal,PRIMARY,S6_leave_out_very_good_partial_response,sensitivity,Apoptosis,59,0.054815941,1.3863087,0.039540934,0.30371968,-0.29629876,0.4015968,-0.21915896,0.30318308,0.7540246,0.98950105,1,False,False,monte_carlo_add_one,10000,46816,46817
ordinal,PRIMARY,S6_leave_out_very_good_partial_response,sensitivity,Bile Acid Metabolism,59,0.18687338,1.4884721,0.12554712,0.96434569,-0.18028344,0.56065653,-0.1249653,0.37674259,0.33656634,0.98950105,0.99930007,False,False,monte_carlo_add_one,10000,46816,46817
ordinal,PRIMARY,S6_leave_out_very_good_partial_response,sensitivity,Cholesterol Homeostasis,59,0.10160504,1.3380861,0.075933107,0.58325326,-0.23162886,0.44341714,-0.1818493,0.33402357,0.56154385,0.98950105,1,False,False,monte_carlo_add_one,10000,46816,46817
ordinal,PRIMARY,S6_leave_out_very_good_partial_response,sensitivity,Coagulation,59,0.1004564,1.419953,0.070746285,0.54341253,-0.25608306,0.45376148,-0.1832998,0.33067199,0.58414159,0.98950105,1,False,False,monte_carlo_add_one,10000,46816,46817
ordinal,PRIMARY,S6_leave_out_very_good_partial_response,sensitivity,Complement,59,0.11344695,1.4608072,0.077660458,0.5965213,-0.25985394,0.47782866,-0.17897148,0.34275931,0.54974503,0.98950105,1,False,False,monte_carlo_add_one,10000,46816,46817
ordinal,PRIMARY,S6_leave_out_very_good_partial_response,sensitivity,DNA Repair,59,-0.010177018,1.2892359,-0.0078938366,-0.06063371,-0.33966146,0.31300103,-0.26425618,0.25852158,0.95450455,0.98950105,1,False,False,monte_carlo_add_one,10000,46816,46817
ordinal,PRIMARY,S6_leave_out_very_good_partial_response,sensitivity,E2F Targets,59,-0.15816236,1.2103771,-0.13067196,-1.0037104,-0.46320653,0.15030356,-0.40292307,0.12238177,0.32176782,0.98950105,0.99910009,False,False,monte_carlo_add_one,10000,46816,46817
ordinal,PRIMARY,S6_leave_out_very_good_partial_response,sensitivity,Epithelial Mesenchymal Transition,59,0.034224259,1.3196557,0.025934234,0.19920463,-0.29471618,0.36845739,-0.24152061,0.27483744,0.83951605,0.98950105,1,False,False,monte_carlo_add_one,10000,46816,46817
ordinal,PRIMARY,S6_leave_out_very_good_partial_response,sensitivity,Estrogen Response Early,59,-0.0079717623,1.3279139,-0.0060032224,-0.046111626,-0.33703869,0.33309053,-0.28654518,0.24076723,0.96370363,0.98950105,1,False,False,monte_carlo_add_one,10000,46816,46817
ordinal,PRIMARY,S6_leave_out_very_good_partial_response,sensitivity,Estrogen Response Late,59,0.030804265,1.5277409,0.020163279,0.15487708,-0.35032939,0.41732958,-0.24960519,0.26591797,0.87391261,0.98950105,1,False,False,monte_carlo_add_one,10000,46816,46817
ordinal,PRIMARY,S6_leave_out_very_good_partial_response,sensitivity,Fatty Acid Metabolism,59,0.095386797,1.2548959,0.076011722,0.58385711,-0.2188619,0.41186602,-0.18427394,0.3242784,0.55864414,0.98950105,1,False,False,monte_carlo_add_one,10000,46816,46817
ordinal,PRIMARY,S6_leave_out_very_good_partial_response,sensitivity,G2-M Checkpoint,59,-0.1825034,1.2196313,-0.14963817,-1.1493926,-0.49074156,0.12444182,-0.42561941,0.10258533,0.25647435,0.98950105,0.99590041,False,False,monte_carlo_add_one,10000,46816,46817
ordinal,PRIMARY,S6_leave_out_very_good_partial_response,sensitivity,Glycolysis,59,-0.047639812,1.3865699,-0.03435803,-0.26390904,-0.38641713,0.29938538,-0.3005611,0.21212142,0.78212179,0.98950105,1,False,False,monte_carlo_add_one,10000,46816,46817
ordinal,PRIMARY,S6_leave_out_very_good_partial_response,sensitivity,Hedgehog Signaling,59,-0.033847604,1.4931731,-0.022668239,-0.17411804,-0.42143878,0.34287871,-0.28127857,0.24094996,0.85621438,0.98950105,1,False,False,monte_carlo_add_one,10000,46816,46817
ordinal,PRIMARY,S6_leave_out_very_good_partial_response,sensitivity,Hypoxia,59,0.057675856,1.3932436,0.04139682,0.31797501,-0.29174823,0.41023185,-0.22145956,0.29518837,0.7480252,0.98950105,1,False,False,monte_carlo_add_one,10000,46816,46817
ordinal,PRIMARY,S6_leave_out_very_good_partial_response,sensitivity,IL-2/STAT5 Signaling,59,0.052759108,1.3534407,0.038981468,0.29942234,-0.28658614,0.38929702,-0.21957295,0.29526786,0.75852415,0.98950105,1,False,False,monte_carlo_add_one,10000,46816,46817
ordinal,PRIMARY,S6_leave_out_very_good_partial_response,sensitivity,IL-6/JAK/STAT3 Signaling,59,-0.013144895,1.3355733,-0.0098421361,-0.075598882,-0.35569328,0.31588441,-0.25517842,0.26096476,0.94190581,0.98950105,1,False,False,monte_carlo_add_one,10000,46816,46817
ordinal,PRIMARY,S6_leave_out_very_good_partial_response,sensitivity,Inflammatory Response,59,0.070373062,1.3651069,0.051551321,0.39597321,-0.27924353,0.40460282,-0.19922568,0.32701392,0.6840316,0.98950105,1,False,False,monte_carlo_add_one,10000,46816,46817
ordinal,PRIMARY,S6_leave_out_very_good_partial_response,sensitivity,Interferon Alpha Response,59,-0.19005634,1.1659618,-0.16300392,-1.2520569,-0.47402127,0.10302017,-0.42628612,0.087664202,0.20227977,0.98950105,0.98930107,False,False,monte_carlo_add_one,10000,46816,46817
ordinal,PRIMARY,S6_leave_out_very_good_partial_response,sensitivity,Interferon Gamma Response,59,-0.12671621,1.3056365,-0.097053203,-0.7454798,-0.45250495,0.19493294,-0.34615827,0.16043811,0.44205579,0.98950105,1,False,False,monte_carlo_add_one,10000,46816,46817
ordinal,PRIMARY,S6_leave_out_very_good_partial_response,sensitivity,KRAS Signaling Dn,59,0.0021203864,1.2689767,0.001670942,0.012834749,-0.32062011,0.32175377,-0.26020789,0.25775306,0.98950105,0.98950105,1,False,False,monte_carlo_add_one,10000,46816,46817
ordinal,PRIMARY,S6_leave_out_very_good_partial_response,sensitivity,KRAS Signaling Up,59,-0.040090152,1.3985059,-0.028666416,-0.22019092,-0.39258258,0.30600553,-0.28581831,0.23039754,0.82661734,0.98950105,1,False,False,monte_carlo_add_one,10000,46816,46817
ordinal,PRIMARY,S6_leave_out_very_good_partial_response,sensitivity,Mitotic Spindle,59,-0.00476131,1.3238969,-0.0035964356,-0.027624746,-0.34441343,0.31568209,-0.24205711,0.2746611,0.97950205,0.98950105,1,False,False,monte_carlo_add_one,10000,46816,46817
ordinal,PRIMARY,S6_leave_out_very_good_partial_response,sensitivity,Myc Targets V1,59,-0.20453676,1.2107933,-0.16892789,-1.2975598,-0.51045359,0.10587968,-0.45402811,0.086311421,0.20077992,0.98950105,0.98470153,False,False,monte_carlo_add_one,10000,46816,46817
ordinal,PRIMARY,S6_leave_out_very_good_partial_response,sensitivity,Myc Targets V2,59,-0.26514045,1.1576671,-0.22902996,-1.7592125,-0.55300415,0.036438463,-0.49676598,0.03173387,0.084691531,0.98950105,0.79552045,False,False,monte_carlo_add_one,10000,46816,46817
ordinal,PRIMARY,S6_leave_out_very_good_partial_response,sensitivity,Myogenesis,59,0.044420129,1.3834085,0.032109193,0.24663539,-0.30036945,0.38655506,-0.23182087,0.28176232,0.79272073,0.98950105,1,False,False,monte_carlo_add_one,10000,46816,46817
ordinal,PRIMARY,S6_leave_out_very_good_partial_response,sensitivity,Notch Signaling,59,0.15053882,1.3829427,0.10885398,0.83612332,-0.20161251,0.50181368,-0.15238273,0.37449777,0.40655934,0.98950105,1,False,False,monte_carlo_add_one,10000,46816,46817
ordinal,PRIMARY,S6_leave_out_very_good_partial_response,sensitivity,Oxidative Phosphorylation,59,-0.099390219,1.1402844,-0.087162659,-0.66950908,-0.38935364,0.18951259,-0.32977734,0.17974488,0.51154885,0.98950105,1,False,False,monte_carlo_add_one,10000,46816,46817
ordinal,PRIMARY,S6_leave_out_very_good_partial_response,sensitivity,PI3K/AKT/mTOR  Signaling,59,0.050918734,1.3956536,0.03648379,0.28023731,-0.29917316,0.4024891,-0.22816043,0.29466729,0.77532247,0.98950105,1,False,False,monte_carlo_add_one,10000,46816,46817
ordinal,PRIMARY,S6_leave_out_very_good_partial_response,sensitivity,Pancreas Beta Cells,59,0.060744033,1.3959463,0.043514593,0.33424193,-0.29634473,0.4068028,-0.21241317,0.30674293,0.74052595,0.98950105,1,False,False,monte_carlo_add_one,10000,46816,46817
ordinal,PRIMARY,S6_leave_out_very_good_partial_response,sensitivity,Pperoxisome,59,0.035499161,1.2344607,0.028756818,0.22088531,-0.27463192,0.34582144,-0.22923271,0.28724939,0.82791721,0.98950105,1,False,False,monte_carlo_add_one,10000,46816,46817
ordinal,PRIMARY,S6_leave_out_very_good_partial_response,sensitivity,Protein Secretion,59,0.25315721,1.197445,0.21141448,1.6239055,-0.048497938,0.55941043,-0.041813745,0.48471725,0.1089891,0.98950105,0.87521248,False,False,monte_carlo_add_one,10000,46816,46817
ordinal,PRIMARY,S6_leave_out_very_good_partial_response,sensitivity,Reactive Oxygen Species Pathway,59,0.18155455,1.4463703,0.12552425,0.9641701,-0.18075825,0.53599084,-0.12292079,0.3988623,0.3349665,0.98950105,0.99930007,False,False,monte_carlo_add_one,10000,46816,46817
ordinal,PRIMARY,S6_leave_out_very_good_partial_response,sensitivity,Spermatogenesis,59,-0.1696488,1.357551,-0.1249668,-0.95988818,-0.50046673,0.18033427,-0.40568966,0.12936054,0.33916608,0.98950105,0.99950005,False,False,monte_carlo_add_one,10000,46816,46817
ordinal,PRIMARY,S6_leave_out_very_good_partial_response,sensitivity,TGF-beta Signaling,59,0.16180512,1.4224559,0.11375054,0.87373447,-0.20011437,0.51764761,-0.14071377,0.38839579,0.38816118,0.98950105,0.99990001,False,False,monte_carlo_add_one,10000,46816,46817
ordinal,PRIMARY,S6_leave_out_very_good_partial_response,sensitivity,TNF-alpha Signaling via NF-kB,59,0.018334362,1.3643151,0.01343851,0.10322316,-0.33007734,0.35497456,-0.23393812,0.28475617,0.91680832,0.98950105,1,False,False,monte_carlo_add_one,10000,46816,46817
ordinal,PRIMARY,S6_leave_out_very_good_partial_response,sensitivity,UV Response Dn,59,0.050536115,1.3982089,0.036143466,0.27762323,-0.30747377,0.40596471,-0.22714853,0.29972997,0.78122188,0.98950105,1,False,False,monte_carlo_add_one,10000,46816,46817
ordinal,PRIMARY,S6_leave_out_very_good_partial_response,sensitivity,UV Response Up,59,-0.16106378,1.3469249,-0.11957889,-0.91850288,-0.49496501,0.17382668,-0.39466098,0.12693507,0.35776422,0.98950105,0.99990001,False,False,monte_carlo_add_one,10000,46816,46817
ordinal,PRIMARY,S6_leave_out_very_good_partial_response,sensitivity,Unfolded Protein Response,59,-0.097932644,1.4153035,-0.069195507,-0.53150077,-0.4627203,0.25884848,-0.33103347,0.18983232,0.60213979,0.98950105,1,False,False,monte_carlo_add_one,10000,46816,46817
ordinal,PRIMARY,S6_leave_out_very_good_partial_response,sensitivity,Wnt-beta Catenin Signaling,59,0.090457016,1.1115986,0.081375614,0.62505795,-0.18262324,0.37290201,-0.17010197,0.34088332,0.54054595,0.98950105,1,False,False,monte_carlo_add_one,10000,46816,46817
ordinal,PRIMARY,S6_leave_out_very_good_partial_response,sensitivity,Xenobiotic Metabolism,59,0.16707834,1.3715178,0.12182003,0.93571744,-0.17234986,0.51224564,-0.13411022,0.37450505,0.34156584,0.98950105,0.99980002,False,False,monte_carlo_add_one,10000,46816,46817
ordinal,PRIMARY,S6_leave_out_very_good_partial_response,sensitivity,heme Metabolism,59,0.30180093,1.5850779,0.19040133,1.4625003,-0.10385743,0.69837977,-0.067135268,0.45356046,0.14918508,0.98950105,0.94510549,False,False,monte_carlo_add_one,10000,46816,46817
ordinal,PRIMARY,S6_leave_out_very_good_partial_response,sensitivity,mTORC1 Signaling,59,-0.035743518,1.3713201,-0.026065045,-0.20020941,-0.37300973,0.30036707,-0.28587324,0.22580697,0.83951605,0.98950105,1,False,False,monte_carlo_add_one,10000,46816,46817
ordinal,PRIMARY,S6_leave_out_very_good_partial_response,sensitivity,p53 Pathway,59,0.10554481,1.3381605,0.078873055,0.60583543,-0.22877568,0.43285674,-0.17078657,0.34210612,0.53954605,0.98950105,1,False,False,monte_carlo_add_one,10000,46816,46817
ordinal,PRIMARY,S6_line1_only,sensitivity,Adipogenesis,92,-0.039648988,1.356917,-0.029219907,-0.2802675,-0.31535954,0.23222718,-0.24649139,0.16846831,0.77722228,0.9930007,1,False,False,monte_carlo_add_one,10000,50369,50370
ordinal,PRIMARY,S6_line1_only,sensitivity,Allograft Rejection,92,-0.058567133,1.2689746,-0.046153116,-0.44268514,-0.31080239,0.19016393,-0.24892929,0.15271754,0.65713429,0.9930007,1,False,False,monte_carlo_add_one,10000,50369,50370
ordinal,PRIMARY,S6_line1_only,sensitivity,Androgen Response,92,-0.10270689,1.4344979,-0.071597799,-0.68674197,-0.39868837,0.18568103,-0.28272155,0.1304988,0.49255074,0.9930007,1,False,False,monte_carlo_add_one,10000,50369,50370
ordinal,PRIMARY,S6_line1_only,sensitivity,Angiogenesis,92,-0.119103,1.305816,-0.091209635,-0.87485208,-0.38188454,0.14560931,-0.31784113,0.10838135,0.38886111,0.9930007,0.99990001,False,False,monte_carlo_add_one,10000,50369,50370
ordinal,PRIMARY,S6_line1_only,sensitivity,Apical Junction,92,-0.018128171,1.3682945,-0.013248735,-0.1270774,-0.29031729,0.25997358,-0.22446937,0.18377557,0.89991001,0.9930007,1,False,False,monte_carlo_add_one,10000,50369,50370
ordinal,PRIMARY,S6_line1_only,sensitivity,Apical Surface,92,-0.088937577,1.4341853,-0.062012613,-0.59480408,-0.37821585,0.20252321,-0.27967613,0.14002173,0.55384462,0.9930007,1,False,False,monte_carlo_add_one,10000,50369,50370
ordinal,PRIMARY,S6_line1_only,sensitivity,Apoptosis,92,-0.049359337,1.266663,-0.038968009,-0.37376802,-0.29908812,0.20773658,-0.25120719,0.15979274,0.70892911,0.9930007,1,False,False,monte_carlo_add_one,10000,50369,50370
ordinal,PRIMARY,S6_line1_only,sensitivity,Bile Acid Metabolism,92,-0.082592364,1.4511916,-0.056913479,-0.54589491,-0.37121699,0.21158504,-0.26542752,0.14678684,0.58564144,0.9930007,1,False,False,monte_carlo_add_one,10000,50369,50370
ordinal,PRIMARY,S6_line1_only,sensitivity,Cholesterol Homeostasis,92,-0.13765212,1.3150808,-0.10467199,-1.0039785,-0.406456,0.1229323,-0.32273741,0.093103936,0.30606939,0.9930007,0.99960004,False,False,monte_carlo_add_one,10000,50369,50370
ordinal,PRIMARY,S6_line1_only,sensitivity,Coagulation,92,-0.013405309,1.285588,-0.010427376,-0.10001587,-0.266208,0.24444407,-0.22019378,0.1870539,0.91920808,0.9930007,1,False,False,monte_carlo_add_one,10000,50369,50370
ordinal,PRIMARY,S6_line1_only,sensitivity,Complement,92,0.030869517,1.3612506,0.022677321,0.21751322,-0.24118756,0.30125572,-0.18433505,0.21984339,0.82441756,0.9930007,1,False,False,monte_carlo_add_one,10000,50369,50370
ordinal,PRIMARY,S6_line1_only,sensitivity,DNA Repair,92,-0.19987976,1.2736886,-0.15692985,-1.5052182,-0.45646574,0.058948329,-0.36530017,0.045084644,0.1389861,0.77214501,0.92050795,False,False,monte_carlo_add_one,10000,50369,50370
ordinal,PRIMARY,S6_line1_only,sensitivity,E2F Targets,92,-0.37542732,1.3052951,-0.28761873,-2.7587419,-0.63838092,-0.11182891,-0.5001125,-0.086361431,0.0081991801,0.149985,0.15008499,False,False,monte_carlo_add_one,10000,50369,50370
ordinal,PRIMARY,S6_line1_only,sensitivity,Epithelial Mesenchymal Transition,92,-0.027115471,1.2764141,-0.021243474,-0.20376025,-0.27940034,0.2378957,-0.24040174,0.17559463,0.8330167,0.9930007,1,False,False,monte_carlo_add_one,10000,50369,50370
ordinal,PRIMARY,S6_line1_only,sensitivity,Estrogen Response Early,92,-0.089769473,1.3676608,-0.065637234,-0.62957023,-0.3624865,0.18563427,-0.28550504,0.13197087,0.51984802,0.9930007,1,False,False,monte_carlo_add_one,10000,50369,50370
ordinal,PRIMARY,S6_line1_only,sensitivity,Estrogen Response Late,92,-0.1888519,1.3789444,-0.13695397,-1.3136163,-0.46233272,0.090229685,-0.36319874,0.062581397,0.18758124,0.78158851,0.97810219,False,False,monte_carlo_add_one,10000,50369,50370
ordinal,PRIMARY,S6_line1_only,sensitivity,Fatty Acid Metabolism,92,-0.069741489,1.2242886,-0.056964911,-0.54638823,-0.31655087,0.17383134,-0.26728025,0.14171137,0.57884212,0.9930007,1,False,False,monte_carlo_add_one,10000,50369,50370
ordinal,PRIMARY,S6_line1_only,sensitivity,G2-M Checkpoint,92,-0.37635319,1.3220923,-0.28466485,-2.7304093,-0.63977116,-0.1096872,-0.4890765,-0.085527732,0.0089991001,0.149985,0.15868413,False,False,monte_carlo_add_one,10000,50369,50370
ordinal,PRIMARY,S6_line1_only,sensitivity,Glycolysis,92,-0.2610884,1.485278,-0.1757842,-1.6860628,-0.55475658,0.034419701,-0.39011665,0.02304082,0.096990301,0.62118788,0.82551745,False,False,monte_carlo_add_one,10000,50369,50370
ordinal,PRIMARY,S6_line1_only,sensitivity,Hedgehog Signaling,92,-0.14775506,1.4674181,-0.1006905,-0.96578934,-0.44693045,0.15168365,-0.31162276,0.10506878,0.33666633,0.9930007,0.99990001,False,False,monte_carlo_add_one,10000,50369,50370
ordinal,PRIMARY,S6_line1_only,sensitivity,Hypoxia,92,-0.04861928,1.2799559,-0.037985121,-0.36434048,-0.30758225,0.20882335,-0.25713256,0.1596903,0.70972903,0.9930007,1,False,False,monte_carlo_add_one,10000,50369,50370
ordinal,PRIMARY,S6_line1_only,sensitivity,IL-2/STAT5 Signaling,92,-0.045969354,1.3103559,-0.035081579,-0.33649069,-0.31346761,0.2134004,-0.24869176,0.16298568,0.73192681,0.9930007,1,False,False,monte_carlo_add_one,10000,50369,50370
ordinal,PRIMARY,S6_line1_only,sensitivity,IL-6/JAK/STAT3 Signaling,92,0.0028858041,1.2046728,0.0023955088,0.022976913,-0.23901038,0.24117377,-0.20121974,0.20360974,0.97830217,0.9930007,1,False,False,monte_carlo_add_one,10000,50369,50370
ordinal,PRIMARY,S6_line1_only,sensitivity,Inflammatory Response,92,0.0057896643,1.2523926,0.004622883,0.044341136,-0.24388964,0.25495291,-0.20210458,0.20476462,0.96660334,0.9930007,1,False,False,monte_carlo_add_one,10000,50369,50370
ordinal,PRIMARY,S6_line1_only,sensitivity,Interferon Alpha Response,92,0.038662859,1.3401166,0.028850369,0.27672302,-0.2290308,0.314444,-0.17853454,0.23287926,0.77622238,0.9930007,1,False,False,monte_carlo_add_one,10000,50369,50370
ordinal,PRIMARY,S6_line1_only,sensitivity,Interferon Gamma Response,92,0.017118834,1.3784695,0.012418725,0.11911622,-0.26131263,0.30184737,-0.19458255,0.22214001,0.90720928,0.9930007,1,False,False,monte_carlo_add_one,10000,50369,50370
ordinal,PRIMARY,S6_line1_only,sensitivity,KRAS Signaling Dn,92,-0.084183823,1.2554994,-0.06705206,-0.64314076,-0.33759844,0.16747693,-0.27538539,0.13661949,0.52144786,0.9930007,1,False,False,monte_carlo_add_one,10000,50369,50370
ordinal,PRIMARY,S6_line1_only,sensitivity,KRAS Signaling Up,92,-0.070188384,1.3096181,-0.053594545,-0.51406081,-0.33273582,0.19501261,-0.26855811,0.14418061,0.60033997,0.9930007,1,False,False,monte_carlo_add_one,10000,50369,50370
ordinal,PRIMARY,S6_line1_only,sensitivity,Mitotic Spindle,92,-0.17288261,1.4469526,-0.11948049,-1.1460166,-0.46601861,0.11621997,-0.31761304,0.085302963,0.25857414,0.92347908,0.99540046,False,False,monte_carlo_add_one,10000,50369,50370
ordinal,PRIMARY,S6_line1_only,sensitivity,Myc Targets V1,92,-0.3134129,1.2121068,-0.25856872,-2.4801041,-0.56232119,-0.066306707,-0.47756655,-0.055183953,0.01709829,0.21372863,0.27567243,False,False,monte_carlo_add_one,10000,50369,50370
ordinal,PRIMARY,S6_line1_only,sensitivity,Myc Targets V2,92,-0.27138981,1.1469787,-0.23661277,-2.26951,-0.50884254,-0.033345053,-0.46283442,-0.029754693,0.0229977,0.229977,0.40535946,False,False,monte_carlo_add_one,10000,50369,50370
ordinal,PRIMARY,S6_line1_only,sensitivity,Myogenesis,92,-0.073119546,1.2949764,-0.056463997,-0.54158364,-0.32572824,0.19122246,-0.27946117,0.14010441,0.58524148,0.9930007,1,False,False,monte_carlo_add_one,10000,50369,50370
ordinal,PRIMARY,S6_line1_only,sensitivity,Notch Signaling,92,0.081489564,1.3908122,0.058591349,0.56198847,-0.1995567,0.36283744,-0.14778586,0.26712985,0.56674333,0.9930007,1,False,False,monte_carlo_add_one,10000,50369,50370
ordinal,PRIMARY,S6_line1_only,sensitivity,Oxidative Phosphorylation,92,-0.18902972,1.3516139,-0.13985482,-1.3414403,-0.45959862,0.090735256,-0.35778362,0.065906647,0.18158184,0.78158851,0.97240276,False,False,monte_carlo_add_one,10000,50369,50370
ordinal,PRIMARY,S6_line1_only,sensitivity,PI3K/AKT/mTOR  Signaling,92,-0.27498932,1.5722644,-0.17490018,-1.6775835,-0.58875794,0.03862366,-0.387814,0.02458143,0.099390061,0.62118788,0.83211679,False,False,monte_carlo_add_one,10000,50369,50370
ordinal,PRIMARY,S6_line1_only,sensitivity,Pancreas Beta Cells,92,-0.050556728,1.3486562,-0.037486744,-0.35956021,-0.3297584,0.21897897,-0.24066696,0.16948891,0.72362764,0.9930007,1,False,False,monte_carlo_add_one,10000,50369,50370
ordinal,PRIMARY,S6_line1_only,sensitivity,Pperoxisome,92,-0.21574667,1.4474221,-0.1490558,-1.429693,-0.51737982,0.064897179,-0.34567376,0.048366767,0.15588441,0.77942206,0.94680532,False,False,monte_carlo_add_one,10000,50369,50370
ordinal,PRIMARY,S6_line1_only,sensitivity,Protein Secretion,92,0.008069473,1.3477489,0.0059873711,0.057428846,-0.2668885,0.28262993,-0.19877971,0.21605266,0.95360464,0.9930007,1,False,False,monte_carlo_add_one,10000,50369,50370
ordinal,PRIMARY,S6_line1_only,sensitivity,Reactive Oxygen Species Pathway,92,-0.14085719,1.4153854,-0.099518615,-0.95454902,-0.42583787,0.13893329,-0.30283386,0.103104,0.34866513,0.9930007,0.99990001,False,False,monte_carlo_add_one,10000,50369,50370
ordinal,PRIMARY,S6_line1_only,sensitivity,Spermatogenesis,92,-0.40795634,1.4010447,-0.2911801,-2.7929014,-0.69137806,-0.12362976,-0.5105687,-0.088508457,0.0071992801,0.149985,0.13918608,False,False,monte_carlo_add_one,10000,50369,50370
ordinal,PRIMARY,S6_line1_only,sensitivity,TGF-beta Signaling,92,0.041028085,1.3408939,0.030597563,0.29348151,-0.22650083,0.31341047,-0.1708215,0.23637135,0.76512349,0.9930007,1,False,False,monte_carlo_add_one,10000,50369,50370
ordinal,PRIMARY,S6_line1_only,sensitivity,TNF-alpha Signaling via NF-kB,92,0.01659686,1.2448318,0.013332612,0.12788193,-0.23828038,0.26642735,-0.19612704,0.21895406,0.89621038,0.9930007,1,False,False,monte_carlo_add_one,10000,50369,50370
ordinal,PRIMARY,S6_line1_only,sensitivity,UV Response Dn,92,0.084409026,1.4187322,0.059496094,0.57066648,-0.19841367,0.37243522,-0.15006933,0.25492133,0.57064294,0.9930007,1,False,False,monte_carlo_add_one,10000,50369,50370
ordinal,PRIMARY,S6_line1_only,sensitivity,UV Response Up,92,-0.15618262,1.2576014,-0.12419087,-1.191197,-0.41090246,0.10511012,-0.34096737,0.081935508,0.229977,0.88452693,0.99150085,False,False,monte_carlo_add_one,10000,50369,50370
ordinal,PRIMARY,S6_line1_only,sensitivity,Unfolded Protein Response,92,-0.04442242,1.3460846,-0.033001211,-0.31653649,-0.31706267,0.23142482,-0.23780708,0.17504138,0.75092491,0.9930007,1,False,False,monte_carlo_add_one,10000,50369,50370
ordinal,PRIMARY,S6_line1_only,sensitivity,Wnt-beta Catenin Signaling,92,-0.015206523,1.0981133,-0.013847863,-0.13282404,-0.24458566,0.20227271,-0.20587112,0.20407136,0.89521048,0.9930007,1,False,False,monte_carlo_add_one,10000,50369,50370
ordinal,PRIMARY,S6_line1_only,sensitivity,Xenobiotic Metabolism,92,0.010180915,1.274079,0.0079908038,0.076645098,-0.23820587,0.26696661,-0.2029123,0.20100484,0.93780622,0.9930007,1,False,False,monte_carlo_add_one,10000,50369,50370
ordinal,PRIMARY,S6_line1_only,sensitivity,heme Metabolism,92,0.08682451,1.431591,0.060648962,0.58172441,-0.20315038,0.36817653,-0.14039936,0.27121831,0.57144286,0.9930007,1,False,False,monte_carlo_add_one,10000,50369,50370
ordinal,PRIMARY,S6_line1_only,sensitivity,mTORC1 Signaling,92,-0.31711399,1.4580819,-0.21748708,-2.0860628,-0.61075007,-0.028424025,-0.43517383,-0.01971926,0.04079592,0.339966,0.53784622,False,False,monte_carlo_add_one,10000,50369,50370
ordinal,PRIMARY,S6_line1_only,sensitivity,p53 Pathway,92,-0.0014155544,1.2722011,-0.0011126813,-0.010672464,-0.25894442,0.25687181,-0.2128816,0.20045521,0.9930007,0.9930007,1,False,False,monte_carlo_add_one,10000,50369,50370
ordinal,PRIMARY,S6_line2plus_only,sensitivity,Adipogenesis,28,0.21245982,1.5445077,0.13755828,0.72789002,-0.31179392,0.80077112,-0.28583926,0.45117833,0.49475052,0.93536101,1,False,False,monte_carlo_add_one,10000,88208,88209
ordinal,PRIMARY,S6_line2plus_only,sensitivity,Allograft Rejection,28,-0.09153472,1.1883191,-0.077028738,-0.40759777,-0.51481057,0.34109112,-0.4709634,0.30578883,0.68493151,0.95092763,1,False,False,monte_carlo_add_one,10000,88208,88209
ordinal,PRIMARY,S6_line2plus_only,sensitivity,Androgen Response,28,-0.21121629,1.4069504,-0.15012348,-0.79437877,-0.71522059,0.31643403,-0.5527294,0.23247018,0.44105589,0.93536101,1,False,False,monte_carlo_add_one,10000,88208,88209
ordinal,PRIMARY,S6_line2plus_only,sensitivity,Angiogenesis,28,-0.11191201,1.1806564,-0.09478796,-0.50157074,-0.53628181,0.33205139,-0.51994336,0.27499106,0.61733827,0.93536101,1,False,False,monte_carlo_add_one,10000,88208,88209
ordinal,PRIMARY,S6_line2plus_only,sensitivity,Apical Junction,28,-0.11188061,1.4094454,-0.079379169,-0.42003508,-0.61491901,0.40764936,-0.48352119,0.30444964,0.67423258,0.95092763,1,False,False,monte_carlo_add_one,10000,88208,88209
ordinal,PRIMARY,S6_line2plus_only,sensitivity,Apical Surface,28,-0.24008981,1.2629864,-0.19009691,-1.0058983,-0.70050922,0.23242057,-0.63708695,0.18433375,0.3269673,0.93536101,0.99980002,False,False,monte_carlo_add_one,10000,88208,88209
ordinal,PRIMARY,S6_line2plus_only,sensitivity,Apoptosis,28,-0.062836518,1.2776205,-0.049182458,-0.2602491,-0.53534551,0.3992439,-0.43549809,0.34738501,0.80171983,0.95092763,1,False,False,monte_carlo_add_one,10000,88208,88209
ordinal,PRIMARY,S6_line2plus_only,sensitivity,Bile Acid Metabolism,28,-0.049322652,1.2969504,-0.038029714,-0.20123433,-0.49736669,0.43914887,-0.48945164,0.31208938,0.83681632,0.95092763,1,False,False,monte_carlo_add_one,10000,88208,88209
ordinal,PRIMARY,S6_line2plus_only,sensitivity,Cholesterol Homeostasis,28,-0.088881993,1.3639837,-0.065163532,-0.344813,-0.58115635,0.41776705,-0.47625961,0.31090593,0.72422758,0.95092763,1,False,False,monte_carlo_add_one,10000,88208,88209
ordinal,PRIMARY,S6_line2plus_only,sensitivity,Coagulation,28,0.078797738,1.3725452,0.057409943,0.30378486,-0.42274654,0.57604714,-0.31904399,0.45944238,0.7610239,0.95092763,1,False,False,monte_carlo_add_one,10000,88208,88209
ordinal,PRIMARY,S6_line2plus_only,sensitivity,Complement,28,-0.025229846,1.3459858,-0.018744511,-0.099186627,-0.51748817,0.45873143,-0.40831679,0.37101897,0.92180782,0.99710029,1,False,False,monte_carlo_add_one,10000,88208,88209
ordinal,PRIMARY,S6_line2plus_only,sensitivity,DNA Repair,28,-0.08319473,1.3577664,-0.061273226,-0.32422744,-0.60430382,0.38950851,-0.39547024,0.38616892,0.76992301,0.95092763,1,False,False,monte_carlo_add_one,10000,88208,88209
ordinal,PRIMARY,S6_line2plus_only,sensitivity,E2F Targets,28,-0.15532019,1.2004357,-0.12938651,-0.68464908,-0.60215786,0.26229096,-0.47362589,0.27061198,0.52294771,0.93536101,1,False,False,monte_carlo_add_one,10000,88208,88209
ordinal,PRIMARY,S6_line2plus_only,sensitivity,Epithelial Mesenchymal Transition,28,-0.22950185,1.2387782,-0.18526468,-0.98032856,-0.67259923,0.22881014,-0.67094076,0.17581074,0.33216678,0.93536101,1,False,False,monte_carlo_add_one,10000,88208,88209
ordinal,PRIMARY,S6_line2plus_only,sensitivity,Estrogen Response Early,28,-0.21910457,1.1514976,-0.19027792,-1.0068561,-0.63036879,0.21556215,-0.64770818,0.18707998,0.3189681,0.93536101,0.99970003,False,False,monte_carlo_add_one,10000,88208,88209
ordinal,PRIMARY,S6_line2plus_only,sensitivity,Estrogen Response Late,28,-0.15881129,1.4294263,-0.11110142,-0.58789345,-0.66421425,0.38941374,-0.58660883,0.25963118,0.56084392,0.93536101,1,False,False,monte_carlo_add_one,10000,88208,88209
ordinal,PRIMARY,S6_line2plus_only,sensitivity,Fatty Acid Metabolism,28,-0.00076472621,1.2818197,-0.0005965942,-0.0031568798,-0.44374269,0.49259245,-0.46210387,0.34780607,0.99710029,0.99710029,1,False,False,monte_carlo_add_one,10000,88208,88209
ordinal,PRIMARY,S6_line2plus_only,sensitivity,G2-M Checkpoint,28,-0.22766392,1.2526489,-0.181746,-0.96170941,-0.69424558,0.20447112,-0.51220621,0.20632662,0.36536346,0.93536101,1,False,False,monte_carlo_add_one,10000,88208,88209
ordinal,PRIMARY,S6_line2plus_only,sensitivity,Glycolysis,28,-0.28889896,1.5405604,-0.18752848,-0.99230744,-0.83088686,0.29985378,-0.64126979,0.19255963,0.33126687,0.93536101,0.99990001,False,False,monte_carlo_add_one,10000,88208,88209
ordinal,PRIMARY,S6_line2plus_only,sensitivity,Hedgehog Signaling,28,-0.42878669,1.2749658,-0.33631232,-1.7795975,-0.8803472,0.049613629,-0.80201117,0.036930638,0.086691331,0.93536101,0.8340166,False,False,monte_carlo_add_one,10000,88208,88209
ordinal,PRIMARY,S6_line2plus_only,sensitivity,Hypoxia,28,-0.16290807,1.2610502,-0.12918444,-0.68357982,-0.61640117,0.31431018,-0.57861147,0.24451517,0.49725027,0.93536101,1,False,False,monte_carlo_add_one,10000,88208,88209
ordinal,PRIMARY,S6_line2plus_only,sensitivity,IL-2/STAT5 Signaling,28,-0.19465455,1.2439909,-0.15647586,-0.82799245,-0.63397882,0.27317269,-0.61657488,0.20992761,0.41465853,0.93536101,1,False,False,monte_carlo_add_one,10000,88208,88209
ordinal,PRIMARY,S6_line2plus_only,sensitivity,IL-6/JAK/STAT3 Signaling,28,-0.074849205,1.4026103,-0.053364221,-0.28237691,-0.59438591,0.42517971,-0.40702951,0.36906753,0.78462154,0.95092763,1,False,False,monte_carlo_add_one,10000,88208,88209
ordinal,PRIMARY,S6_line2plus_only,sensitivity,Inflammatory Response,28,0.0019691791,1.4332149,0.0013739594,0.0072703099,-0.53129835,0.50479057,-0.36452302,0.40965585,0.99520048,0.99710029,1,False,False,monte_carlo_add_one,10000,88208,88209
ordinal,PRIMARY,S6_line2plus_only,sensitivity,Interferon Alpha Response,28,-0.27786702,1.0870692,-0.25561115,-1.3525671,-0.66520083,0.12540739,-0.70264437,0.11476094,0.18678132,0.93536101,0.98450155,False,False,monte_carlo_add_one,10000,88208,88209
ordinal,PRIMARY,S6_line2plus_only,sensitivity,Interferon Gamma Response,28,-0.23104191,1.09704,-0.21060482,-1.1144159,-0.62504269,0.17464832,-0.65703521,0.16363455,0.27247275,0.93536101,0.99810019,False,False,monte_carlo_add_one,10000,88208,88209
ordinal,PRIMARY,S6_line2plus_only,sensitivity,KRAS Signaling Dn,28,-0.60447361,0.97180821,-0.62200916,-3.2913631,-0.95094826,-0.24686462,-1.1496776,-0.24733892,0.00329967,0.1649835,0.074892511,False,False,monte_carlo_add_one,10000,88208,88209
ordinal,PRIMARY,S6_line2plus_only,sensitivity,KRAS Signaling Up,28,-0.17118512,1.2940541,-0.13228591,-0.69999125,-0.64871064,0.29504429,-0.51689626,0.24666153,0.48565143,0.93536101,1,False,False,monte_carlo_add_one,10000,88208,88209
ordinal,PRIMARY,S6_line2plus_only,sensitivity,Mitotic Spindle,28,-0.34252314,1.2114503,-0.28273808,-1.4961093,-0.77280849,0.10636287,-0.73131015,0.088695408,0.1509849,0.93536101,0.95840416,False,False,monte_carlo_add_one,10000,88208,88209
ordinal,PRIMARY,S6_line2plus_only,sensitivity,Myc Targets V1,28,0.0082015967,1.3227053,0.006200623,0.032810613,-0.47984704,0.47759329,-0.36046243,0.40736507,0.97540246,0.99710029,1,False,False,monte_carlo_add_one,10000,88208,88209
ordinal,PRIMARY,S6_line2plus_only,sensitivity,Myc Targets V2,28,-0.17644779,1.4707106,-0.11997451,-0.63484542,-0.72138185,0.34700576,-0.48932924,0.27712366,0.53624638,0.93536101,1,False,False,monte_carlo_add_one,10000,88208,88209
ordinal,PRIMARY,S6_line2plus_only,sensitivity,Myogenesis,28,-0.29374872,1.2254906,-0.23969887,-1.2683672,-0.72945166,0.15753628,-0.70109223,0.12683977,0.21077892,0.93536101,0.99230077,False,False,monte_carlo_add_one,10000,88208,88209
ordinal,PRIMARY,S6_line2plus_only,sensitivity,Notch Signaling,28,0.12458627,1.3944205,0.08934627,0.47277602,-0.37913698,0.63953066,-0.31229648,0.46183293,0.64313569,0.94578777,1,False,False,monte_carlo_add_one,10000,88208,88209
ordinal,PRIMARY,S6_line2plus_only,sensitivity,Oxidative Phosphorylation,28,-0.085433308,0.86809335,-0.098414886,-0.52076263,-0.40642674,0.21960272,-0.47497922,0.29199181,0.5990401,0.93536101,1,False,False,monte_carlo_add_one,10000,88208,88209
ordinal,PRIMARY,S6_line2plus_only,sensitivity,PI3K/AKT/mTOR  Signaling,28,-0.26761898,1.380524,-0.19385319,-1.0257746,-0.75630303,0.23683054,-0.59818488,0.1741284,0.31416858,0.93536101,0.99950005,False,False,monte_carlo_add_one,10000,88208,88209
ordinal,PRIMARY,S6_line2plus_only,sensitivity,Pancreas Beta Cells,28,-0.30215714,1.3227471,-0.22843153,-1.208746,-0.77103381,0.19782976,-0.68925802,0.14295738,0.24007599,0.93536101,0.99590041,False,False,monte_carlo_add_one,10000,88208,88209
ordinal,PRIMARY,S6_line2plus_only,sensitivity,Pperoxisome,28,-0.18615886,1.3718184,-0.13570226,-0.71806887,-0.67728685,0.33482961,-0.59847112,0.230315,0.48035196,0.93536101,1,False,False,monte_carlo_add_one,10000,88208,88209
ordinal,PRIMARY,S6_line2plus_only,sensitivity,Protein Secretion,28,0.1793367,1.3849369,0.12949088,0.68520133,-0.34256423,0.66330572,-0.22985616,0.57967896,0.51334867,0.93536101,1,False,False,monte_carlo_add_one,10000,88208,88209
ordinal,PRIMARY,S6_line2plus_only,sensitivity,Reactive Oxygen Species Pathway,28,0.18288479,1.5838572,0.11546798,0.61099911,-0.40092069,0.73910976,-0.2805504,0.49179657,0.54554545,0.93536101,1,False,False,monte_carlo_add_one,10000,88208,88209
ordinal,PRIMARY,S6_line2plus_only,sensitivity,Spermatogenesis,28,-0.22928061,1.1877549,-0.19303698,-1.0214557,-0.64813176,0.22072979,-0.65839237,0.17543491,0.31336866,0.93536101,0.99960004,False,False,monte_carlo_add_one,10000,88208,88209
ordinal,PRIMARY,S6_line2plus_only,sensitivity,TGF-beta Signaling,28,-0.13181621,1.2648322,-0.10421636,-0.55146114,-0.58697095,0.33036429,-0.49327905,0.28669777,0.58614139,0.93536101,1,False,False,monte_carlo_add_one,10000,88208,88209
ordinal,PRIMARY,S6_line2plus_only,sensitivity,TNF-alpha Signaling via NF-kB,28,0.0035522611,1.3165949,0.0026980669,0.014276828,-0.49449921,0.45613044,-0.34261295,0.43459152,0.98920108,0.99710029,1,False,False,monte_carlo_add_one,10000,88208,88209
ordinal,PRIMARY,S6_line2plus_only,sensitivity,UV Response Dn,28,-0.28854361,1.3396414,-0.21538869,-1.1397298,-0.77937285,0.20091849,-0.62900603,0.15535192,0.26427357,0.93536101,0.99770023,False,False,monte_carlo_add_one,10000,88208,88209
ordinal,PRIMARY,S6_line2plus_only,sensitivity,UV Response Up,28,-0.51249202,1.3044628,-0.39287593,-2.078904,-0.98402099,-0.040629178,-0.81486297,-0.032961418,0.04749525,0.93536101,0.6310369,False,False,monte_carlo_add_one,10000,88208,88209
ordinal,PRIMARY,S6_line2plus_only,sensitivity,Unfolded Protein Response,28,-0.055212248,1.3323823,-0.041438742,-0.21927321,-0.53616859,0.4165174,-0.42983037,0.34719758,0.8310169,0.95092763,1,False,False,monte_carlo_add_one,10000,88208,88209
ordinal,PRIMARY,S6_line2plus_only,sensitivity,Wnt-beta Catenin Signaling,28,0.017093672,1.4168409,0.012064638,0.063840062,-0.46851296,0.54351439,-0.37995181,0.38080932,0.94790521,0.99710029,1,False,False,monte_carlo_add_one,10000,88208,88209
ordinal,PRIMARY,S6_line2plus_only,sensitivity,Xenobiotic Metabolism,28,-0.067832116,1.3074573,-0.051880942,-0.27452814,-0.53138734,0.41400491,-0.5043898,0.29654553,0.79242076,0.95092763,1,False,False,monte_carlo_add_one,10000,88208,88209
ordinal,PRIMARY,S6_line2plus_only,sensitivity,heme Metabolism,28,0.25490082,1.309127,0.19471053,1.0303113,-0.16936802,0.77844004,-0.2106529,0.48381234,0.35976402,0.93536101,0.99950005,False,False,monte_carlo_add_one,10000,88208,88209
ordinal,PRIMARY,S6_line2plus_only,sensitivity,mTORC1 Signaling,28,0.13374313,1.3027581,0.10266152,0.54323371,-0.34612078,0.60411095,-0.28575135,0.49444265,0.58764124,0.93536101,1,False,False,monte_carlo_add_one,10000,88208,88209
ordinal,PRIMARY,S6_line2plus_only,sensitivity,p53 Pathway,28,-0.24599846,1.1542852,-0.21311758,-1.1277122,-0.67364008,0.16804022,-0.60212773,0.16022799,0.27287271,0.93536101,0.9980002,False,False,monte_carlo_add_one,10000,88208,88209
ordinal,PRIMARY,S7_discovery_trainval_pairs,descriptive,Adipogenesis,80,-0.086708219,1.236039,-0.070150065,-0.62744126,-0.35173202,0.19002671,-0.30849818,0.1462042,0.52774723,0.78422713,1,False,False,monte_carlo_add_one,10000,2363,2364
ordinal,PRIMARY,S7_discovery_trainval_pairs,descriptive,Allograft Rejection,80,-0.11870998,1.2579232,-0.094369821,-0.84406934,-0.39551996,0.16358371,-0.31745176,0.13479471,0.39986001,0.68941382,1,False,False,monte_carlo_add_one,10000,2363,2364
ordinal,PRIMARY,S7_discovery_trainval_pairs,descriptive,Androgen Response,80,-0.31268676,1.4108087,-0.22163654,-1.9823775,-0.61214648,-0.00079547094,-0.44219086,-0.00057162125,0.051594841,0.2579742,0.64023598,False,False,monte_carlo_add_one,10000,2363,2364
ordinal,PRIMARY,S7_discovery_trainval_pairs,descriptive,Angiogenesis,80,-0.18762318,1.180984,-0.15887021,-1.4209784,-0.44045857,0.074773662,-0.4091559,0.063042849,0.16248375,0.45134375,0.95890411,False,False,monte_carlo_add_one,10000,2363,2364
ordinal,PRIMARY,S7_discovery_trainval_pairs,descriptive,Apical Junction,80,-0.087738213,1.2347035,-0.071060148,-0.63558129,-0.3509013,0.18784433,-0.2999242,0.15317033,0.53784622,0.78422713,1,False,False,monte_carlo_add_one,10000,2363,2364
ordinal,PRIMARY,S7_discovery_trainval_pairs,descriptive,Apical Surface,80,-0.11475263,1.357171,-0.084552815,-0.75626337,-0.41130113,0.18776775,-0.31992496,0.13755679,0.45555444,0.71961554,1,False,False,monte_carlo_add_one,10000,2363,2364
ordinal,PRIMARY,S7_discovery_trainval_pairs,descriptive,Apoptosis,80,-0.10070227,1.2089039,-0.083300479,-0.74506214,-0.36747538,0.16975052,-0.31117898,0.14330347,0.46055394,0.71961554,1,False,False,monte_carlo_add_one,10000,2363,2364
ordinal,PRIMARY,S7_discovery_trainval_pairs,descriptive,Bile Acid Metabolism,80,-0.27689055,1.3588913,-0.2037621,-1.8225036,-0.57094878,0.030654219,-0.44359426,0.023201853,0.073392661,0.27532961,0.75742426,False,False,monte_carlo_add_one,10000,2363,2364
ordinal,PRIMARY,S7_discovery_trainval_pairs,descriptive,Cholesterol Homeostasis,80,-0.17991506,1.2739288,-0.14122851,-1.2631862,-0.45871862,0.10334561,-0.38028781,0.081771735,0.22077792,0.52566172,0.98760124,False,False,monte_carlo_add_one,10000,2363,2364
ordinal,PRIMARY,S7_discovery_trainval_pairs,descriptive,Coagulation,80,0.034727661,1.1681346,0.029729159,0.26590568,-0.21509142,0.30062338,-0.19330978,0.25031478,0.79142086,0.92025681,1,False,False,monte_carlo_add_one,10000,2363,2364
ordinal,PRIMARY,S7_discovery_trainval_pairs,descriptive,Complement,80,-0.00034035492,1.264994,-0.00026905654,-0.0024065149,-0.27058977,0.28482808,-0.22527323,0.22622017,0.99760024,0.99760024,1,False,False,monte_carlo_add_one,10000,2363,2364
ordinal,PRIMARY,S7_discovery_trainval_pairs,descriptive,DNA Repair,80,-0.15742086,1.2611614,-0.12482214,-1.1164431,-0.42629302,0.11954612,-0.35226476,0.094976421,0.269973,0.54194581,0.99650035,False,False,monte_carlo_add_one,10000,2363,2364
ordinal,PRIMARY,S7_discovery_trainval_pairs,descriptive,E2F Targets,80,-0.37024416,1.340496,-0.27619937,-2.4704023,-0.66477389,-0.090685971,-0.49051974,-0.070484923,0.01669833,0.2579742,0.29387061,False,False,monte_carlo_add_one,10000,2363,2364
ordinal,PRIMARY,S7_discovery_trainval_pairs,descriptive,Epithelial Mesenchymal Transition,80,-0.17169809,1.1413804,-0.15043021,-1.3454887,-0.41381663,0.083822234,-0.39215561,0.071942125,0.18468153,0.48600403,0.97540246,False,False,monte_carlo_add_one,10000,2363,2364
ordinal,PRIMARY,S7_discovery_trainval_pairs,descriptive,Estrogen Response Early,80,-0.20452752,1.2535914,-0.16315327,-1.4592872,-0.47245177,0.076951258,-0.40000322,0.059963922,0.14858514,0.43701512,0.9480052,False,False,monte_carlo_add_one,10000,2363,2364
ordinal,PRIMARY,S7_discovery_trainval_pairs,descriptive,Estrogen Response Late,80,-0.24587436,1.3433565,-0.18302987,-1.6370689,-0.53471373,0.050887546,-0.42814292,0.036142432,0.10778922,0.33684132,0.87481252,False,False,monte_carlo_add_one,10000,2363,2364
ordinal,PRIMARY,S7_discovery_trainval_pairs,descriptive,Fatty Acid Metabolism,80,-0.10585121,1.2480101,-0.084815987,-0.75861725,-0.37590552,0.16297698,-0.31250095,0.12932859,0.44905509,0.71961554,1,False,False,monte_carlo_add_one,10000,2363,2364
ordinal,PRIMARY,S7_discovery_trainval_pairs,descriptive,G2-M Checkpoint,80,-0.41000974,1.346583,-0.3044816,-2.7233662,-0.71105856,-0.12870203,-0.51566079,-0.10123752,0.0097990201,0.2579742,0.17608239,False,False,monte_carlo_add_one,10000,2363,2364
ordinal,PRIMARY,S7_discovery_trainval_pairs,descriptive,Glycolysis,80,-0.33218553,1.4734786,-0.22544307,-2.0164242,-0.64711288,-0.0097483413,-0.46489805,-0.0068839068,0.04889511,0.2579742,0.61213879,False,False,monte_carlo_add_one,10000,2363,2364
ordinal,PRIMARY,S7_discovery_trainval_pairs,descriptive,Hedgehog Signaling,80,-0.39105329,1.3756707,-0.28426374,-2.5425321,-0.68499504,-0.090762284,-0.51140156,-0.065765665,0.01129887,0.2579742,0.25537446,False,False,monte_carlo_add_one,10000,2363,2364
ordinal,PRIMARY,S7_discovery_trainval_pairs,descriptive,Hypoxia,80,-0.14006147,1.2312226,-0.11375804,-1.0174828,-0.40546648,0.12995648,-0.35674011,0.10319116,0.31576842,0.60724697,0.99920008,False,False,monte_carlo_add_one,10000,2363,2364
ordinal,PRIMARY,S7_discovery_trainval_pairs,descriptive,IL-2/STAT5 Signaling,80,-0.13165235,1.2539931,-0.1049865,-0.93902782,-0.40541094,0.14922963,-0.33974962,0.12056436,0.34716528,0.64289867,0.99990001,False,False,monte_carlo_add_one,10000,2363,2364
ordinal,PRIMARY,S7_discovery_trainval_pairs,descriptive,IL-6/JAK/STAT3 Signaling,80,-0.053868361,1.1672348,-0.046150407,-0.41278179,-0.30782026,0.20581121,-0.25976714,0.18817089,0.68023198,0.87991201,1,False,False,monte_carlo_add_one,10000,2363,2364
ordinal,PRIMARY,S7_discovery_trainval_pairs,descriptive,Inflammatory Response,80,0.0070159491,1.2358093,0.00567721,0.05077851,-0.26207742,0.28760596,-0.21382401,0.24017842,0.95870413,0.97826952,1,False,False,monte_carlo_add_one,10000,2363,2364
ordinal,PRIMARY,S7_discovery_trainval_pairs,descriptive,Interferon Alpha Response,80,0.021253498,1.2801579,0.016602247,0.14849501,-0.25680297,0.3114814,-0.20747627,0.24435094,0.88521148,0.95235157,1,False,False,monte_carlo_add_one,10000,2363,2364
ordinal,PRIMARY,S7_discovery_trainval_pairs,descriptive,Interferon Gamma Response,80,-0.019617066,1.3364201,-0.014678817,-0.13129133,-0.30981066,0.27847668,-0.23464779,0.21417688,0.89521048,0.95235157,1,False,False,monte_carlo_add_one,10000,2363,2364
ordinal,PRIMARY,S7_discovery_trainval_pairs,descriptive,KRAS Signaling Dn,80,-0.14258734,1.1366581,-0.12544436,-1.1220084,-0.39378085,0.10661384,-0.3643157,0.092806237,0.26527347,0.54194581,0.99640036,False,False,monte_carlo_add_one,10000,2363,2364
ordinal,PRIMARY,S7_discovery_trainval_pairs,descriptive,KRAS Signaling Up,80,-0.14476746,1.1634966,-0.12442448,-1.1128864,-0.39369687,0.1204126,-0.3560755,0.10349768,0.2709729,0.54194581,0.99670033,False,False,monte_carlo_add_one,10000,2363,2364
ordinal,PRIMARY,S7_discovery_trainval_pairs,descriptive,Mitotic Spindle,80,-0.32024941,1.4167667,-0.22604245,-2.0217851,-0.62544469,-0.019011231,-0.44538768,-0.014048908,0.04669533,0.2579742,0.60733927,False,False,monte_carlo_add_one,10000,2363,2364
ordinal,PRIMARY,S7_discovery_trainval_pairs,descriptive,Myc Targets V1,80,-0.26030082,1.2974413,-0.20062629,-1.7944561,-0.54410772,0.016445182,-0.42865729,0.012500273,0.077092291,0.27532961,0.77832217,False,False,monte_carlo_add_one,10000,2363,2364
ordinal,PRIMARY,S7_discovery_trainval_pairs,descriptive,Myc Targets V2,80,-0.30275016,1.221387,-0.24787406,-2.217053,-0.56469404,-0.040741694,-0.49327999,-0.032232628,0.02739726,0.2579742,0.45915408,False,False,monte_carlo_add_one,10000,2363,2364
ordinal,PRIMARY,S7_discovery_trainval_pairs,descriptive,Myogenesis,80,-0.22099133,1.174833,-0.18810447,-1.6824575,-0.47144807,0.045347365,-0.44923398,0.036735646,0.099890011,0.3329667,0.85021498,False,False,monte_carlo_add_one,10000,2363,2364
ordinal,PRIMARY,S7_discovery_trainval_pairs,descriptive,Notch Signaling,80,-0.0093510001,1.355054,-0.0069008319,-0.061722917,-0.30459318,0.28804168,-0.22735915,0.22051437,0.95340466,0.97826952,1,False,False,monte_carlo_add_one,10000,2363,2364
ordinal,PRIMARY,S7_discovery_trainval_pairs,descriptive,Oxidative Phosphorylation,80,-0.26562205,1.3041343,-0.20367691,-1.8217417,-0.54848807,0.023971999,-0.45852521,0.017768476,0.073092691,0.27532961,0.75772423,False,False,monte_carlo_add_one,10000,2363,2364
ordinal,PRIMARY,S7_discovery_trainval_pairs,descriptive,PI3K/AKT/mTOR  Signaling,80,-0.22064855,1.5143074,-0.14570922,-1.3032629,-0.54367017,0.11430554,-0.36462824,0.079495667,0.19648035,0.49120088,0.98280172,False,False,monte_carlo_add_one,10000,2363,2364
ordinal,PRIMARY,S7_discovery_trainval_pairs,descriptive,Pancreas Beta Cells,80,-0.066975065,1.2951039,-0.05171405,-0.46254452,-0.34564156,0.22217541,-0.27028384,0.17537279,0.64653535,0.87369641,1,False,False,monte_carlo_add_one,10000,2363,2364
ordinal,PRIMARY,S7_discovery_trainval_pairs,descriptive,Pperoxisome,80,-0.35091517,1.515247,-0.23158942,-2.0713988,-0.6813421,-0.018855237,-0.44519543,-0.013289641,0.03889611,0.2579742,0.56874313,False,False,monte_carlo_add_one,10000,2363,2364
ordinal,PRIMARY,S7_discovery_trainval_pairs,descriptive,Protein Secretion,80,-0.089652235,1.4183858,-0.063207227,-0.56534263,-0.39709943,0.21453803,-0.28194723,0.15878281,0.56354365,0.78422713,1,False,False,monte_carlo_add_one,10000,2363,2364
ordinal,PRIMARY,S7_discovery_trainval_pairs,descriptive,Reactive Oxygen Species Pathway,80,-0.13406352,1.3532011,-0.099071391,-0.88612146,-0.42493196,0.15952755,-0.31652411,0.12187147,0.37766223,0.67439685,1,False,False,monte_carlo_add_one,10000,2363,2364
ordinal,PRIMARY,S7_discovery_trainval_pairs,descriptive,Spermatogenesis,80,-0.32116601,1.3539799,-0.23720147,-2.1215944,-0.61456714,-0.031208935,-0.46352009,-0.023222745,0.03419658,0.2579742,0.52914709,False,False,monte_carlo_add_one,10000,2363,2364
ordinal,PRIMARY,S7_discovery_trainval_pairs,descriptive,TGF-beta Signaling,80,0.0487731,1.2997518,0.037524935,0.33563322,-0.235468,0.33765246,-0.1802321,0.27347519,0.74212579,0.90431433,1,False,False,monte_carlo_add_one,10000,2363,2364
ordinal,PRIMARY,S7_discovery_trainval_pairs,descriptive,TNF-alpha Signaling via NF-kB,80,0.041776821,1.2480194,0.033474497,0.29940501,-0.23443323,0.32101809,-0.18925128,0.26640113,0.75962404,0.90431433,1,False,False,monte_carlo_add_one,10000,2363,2364
ordinal,PRIMARY,S7_discovery_trainval_pairs,descriptive,UV Response Dn,80,-0.1621038,1.2963938,-0.12504211,-1.1184106,-0.44261497,0.12654077,-0.35228238,0.10039811,0.26937306,0.54194581,0.99650035,False,False,monte_carlo_add_one,10000,2363,2364
ordinal,PRIMARY,S7_discovery_trainval_pairs,descriptive,UV Response Up,80,-0.26299718,1.2691247,-0.20722722,-1.8534966,-0.53753991,0.018607742,-0.44123464,0.014127148,0.069693031,0.27532961,0.73362664,False,False,monte_carlo_add_one,10000,2363,2364
ordinal,PRIMARY,S7_discovery_trainval_pairs,descriptive,Unfolded Protein Response,80,-0.030210766,1.2164718,-0.024834745,-0.22212871,-0.2925164,0.22782368,-0.23793991,0.19162124,0.82551745,0.93112911,1,False,False,monte_carlo_add_one,10000,2363,2364
ordinal,PRIMARY,S7_discovery_trainval_pairs,descriptive,Wnt-beta Catenin Signaling,80,-0.071012362,1.114738,-0.063703186,-0.56977862,-0.31402085,0.16447175,-0.28401264,0.15403983,0.56464354,0.78422713,1,False,False,monte_carlo_add_one,10000,2363,2364
ordinal,PRIMARY,S7_discovery_trainval_pairs,descriptive,Xenobiotic Metabolism,80,-0.054329197,1.2022569,-0.045189339,-0.40418574,-0.31034776,0.22152506,-0.2862909,0.17406597,0.68873113,0.87991201,1,False,False,monte_carlo_add_one,10000,2363,2364
ordinal,PRIMARY,S7_discovery_trainval_pairs,descriptive,heme Metabolism,80,0.030527564,1.3863952,0.02201938,0.19694733,-0.28047216,0.34150705,-0.20015453,0.2587317,0.8380162,0.93112911,1,False,False,monte_carlo_add_one,10000,2363,2364
ordinal,PRIMARY,S7_discovery_trainval_pairs,descriptive,mTORC1 Signaling,80,-0.37151364,1.4827421,-0.25055851,-2.2410634,-0.69304592,-0.055039258,-0.48275619,-0.038586715,0.02989701,0.2579742,0.43955604,False,False,monte_carlo_add_one,10000,2363,2364
ordinal,PRIMARY,S7_discovery_trainval_pairs,descriptive,p53 Pathway,80,-0.049326247,1.1602468,-0.04251358,-0.38025302,-0.29747665,0.20832649,-0.26530128,0.18053028,0.70392961,0.87991201,1,False,False,monte_carlo_add_one,10000,2363,2364
binary,SECONDARY,primary,secondary,Adipogenesis,63,0.28633009,1.4150357,0.20234831,1.60609,-0.056792155,0.63658148,-0.046003383,0.42137944,0.11338866,0.79632037,0.88711129,False,False,monte_carlo_add_one,10000,93985,93986
binary,SECONDARY,primary,secondary,Allograft Rejection,63,0.00050588002,1.3229157,0.00038239776,0.0030351881,-0.31859575,0.33138331,-0.25013455,0.25829766,0.99750025,0.99750025,1,False,False,monte_carlo_add_one,10000,93985,93986
binary,SECONDARY,primary,secondary,Androgen Response,63,-0.022878353,1.5355811,-0.014898824,-0.11825575,-0.39071233,0.35587541,-0.26915877,0.23679254,0.90540946,0.94313485,1,False,False,monte_carlo_add_one,10000,93985,93986
binary,SECONDARY,primary,secondary,Angiogenesis,63,0.086014294,1.3414951,0.064118232,0.50892269,-0.23903671,0.42224683,-0.19702295,0.30764523,0.61873813,0.82279272,1,False,False,monte_carlo_add_one,10000,93985,93986
binary,SECONDARY,primary,secondary,Apical Junction,63,0.26816531,1.3610796,0.19702396,1.5638292,-0.056124309,0.59982395,-0.044559912,0.43720908,0.1219878,0.79632037,0.90490951,False,False,monte_carlo_add_one,10000,93985,93986
binary,SECONDARY,primary,secondary,Apical Surface,63,0.22045341,1.4743815,0.14952263,1.1867991,-0.14819851,0.58535636,-0.10506804,0.40350124,0.23947605,0.79632037,0.99480052,False,False,monte_carlo_add_one,10000,93985,93986
binary,SECONDARY,primary,secondary,Apoptosis,63,0.13047618,1.3773615,0.094729075,0.75188872,-0.20716715,0.46882747,-0.15783243,0.34229178,0.45155484,0.80371273,1,False,False,monte_carlo_add_one,10000,93985,93986
binary,SECONDARY,primary,secondary,Bile Acid Metabolism,63,0.29480036,1.352085,0.21803389,1.7305904,-0.031710062,0.62614571,-0.023905853,0.46360244,0.087091291,0.79632037,0.82161784,False,False,monte_carlo_add_one,10000,93985,93986
binary,SECONDARY,primary,secondary,Cholesterol Homeostasis,63,0.15549822,1.3383968,0.11618245,0.9221696,-0.17055085,0.48785183,-0.13160627,0.37605115,0.35356464,0.79632037,0.99980002,False,False,monte_carlo_add_one,10000,93985,93986
binary,SECONDARY,primary,secondary,Coagulation,63,0.26137515,1.319641,0.19806534,1.5720949,-0.061997595,0.58531445,-0.050402406,0.4532834,0.12188781,0.79632037,0.90160984,False,False,monte_carlo_add_one,10000,93985,93986
binary,SECONDARY,primary,secondary,Complement,63,0.15292563,1.4067789,0.10870623,0.86282898,-0.18608153,0.50155728,-0.13891649,0.36189269,0.38846115,0.79632037,1,False,False,monte_carlo_add_one,10000,93985,93986
binary,SECONDARY,primary,secondary,DNA Repair,63,-0.095010933,1.1278246,-0.084242651,-0.66865531,-0.3687486,0.17717274,-0.34768851,0.15941783,0.49975002,0.80604843,1,False,False,monte_carlo_add_one,10000,93985,93986
binary,SECONDARY,primary,secondary,E2F Targets,63,-0.18417832,1.1240223,-0.16385647,-1.3005704,-0.45564113,0.094709978,-0.43916057,0.082187698,0.19248075,0.79632037,0.9820018,False,False,monte_carlo_add_one,10000,93985,93986
binary,SECONDARY,primary,secondary,Epithelial Mesenchymal Transition,63,0.24401991,1.3638078,0.17892545,1.4201767,-0.082590467,0.5890667,-0.067658111,0.41319712,0.16328367,0.79632037,0.95730427,False,False,monte_carlo_add_one,10000,93985,93986
binary,SECONDARY,primary,secondary,Estrogen Response Early,63,0.042459767,1.3086335,0.032445881,0.25753119,-0.27421894,0.36624529,-0.2265603,0.27239892,0.7980202,0.88404203,1,False,False,monte_carlo_add_one,10000,93985,93986
binary,SECONDARY,primary,secondary,Estrogen Response Late,63,0.12472103,1.3174542,0.094668203,0.75140556,-0.19620522,0.4506683,-0.16125021,0.3370575,0.45355464,0.80371273,1,False,False,monte_carlo_add_one,10000,93985,93986
binary,SECONDARY,primary,secondary,Fatty Acid Metabolism,63,0.078284168,1.2746273,0.061417299,0.4874847,-0.23198823,0.38414786,-0.19512651,0.30147531,0.62773723,0.82279272,1,False,False,monte_carlo_add_one,10000,93985,93986
binary,SECONDARY,primary,secondary,G2-M Checkpoint,63,-0.12615963,1.1280782,-0.11183589,-0.88766988,-0.39968627,0.15482396,-0.37884414,0.13449284,0.36926307,0.79632037,1,False,False,monte_carlo_add_one,10000,93985,93986
binary,SECONDARY,primary,secondary,Glycolysis,63,0.079291878,1.3597797,0.058312298,0.46283951,-0.24938559,0.4134435,-0.20071608,0.29926932,0.63923608,0.82279272,1,False,False,monte_carlo_add_one,10000,93985,93986
binary,SECONDARY,primary,secondary,Hedgehog Signaling,63,0.16977588,1.2674987,0.1339456,1.0631603,-0.13065041,0.48676567,-0.11032994,0.38518041,0.28927107,0.79632037,0.99880012,False,False,monte_carlo_add_one,10000,93985,93986
binary,SECONDARY,primary,secondary,Hypoxia,63,0.17664771,1.3106093,0.13478289,1.069806,-0.14185857,0.50398705,-0.11705545,0.37784142,0.29277072,0.79632037,0.99870013,False,False,monte_carlo_add_one,10000,93985,93986
binary,SECONDARY,primary,secondary,IL-2/STAT5 Signaling,63,0.087098934,1.330697,0.06545362,0.519522,-0.2332594,0.41975765,-0.1876386,0.31572751,0.60163984,0.82279272,1,False,False,monte_carlo_add_one,10000,93985,93986
binary,SECONDARY,primary,secondary,IL-6/JAK/STAT3 Signaling,63,0.17097686,1.2444475,0.13739178,1.0905135,-0.13742258,0.4767787,-0.10591938,0.4139252,0.2809719,0.79632037,0.99860014,False,False,monte_carlo_add_one,10000,93985,93986
binary,SECONDARY,primary,secondary,Inflammatory Response,63,0.21770543,1.3895842,0.15666948,1.2435254,-0.12135823,0.55714365,-0.083838149,0.42592554,0.22007799,0.79632037,0.98980102,False,False,monte_carlo_add_one,10000,93985,93986
binary,SECONDARY,primary,secondary,Interferon Alpha Response,63,-0.061166251,1.2770504,-0.047896504,-0.38016672,-0.37090106,0.25216733,-0.30050269,0.20122334,0.70112989,0.83598783,1,False,False,monte_carlo_add_one,10000,93985,93986
binary,SECONDARY,primary,secondary,Interferon Gamma Response,63,-0.027716757,1.3394515,-0.020692616,-0.16424255,-0.35189412,0.30414467,-0.27053282,0.23233107,0.86721328,0.92256732,1,False,False,monte_carlo_add_one,10000,93985,93986
binary,SECONDARY,primary,secondary,KRAS Signaling Dn,63,0.15182212,1.2470235,0.1217476,0.96634162,-0.16158733,0.46004764,-0.13009701,0.38512965,0.33746625,0.79632037,0.99980002,False,False,monte_carlo_add_one,10000,93985,93986
binary,SECONDARY,primary,secondary,KRAS Signaling Up,63,0.16786753,1.3588519,0.12353629,0.98053892,-0.16317274,0.50312356,-0.12569731,0.3800821,0.33486651,0.79632037,0.99980002,False,False,monte_carlo_add_one,10000,93985,93986
binary,SECONDARY,primary,secondary,Mitotic Spindle,63,0.1042212,1.1955974,0.087170817,0.69189691,-0.18802539,0.40249577,-0.16023281,0.34285725,0.49565043,0.80604843,1,False,False,monte_carlo_add_one,10000,93985,93986
binary,SECONDARY,primary,secondary,Myc Targets V1,63,-0.17551442,1.1759953,-0.14924756,-1.1846157,-0.45537347,0.11059818,-0.42927777,0.092333756,0.23987601,0.79632037,0.99510049,False,False,monte_carlo_add_one,10000,93985,93986
binary,SECONDARY,primary,secondary,Myc Targets V2,63,-0.076658263,1.3576424,-0.056464252,-0.44817111,-0.40775692,0.25131005,-0.31280078,0.18953592,0.65823418,0.82279272,1,False,False,monte_carlo_add_one,10000,93985,93986
binary,SECONDARY,primary,secondary,Myogenesis,63,0.27478644,1.3673005,0.20097004,1.5951502,-0.061083114,0.61004199,-0.048802678,0.43486239,0.11688831,0.79632037,0.89241076,False,False,monte_carlo_add_one,10000,93985,93986
binary,SECONDARY,primary,secondary,Notch Signaling,63,0.15347806,1.4470495,0.10606276,0.84184702,-0.19707574,0.51461603,-0.13827339,0.3627132,0.39816018,0.79632037,1,False,False,monte_carlo_add_one,10000,93985,93986
binary,SECONDARY,primary,secondary,Oxidative Phosphorylation,63,-0.21133089,1.3083243,-0.1615279,-1.282088,-0.52120792,0.11313569,-0.4636915,0.079216989,0.20747925,0.79632037,0.98530147,False,False,monte_carlo_add_one,10000,93985,93986
binary,SECONDARY,primary,secondary,PI3K/AKT/mTOR  Signaling,63,0.044106744,1.5118077,0.029174838,0.2315681,-0.3182763,0.42408108,-0.22397702,0.28072503,0.81331867,0.88404203,1,False,False,monte_carlo_add_one,10000,93985,93986
binary,SECONDARY,primary,secondary,Pancreas Beta Cells,63,0.10792512,1.3115595,0.082287625,0.65313777,-0.21060082,0.43411146,-0.16394973,0.34200903,0.52234777,0.81616838,1,False,False,monte_carlo_add_one,10000,93985,93986
binary,SECONDARY,primary,secondary,Pperoxisome,63,0.0037471234,1.2302158,0.0030459074,0.02417614,-0.30074028,0.30214945,-0.24732487,0.25636826,0.98120188,0.99750025,1,False,False,monte_carlo_add_one,10000,93985,93986
binary,SECONDARY,primary,secondary,Protein Secretion,63,0.087918074,1.4913442,0.058952234,0.46791885,-0.2888431,0.44630561,-0.18097605,0.34265876,0.64523548,0.82279272,1,False,False,monte_carlo_add_one,10000,93985,93986
binary,SECONDARY,primary,secondary,Reactive Oxygen Species Pathway,63,0.05812937,1.4308142,0.040626777,0.32246504,-0.28992808,0.41138813,-0.21046669,0.29779987,0.75062494,0.85298288,1,False,False,monte_carlo_add_one,10000,93985,93986
binary,SECONDARY,primary,secondary,Spermatogenesis,63,-0.097118951,1.2731712,-0.076281142,-0.60546279,-0.4131314,0.21162841,-0.34139643,0.16928594,0.55254475,0.82279272,1,False,False,monte_carlo_add_one,10000,93985,93986
binary,SECONDARY,primary,secondary,TGF-beta Signaling,63,0.18656153,1.4155239,0.1317968,1.0461047,-0.16772332,0.52748939,-0.11483447,0.40606517,0.29787021,0.79632037,0.9990001,False,False,monte_carlo_add_one,10000,93985,93986
binary,SECONDARY,primary,secondary,TNF-alpha Signaling via NF-kB,63,0.16602681,1.4028371,0.11835074,0.93937986,-0.18482942,0.50513469,-0.12725924,0.38906858,0.34946505,0.79632037,0.99980002,False,False,monte_carlo_add_one,10000,93985,93986
binary,SECONDARY,primary,secondary,UV Response Dn,63,0.2406529,1.396929,0.17227282,1.3673731,-0.097485343,0.58739041,-0.075695994,0.40858669,0.17878212,0.79632037,0.96930307,False,False,monte_carlo_add_one,10000,93985,93986
binary,SECONDARY,primary,secondary,UV Response Up,63,0.23083299,1.3365077,0.17271355,1.3708713,-0.10290994,0.5610516,-0.079066816,0.43411835,0.17228277,0.79632037,0.96860314,False,False,monte_carlo_add_one,10000,93985,93986
binary,SECONDARY,primary,secondary,Unfolded Protein Response,63,0.14169195,1.3965044,0.10146187,0.80532863,-0.19625067,0.48010906,-0.14122444,0.35926808,0.42585741,0.80371273,1,False,False,monte_carlo_add_one,10000,93985,93986
binary,SECONDARY,primary,secondary,Wnt-beta Catenin Signaling,63,0.08405895,1.4774974,0.05689279,0.45157252,-0.28988914,0.44173696,-0.18406069,0.33490354,0.65683432,0.82279272,1,False,False,monte_carlo_add_one,10000,93985,93986
binary,SECONDARY,primary,secondary,Xenobiotic Metabolism,63,0.18275995,1.3292371,0.13749237,1.0913118,-0.14251975,0.51259511,-0.11105416,0.38850217,0.2819718,0.79632037,0.99850015,False,False,monte_carlo_add_one,10000,93985,93986
binary,SECONDARY,primary,secondary,heme Metabolism,63,0.15588979,1.6242665,0.095975496,0.76178188,-0.24241709,0.55090611,-0.1600845,0.33801726,0.46615338,0.80371273,1,False,False,monte_carlo_add_one,10000,93985,93986
binary,SECONDARY,primary,secondary,mTORC1 Signaling,63,-0.056622942,1.1807406,-0.047955447,-0.38063456,-0.33953187,0.23663091,-0.3102856,0.19857805,0.70222978,0.83598783,1,False,False,monte_carlo_add_one,10000,93985,93986
binary,SECONDARY,primary,secondary,p53 Pathway,63,0.059649099,1.3458339,0.044321293,0.35178936,-0.26869129,0.39199761,-0.21196006,0.29236274,0.71982802,0.83700932,1,False,False,monte_carlo_add_one,10000,93985,93986
binary,SECONDARY,S1_p50,sensitivity,Adipogenesis,50,0.31746018,1.4984141,0.21186412,1.4981056,-0.096360541,0.74105253,-0.074563157,0.46199653,0.139986,0.90459704,0.94180582,False,False,monte_carlo_add_one,10000,77250,77251
binary,SECONDARY,S1_p50,sensitivity,Allograft Rejection,50,0.018037209,1.3960965,0.012919744,0.091356386,-0.37012596,0.39552281,-0.27062893,0.29619469,0.92890711,0.96010399,1,False,False,monte_carlo_add_one,10000,77250,77251
binary,SECONDARY,S1_p50,sensitivity,Androgen Response,50,-0.067055399,1.561849,-0.042933342,-0.30358457,-0.4908993,0.37018746,-0.33208978,0.23982557,0.76142386,0.91574176,1,False,False,monte_carlo_add_one,10000,77250,77251
binary,SECONDARY,S1_p50,sensitivity,Angiogenesis,50,0.056702292,1.3678196,0.041454512,0.29312767,-0.31204502,0.44743694,-0.26233199,0.30905794,0.76922308,0.91574176,1,False,False,monte_carlo_add_one,10000,77250,77251
binary,SECONDARY,S1_p50,sensitivity,Apical Junction,50,0.21378777,1.3619452,0.15697238,1.1099623,-0.14947756,0.60285355,-0.12642894,0.42261469,0.27307269,0.90459704,0.99810019,False,False,monte_carlo_add_one,10000,77250,77251
binary,SECONDARY,S1_p50,sensitivity,Apical Surface,50,0.18896107,1.5562826,0.12141823,0.85855652,-0.2311551,0.61527016,-0.15728771,0.39946064,0.38786121,0.90459704,1,False,False,monte_carlo_add_one,10000,77250,77251
binary,SECONDARY,S1_p50,sensitivity,Apoptosis,50,0.094974457,1.3718885,0.069228991,0.48952289,-0.28422212,0.47916873,-0.21505256,0.35564499,0.63173683,0.91574176,1,False,False,monte_carlo_add_one,10000,77250,77251
binary,SECONDARY,S1_p50,sensitivity,Bile Acid Metabolism,50,0.26729672,1.3288802,0.20114434,1.4223053,-0.098955048,0.63702645,-0.081562133,0.48548376,0.16358364,0.90459704,0.96420358,False,False,monte_carlo_add_one,10000,77250,77251
binary,SECONDARY,S1_p50,sensitivity,Cholesterol Homeostasis,50,0.10123586,1.2663977,0.079940026,0.56526134,-0.25434613,0.44492739,-0.20086855,0.37986824,0.57894211,0.90459704,1,False,False,monte_carlo_add_one,10000,77250,77251
binary,SECONDARY,S1_p50,sensitivity,Coagulation,50,0.24080143,1.3399317,0.17971173,1.2707538,-0.12210677,0.610824,-0.09389816,0.47146078,0.20867913,0.90459704,0.98880112,False,False,monte_carlo_add_one,10000,77250,77251
binary,SECONDARY,S1_p50,sensitivity,Complement,50,0.12517969,1.4527782,0.086165729,0.60928371,-0.27662261,0.53295178,-0.20167957,0.36440673,0.54994501,0.90459704,1,False,False,monte_carlo_add_one,10000,77250,77251
binary,SECONDARY,S1_p50,sensitivity,DNA Repair,50,-0.13450217,1.0821918,-0.12428682,-0.87884051,-0.42756867,0.15755045,-0.42317869,0.14560715,0.38216178,0.90459704,1,False,False,monte_carlo_add_one,10000,77250,77251
binary,SECONDARY,S1_p50,sensitivity,E2F Targets,50,-0.19647703,1.1409762,-0.17220082,-1.2176436,-0.50593967,0.12018615,-0.48652829,0.10295078,0.22857714,0.90459704,0.9940006,False,False,monte_carlo_add_one,10000,77250,77251
binary,SECONDARY,S1_p50,sensitivity,Epithelial Mesenchymal Transition,50,0.22011102,1.4007161,0.15714178,1.1111602,-0.15329355,0.62373072,-0.12879902,0.41865644,0.27527247,0.90459704,0.99810019,False,False,monte_carlo_add_one,10000,77250,77251
binary,SECONDARY,S1_p50,sensitivity,Estrogen Response Early,50,0.017984138,1.3324571,0.013496973,0.095438014,-0.34401806,0.39783987,-0.29462617,0.28453316,0.92320768,0.96010399,1,False,False,monte_carlo_add_one,10000,77250,77251
binary,SECONDARY,S1_p50,sensitivity,Estrogen Response Late,50,0.083128937,1.3188569,0.063031052,0.44569684,-0.27114311,0.44653014,-0.22847767,0.33179839,0.66653335,0.91574176,1,False,False,monte_carlo_add_one,10000,77250,77251
binary,SECONDARY,S1_p50,sensitivity,Fatty Acid Metabolism,50,0.055285335,1.243614,0.044455382,0.31434702,-0.28744391,0.3959561,-0.26160014,0.30937533,0.75232477,0.91574176,1,False,False,monte_carlo_add_one,10000,77250,77251
binary,SECONDARY,S1_p50,sensitivity,G2-M Checkpoint,50,-0.17437061,1.1413359,-0.15277764,-1.0803011,-0.48154655,0.14245917,-0.46639946,0.12572018,0.28577142,0.90459704,0.99850015,False,False,monte_carlo_add_one,10000,77250,77251
binary,SECONDARY,S1_p50,sensitivity,Glycolysis,50,0.059181113,1.346033,0.043967058,0.31089405,-0.3118236,0.43447662,-0.24874219,0.32105903,0.76112389,0.91574176,1,False,False,monte_carlo_add_one,10000,77250,77251
binary,SECONDARY,S1_p50,sensitivity,Hedgehog Signaling,50,0.2237541,1.193231,0.18751952,1.3259632,-0.097185673,0.55575082,-0.088249009,0.46029369,0.19148085,0.90459704,0.98180182,False,False,monte_carlo_add_one,10000,77250,77251
binary,SECONDARY,S1_p50,sensitivity,Hypoxia,50,0.093271028,1.3255991,0.070361415,0.49753033,-0.26968632,0.47169244,-0.22328533,0.34732567,0.61873813,0.91574176,1,False,False,monte_carlo_add_one,10000,77250,77251
binary,SECONDARY,S1_p50,sensitivity,IL-2/STAT5 Signaling,50,0.076590501,1.3528639,0.056613606,0.40031864,-0.29579892,0.45399219,-0.23742118,0.32844405,0.69533047,0.91574176,1,False,False,monte_carlo_add_one,10000,77250,77251
binary,SECONDARY,S1_p50,sensitivity,IL-6/JAK/STAT3 Signaling,50,0.13593273,1.3016327,0.10443247,0.73844911,-0.22276096,0.48847105,-0.16657474,0.4175888,0.46885311,0.90459704,1,False,False,monte_carlo_add_one,10000,77250,77251
binary,SECONDARY,S1_p50,sensitivity,Inflammatory Response,50,0.1730273,1.4707294,0.11764727,0.83189181,-0.2370341,0.57597421,-0.16407876,0.42050216,0.41425857,0.90459704,1,False,False,monte_carlo_add_one,10000,77250,77251
binary,SECONDARY,S1_p50,sensitivity,Interferon Alpha Response,50,-0.13363462,1.2513108,-0.10679571,-0.75515972,-0.47650825,0.21166541,-0.40649368,0.17076358,0.45145485,0.90459704,1,False,False,monte_carlo_add_one,10000,77250,77251
binary,SECONDARY,S1_p50,sensitivity,Interferon Gamma Response,50,-0.12437489,1.3669212,-0.090989072,-0.64338989,-0.50169722,0.25048629,-0.38582689,0.18570492,0.52084792,0.90459704,1,False,False,monte_carlo_add_one,10000,77250,77251
binary,SECONDARY,S1_p50,sensitivity,KRAS Signaling Dn,50,0.12927232,1.2371485,0.10449216,0.73887116,-0.21365468,0.47385229,-0.17750273,0.39457377,0.46135386,0.90459704,1,False,False,monte_carlo_add_one,10000,77250,77251
binary,SECONDARY,S1_p50,sensitivity,KRAS Signaling Up,50,0.19513068,1.3698925,0.14244233,1.0072194,-0.17545612,0.574414,-0.13505361,0.4323717,0.32246775,0.90459704,0.99960004,False,False,monte_carlo_add_one,10000,77250,77251
binary,SECONDARY,S1_p50,sensitivity,Mitotic Spindle,50,0.069255512,1.2458207,0.055590271,0.39308257,-0.2697119,0.41355518,-0.22764424,0.33682538,0.70082992,0.91574176,1,False,False,monte_carlo_add_one,10000,77250,77251
binary,SECONDARY,S1_p50,sensitivity,Myc Targets V1,50,-0.21578765,1.0909393,-0.19779987,-1.3986563,-0.51131259,0.087095293,-0.51383163,0.081050478,0.1669833,0.90459704,0.96920308,False,False,monte_carlo_add_one,10000,77250,77251
binary,SECONDARY,S1_p50,sensitivity,Myc Targets V2,50,-0.10747939,1.2692573,-0.084678965,-0.59877071,-0.45739389,0.23451817,-0.36878672,0.19065933,0.55754425,0.90459704,1,False,False,monte_carlo_add_one,10000,77250,77251
binary,SECONDARY,S1_p50,sensitivity,Myogenesis,50,0.21668574,1.357122,0.15966562,1.1290064,-0.15645103,0.60452843,-0.13169797,0.42421943,0.26647335,0.90459704,0.9980002,False,False,monte_carlo_add_one,10000,77250,77251
binary,SECONDARY,S1_p50,sensitivity,Notch Signaling,50,0.15274803,1.5321612,0.09969449,0.7049465,-0.27344064,0.56956998,-0.18987968,0.38368894,0.47735226,0.90459704,1,False,False,monte_carlo_add_one,10000,77250,77251
binary,SECONDARY,S1_p50,sensitivity,Oxidative Phosphorylation,50,-0.1878286,1.3758978,-0.13651349,-0.96529611,-0.55893254,0.20948027,-0.47901338,0.13605139,0.35246475,0.90459704,0.99990001,False,False,monte_carlo_add_one,10000,77250,77251
binary,SECONDARY,S1_p50,sensitivity,PI3K/AKT/mTOR  Signaling,50,-0.040197293,1.5027639,-0.026748909,-0.18914335,-0.44849841,0.37696023,-0.32442464,0.25072173,0.84661534,0.95338292,1,False,False,monte_carlo_add_one,10000,77250,77251
binary,SECONDARY,S1_p50,sensitivity,Pancreas Beta Cells,50,0.02746269,1.2542097,0.02189641,0.154831,-0.31738857,0.37792207,-0.26179503,0.31952653,0.87541246,0.95338292,1,False,False,monte_carlo_add_one,10000,77250,77251
binary,SECONDARY,S1_p50,sensitivity,Pperoxisome,50,0.0086328508,1.2246737,0.007049103,0.049844685,-0.32432748,0.3435991,-0.25691308,0.31318743,0.96010399,0.96010399,1,False,False,monte_carlo_add_one,10000,77250,77251
binary,SECONDARY,S1_p50,sensitivity,Protein Secretion,50,0.12444655,1.5239966,0.081658019,0.57740939,-0.31260469,0.52859344,-0.18746712,0.41662732,0.57384262,0.90459704,1,False,False,monte_carlo_add_one,10000,77250,77251
binary,SECONDARY,S1_p50,sensitivity,Reactive Oxygen Species Pathway,50,0.015395884,1.5090548,0.010202336,0.072141411,-0.40171848,0.43440848,-0.28000523,0.29322803,0.94180582,0.96010399,1,False,False,monte_carlo_add_one,10000,77250,77251
binary,SECONDARY,S1_p50,sensitivity,Spermatogenesis,50,-0.14898912,1.1856994,-0.12565506,-0.88851542,-0.4682316,0.1736054,-0.42532397,0.14646793,0.37776222,0.90459704,1,False,False,monte_carlo_add_one,10000,77250,77251
binary,SECONDARY,S1_p50,sensitivity,TGF-beta Signaling,50,0.12523687,1.4426172,0.086812266,0.61385542,-0.27758977,0.5181418,-0.18725298,0.39435166,0.54634537,0.90459704,1,False,False,monte_carlo_add_one,10000,77250,77251
binary,SECONDARY,S1_p50,sensitivity,TNF-alpha Signaling via NF-kB,50,0.075520569,1.4550943,0.051900808,0.36699413,-0.32992854,0.47863817,-0.22102265,0.35940485,0.71972803,0.91574176,1,False,False,monte_carlo_add_one,10000,77250,77251
binary,SECONDARY,S1_p50,sensitivity,UV Response Dn,50,0.21242531,1.4050076,0.15119157,1.0690859,-0.15939089,0.61781387,-0.13646174,0.40604825,0.2989701,0.90459704,0.99870013,False,False,monte_carlo_add_one,10000,77250,77251
binary,SECONDARY,S1_p50,sensitivity,UV Response Up,50,0.13165134,1.259096,0.1045602,0.73935229,-0.21716613,0.47962949,-0.17467607,0.39560253,0.46755324,0.90459704,1,False,False,monte_carlo_add_one,10000,77250,77251
binary,SECONDARY,S1_p50,sensitivity,Unfolded Protein Response,50,0.029079475,1.3335642,0.02180583,0.1541905,-0.34777016,0.38633069,-0.26249224,0.31089641,0.87711229,0.95338292,1,False,False,monte_carlo_add_one,10000,77250,77251
binary,SECONDARY,S1_p50,sensitivity,Wnt-beta Catenin Signaling,50,0.13460914,1.3247421,0.10161158,0.71850239,-0.22835529,0.49866321,-0.16817738,0.4086896,0.48645135,0.90459704,1,False,False,monte_carlo_add_one,10000,77250,77251
binary,SECONDARY,S1_p50,sensitivity,Xenobiotic Metabolism,50,0.14772214,1.3181371,0.11206887,0.79244661,-0.21334437,0.51007775,-0.16838637,0.3961138,0.42935706,0.90459704,1,False,False,monte_carlo_add_one,10000,77250,77251
binary,SECONDARY,S1_p50,sensitivity,heme Metabolism,50,0.20434582,1.773891,0.11519638,0.81456141,-0.28563955,0.68434045,-0.16678797,0.39277532,0.42575742,0.90459704,1,False,False,monte_carlo_add_one,10000,77250,77251
binary,SECONDARY,S1_p50,sensitivity,mTORC1 Signaling,50,-0.16795348,1.1288334,-0.148785,-1.0520688,-0.48608178,0.13888059,-0.44859577,0.12903931,0.29997,0.90459704,0.9990001,False,False,monte_carlo_add_one,10000,77250,77251
binary,SECONDARY,S1_p50,sensitivity,p53 Pathway,50,-0.028731838,1.2671995,-0.022673491,-0.1603258,-0.37538155,0.32511849,-0.31909667,0.25649595,0.8710129,0.95338292,1,False,False,monte_carlo_add_one,10000,77250,77251
binary,SECONDARY,S1_p90,sensitivity,Adipogenesis,75,0.24798727,1.4449914,0.17161852,1.4862599,-0.071002906,0.57122368,-0.053901231,0.37813782,0.14278572,0.34115636,0.93750625,False,False,monte_carlo_add_one,10000,60894,60895
binary,SECONDARY,S1_p90,sensitivity,Allograft Rejection,75,0.098188329,1.3424863,0.073139167,0.63340376,-0.20246584,0.39428854,-0.15584175,0.30044454,0.52644736,0.72519775,1,False,False,monte_carlo_add_one,10000,60894,60895
binary,SECONDARY,S1_p90,sensitivity,Androgen Response,75,-0.0065559638,1.507601,-0.0043486067,-0.037660038,-0.35027681,0.32847848,-0.23675084,0.22420996,0.97180282,0.99190081,1,False,False,monte_carlo_add_one,10000,60894,60895
binary,SECONDARY,S1_p90,sensitivity,Angiogenesis,75,0.12511183,1.3236445,0.094520724,0.81857348,-0.17165329,0.43207841,-0.13916994,0.31634821,0.41025897,0.60332202,0.99990001,False,False,monte_carlo_add_one,10000,60894,60895
binary,SECONDARY,S1_p90,sensitivity,Apical Junction,75,0.30443607,1.3156142,0.23140223,2.0040021,0.01363075,0.6090324,0.010978051,0.45928632,0.050594941,0.34115636,0.62763724,False,False,monte_carlo_add_one,10000,60894,60895
binary,SECONDARY,S1_p90,sensitivity,Apical Surface,75,0.31075261,1.4126134,0.21998419,1.905119,-0.00058258996,0.62907953,-0.00048864452,0.4570904,0.061293871,0.34115636,0.70003,False,False,monte_carlo_add_one,10000,60894,60895
binary,SECONDARY,S1_p90,sensitivity,Apoptosis,75,0.22895179,1.3406949,0.17077099,1.4789202,-0.073926469,0.53239635,-0.055283071,0.40415138,0.14328567,0.34115636,0.94060594,False,False,monte_carlo_add_one,10000,60894,60895
binary,SECONDARY,S1_p90,sensitivity,Bile Acid Metabolism,75,0.24025088,1.3626227,0.17631505,1.5269331,-0.064893675,0.55070343,-0.047899302,0.41075605,0.1339866,0.34115636,0.92320768,False,False,monte_carlo_add_one,10000,60894,60895
binary,SECONDARY,S1_p90,sensitivity,Cholesterol Homeostasis,75,0.15613116,1.3190496,0.1183664,1.0250831,-0.13532216,0.44430991,-0.10272953,0.35701367,0.31576842,0.50161651,0.9990001,False,False,monte_carlo_add_one,10000,60894,60895
binary,SECONDARY,S1_p90,sensitivity,Coagulation,75,0.27163897,1.2616901,0.21529769,1.8645327,-0.0095737796,0.55258163,-0.0081042509,0.44505659,0.069193081,0.34115636,0.73052695,False,False,monte_carlo_add_one,10000,60894,60895
binary,SECONDARY,S1_p90,sensitivity,Complement,75,0.22630541,1.3678643,0.16544434,1.43279,-0.081477269,0.53548116,-0.059447712,0.3962404,0.15778422,0.3586005,0.95330467,False,False,monte_carlo_add_one,10000,60894,60895
binary,SECONDARY,S1_p90,sensitivity,DNA Repair,75,-0.21071323,1.1604466,-0.18157942,-1.5725239,-0.47361875,0.048696892,-0.42335623,0.0428847,0.1209879,0.34115636,0.90430957,False,False,monte_carlo_add_one,10000,60894,60895
binary,SECONDARY,S1_p90,sensitivity,E2F Targets,75,-0.27909977,1.2357839,-0.22584836,-1.9559041,-0.55634291,-0.0014207175,-0.46542754,-0.0013025828,0.056594341,0.34115636,0.66233377,False,False,monte_carlo_add_one,10000,60894,60895
binary,SECONDARY,S1_p90,sensitivity,Epithelial Mesenchymal Transition,75,0.28370632,1.3072579,0.21702399,1.8794829,-0.0054600599,0.58241106,-0.004798584,0.42864149,0.066093391,0.34115636,0.71872813,False,False,monte_carlo_add_one,10000,60894,60895
binary,SECONDARY,S1_p90,sensitivity,Estrogen Response Early,75,0.093958576,1.2760138,0.073634454,0.63769308,-0.19038696,0.38366738,-0.1587634,0.30073024,0.52444756,0.72519775,1,False,False,monte_carlo_add_one,10000,60894,60895
binary,SECONDARY,S1_p90,sensitivity,Estrogen Response Late,75,0.14834352,1.300485,0.11406784,0.98785651,-0.14023109,0.44402094,-0.11149013,0.33703996,0.32126787,0.50161651,0.99930007,False,False,monte_carlo_add_one,10000,60894,60895
binary,SECONDARY,S1_p90,sensitivity,Fatty Acid Metabolism,75,0.0016369432,1.3319746,0.0012289598,0.010643104,-0.293677,0.30030121,-0.22950651,0.22503432,0.99190081,0.99190081,1,False,False,monte_carlo_add_one,10000,60894,60895
binary,SECONDARY,S1_p90,sensitivity,G2-M Checkpoint,75,-0.20134469,1.2460409,-0.16158755,-1.3993892,-0.48122999,0.077829112,-0.39905955,0.063418325,0.16508349,0.35887716,0.96320368,False,False,monte_carlo_add_one,10000,60894,60895
binary,SECONDARY,S1_p90,sensitivity,Glycolysis,75,-0.0618862,1.3479175,-0.045912453,-0.39761351,-0.36240855,0.24238377,-0.28965019,0.17607418,0.70072993,0.85454869,1,False,False,monte_carlo_add_one,10000,60894,60895
binary,SECONDARY,S1_p90,sensitivity,Hedgehog Signaling,75,0.27072683,1.2925819,0.20944656,1.8138604,-0.012884927,0.56429189,-0.010078557,0.43513947,0.073592641,0.34115636,0.76712329,False,False,monte_carlo_add_one,10000,60894,60895
binary,SECONDARY,S1_p90,sensitivity,Hypoxia,75,0.23328955,1.2627255,0.18475081,1.5999889,-0.047727052,0.52191691,-0.040726791,0.41078031,0.11678832,0.34115636,0.89191081,False,False,monte_carlo_add_one,10000,60894,60895
binary,SECONDARY,S1_p90,sensitivity,IL-2/STAT5 Signaling,75,0.16785951,1.2981016,0.12931153,1.1198707,-0.11827875,0.46461011,-0.096818357,0.35555356,0.26477352,0.45650607,0.99710029,False,False,monte_carlo_add_one,10000,60894,60895
binary,SECONDARY,S1_p90,sensitivity,IL-6/JAK/STAT3 Signaling,75,0.21681831,1.2187821,0.17789752,1.5406377,-0.064517102,0.48842855,-0.05070252,0.43103112,0.12578742,0.34115636,0.91760824,False,False,monte_carlo_add_one,10000,60894,60895
binary,SECONDARY,S1_p90,sensitivity,Inflammatory Response,75,0.28375734,1.3589725,0.20880286,1.8082858,-0.023848502,0.58336691,-0.016998692,0.45670997,0.076192381,0.34115636,0.77132287,False,False,monte_carlo_add_one,10000,60894,60895
binary,SECONDARY,S1_p90,sensitivity,Interferon Alpha Response,75,0.034321783,1.3592237,0.025251018,0.21868023,-0.28875788,0.33616496,-0.2019951,0.26779556,0.82491751,0.91657501,1,False,False,monte_carlo_add_one,10000,60894,60895
binary,SECONDARY,S1_p90,sensitivity,Interferon Gamma Response,75,0.084316699,1.3861186,0.060829354,0.52679766,-0.23570486,0.39404532,-0.17153099,0.29934516,0.60373963,0.75467453,1,False,False,monte_carlo_add_one,10000,60894,60895
binary,SECONDARY,S1_p90,sensitivity,KRAS Signaling Dn,75,0.17801178,1.2755896,0.13955255,1.2085605,-0.10755685,0.46314958,-0.084849455,0.38113011,0.22907709,0.40978045,0.99160084,False,False,monte_carlo_add_one,10000,60894,60895
binary,SECONDARY,S1_p90,sensitivity,KRAS Signaling Up,75,0.22445347,1.2999633,0.17266139,1.4952915,-0.062571788,0.51894623,-0.050098702,0.40454203,0.14158584,0.34115636,0.93410659,False,False,monte_carlo_add_one,10000,60894,60895
binary,SECONDARY,S1_p90,sensitivity,Mitotic Spindle,75,0.038286619,1.2406833,0.0308593,0.26724938,-0.23775179,0.31866736,-0.20069959,0.25625285,0.78982102,0.89752388,1,False,False,monte_carlo_add_one,10000,60894,60895
binary,SECONDARY,S1_p90,sensitivity,Myc Targets V1,75,-0.27955891,1.2514258,-0.22339232,-1.9346343,-0.56035794,0.0039711519,-0.47079553,0.0030478925,0.059994001,0.34115636,0.67763224,False,False,monte_carlo_add_one,10000,60894,60895
binary,SECONDARY,S1_p90,sensitivity,Myc Targets V2,75,-0.21322889,1.33983,-0.15914622,-1.3782467,-0.50989366,0.088627638,-0.40332583,0.064410713,0.17268273,0.35975569,0.96870313,False,False,monte_carlo_add_one,10000,60894,60895
binary,SECONDARY,S1_p90,sensitivity,Myogenesis,75,0.26601413,1.3343663,0.19935614,1.7264749,-0.028104902,0.5698576,-0.022703792,0.41539113,0.091690831,0.34115636,0.82971703,False,False,monte_carlo_add_one,10000,60894,60895
binary,SECONDARY,S1_p90,sensitivity,Notch Signaling,75,0.21419078,1.4066556,0.15226953,1.3186928,-0.10116788,0.53310124,-0.073228142,0.38980544,0.19718028,0.39436056,0.97970203,False,False,monte_carlo_add_one,10000,60894,60895
binary,SECONDARY,S1_p90,sensitivity,Oxidative Phosphorylation,75,-0.27214994,1.3058674,-0.2084055,-1.8048445,-0.56254828,0.019471713,-0.47709443,0.014623263,0.076892311,0.34115636,0.77362264,False,False,monte_carlo_add_one,10000,60894,60895
binary,SECONDARY,S1_p90,sensitivity,PI3K/AKT/mTOR  Signaling,75,0.017539338,1.4402034,0.012178376,0.10546783,-0.30986384,0.34559346,-0.22579183,0.23650584,0.91740826,0.99190081,1,False,False,monte_carlo_add_one,10000,60894,60895
binary,SECONDARY,S1_p90,sensitivity,Pancreas Beta Cells,75,0.14182897,1.2633718,0.11226226,0.97221969,-0.14725826,0.43269693,-0.11880576,0.35156747,0.33106689,0.50161651,0.99930007,False,False,monte_carlo_add_one,10000,60894,60895
binary,SECONDARY,S1_p90,sensitivity,Pperoxisome,75,-0.042916839,1.2147734,-0.03532909,-0.30595889,-0.31800943,0.22927464,-0.26484219,0.19622182,0.75422458,0.89752388,1,False,False,monte_carlo_add_one,10000,60894,60895
binary,SECONDARY,S1_p90,sensitivity,Protein Secretion,75,-0.014107257,1.5096411,-0.0093447752,-0.080928127,-0.36444695,0.31500747,-0.23173801,0.22590309,0.9360064,0.99190081,1,False,False,monte_carlo_add_one,10000,60894,60895
binary,SECONDARY,S1_p90,sensitivity,Reactive Oxygen Species Pathway,75,0.09907054,1.3961944,0.070957556,0.61451046,-0.21555263,0.40622184,-0.15596089,0.30651054,0.53664634,0.72519775,1,False,False,monte_carlo_add_one,10000,60894,60895
binary,SECONDARY,S1_p90,sensitivity,Spermatogenesis,75,-0.039407797,1.2475686,-0.031587681,-0.27355734,-0.31819361,0.24075237,-0.26673908,0.19471266,0.78082192,0.89752388,1,False,False,monte_carlo_add_one,10000,60894,60895
binary,SECONDARY,S1_p90,sensitivity,TGF-beta Signaling,75,0.26284228,1.3438049,0.19559556,1.6939073,-0.037343659,0.56197371,-0.026328239,0.45227948,0.094690531,0.34115636,0.84621538,False,False,monte_carlo_add_one,10000,60894,60895
binary,SECONDARY,S1_p90,sensitivity,TNF-alpha Signaling via NF-kB,75,0.26188067,1.3826334,0.18940717,1.6403142,-0.055612234,0.57236109,-0.039666169,0.44516293,0.1059894,0.34115636,0.87161284,False,False,monte_carlo_add_one,10000,60894,60895
binary,SECONDARY,S1_p90,sensitivity,UV Response Dn,75,0.27240582,1.3743547,0.19820635,1.7165173,-0.035217737,0.59196221,-0.02854911,0.40993498,0.093790621,0.34115636,0.83451655,False,False,monte_carlo_add_one,10000,60894,60895
binary,SECONDARY,S1_p90,sensitivity,UV Response Up,75,0.1856524,1.3105583,0.14165902,1.2268031,-0.11270393,0.48400957,-0.088068991,0.38296504,0.22467753,0.40978045,0.99060094,False,False,monte_carlo_add_one,10000,60894,60895
binary,SECONDARY,S1_p90,sensitivity,Unfolded Protein Response,75,0.0026387495,1.4295702,0.0018458342,0.015985393,-0.32007094,0.3170063,-0.23002095,0.2285258,0.98830117,0.99190081,1,False,False,monte_carlo_add_one,10000,60894,60895
binary,SECONDARY,S1_p90,sensitivity,Wnt-beta Catenin Signaling,75,0.0895526,1.4084128,0.063584055,0.55065407,-0.23627949,0.40134248,-0.15958241,0.31834844,0.58564144,0.75467453,1,False,False,monte_carlo_add_one,10000,60894,60895
binary,SECONDARY,S1_p90,sensitivity,Xenobiotic Metabolism,75,0.22718818,1.2911198,0.17596211,1.5238766,-0.069785981,0.51575835,-0.055761414,0.40813571,0.13128687,0.34115636,0.9240076,False,False,monte_carlo_add_one,10000,60894,60895
binary,SECONDARY,S1_p90,sensitivity,heme Metabolism,75,0.22944615,1.6431755,0.13963581,1.2092816,-0.13943196,0.58869059,-0.086818651,0.36273757,0.22947705,0.40978045,0.99160084,False,False,monte_carlo_add_one,10000,60894,60895
binary,SECONDARY,S1_p90,sensitivity,mTORC1 Signaling,75,-0.14693416,1.2329161,-0.11917612,-1.0320955,-0.43326354,0.12998472,-0.36016049,0.10922472,0.31416858,0.50161651,0.99890011,False,False,monte_carlo_add_one,10000,60894,60895
binary,SECONDARY,S1_p90,sensitivity,p53 Pathway,75,0.080481178,1.3124121,0.061323099,0.53107361,-0.21322655,0.38158409,-0.1676102,0.29276136,0.59644036,0.75467453,1,False,False,monte_carlo_add_one,10000,60894,60895
binary,SECONDARY,S2_rna_age_gap_le_365d,sensitivity,Adipogenesis,43,0.36866255,1.335035,0.27614449,1.8108005,-0.0059063447,0.78979873,-0.0044947058,0.53577547,0.076892311,0.65937851,0.80631937,False,False,monte_carlo_add_one,10000,99350,99351
binary,SECONDARY,S2_rna_age_gap_le_365d,sensitivity,Allograft Rejection,43,0.015760151,1.1442772,0.013773018,0.090315721,-0.32001444,0.33916857,-0.28100091,0.32220606,0.92940706,0.98720128,1,False,False,monte_carlo_add_one,10000,99350,99351
binary,SECONDARY,S2_rna_age_gap_le_365d,sensitivity,Androgen Response,43,-0.11674279,1.454724,-0.080250815,-0.52623979,-0.5428819,0.30241559,-0.37957427,0.22206129,0.60313969,0.81505363,1,False,False,monte_carlo_add_one,10000,99350,99351
binary,SECONDARY,S2_rna_age_gap_le_365d,sensitivity,Angiogenesis,43,0.11918656,1.1333329,0.10516465,0.68961075,-0.21038799,0.45837727,-0.19925467,0.40435936,0.4979502,0.74778236,1,False,False,monte_carlo_add_one,10000,99350,99351
binary,SECONDARY,S2_rna_age_gap_le_365d,sensitivity,Apical Junction,43,0.23621947,1.264789,0.18676592,1.224706,-0.1333252,0.61828555,-0.1106568,0.49842647,0.2259774,0.66298926,0.9940006,False,False,monte_carlo_add_one,10000,99350,99351
binary,SECONDARY,S2_rna_age_gap_le_365d,sensitivity,Apical Surface,43,0.26670164,1.3388329,0.19920457,1.3062717,-0.12901557,0.66566489,-0.10198553,0.5216376,0.19518048,0.66298926,0.98750125,False,False,monte_carlo_add_one,10000,99350,99351
binary,SECONDARY,S2_rna_age_gap_le_365d,sensitivity,Apoptosis,43,0.18228523,1.1827236,0.15412327,1.0106538,-0.15412037,0.5389016,-0.14714923,0.43641275,0.32146785,0.68454693,0.99980002,False,False,monte_carlo_add_one,10000,99350,99351
binary,SECONDARY,S2_rna_age_gap_le_365d,sensitivity,Bile Acid Metabolism,43,0.2255426,1.1111483,0.20298155,1.331039,-0.096284866,0.55249011,-0.094756009,0.50691149,0.19378062,0.66298926,0.98480152,False,False,monte_carlo_add_one,10000,99350,99351
binary,SECONDARY,S2_rna_age_gap_le_365d,sensitivity,Cholesterol Homeostasis,43,0.20243619,1.2388447,0.16340724,1.071533,-0.15871217,0.56505711,-0.1304976,0.4942241,0.2849715,0.68454693,0.99940006,False,False,monte_carlo_add_one,10000,99350,99351
binary,SECONDARY,S2_rna_age_gap_le_365d,sensitivity,Coagulation,43,0.26783238,0.98816238,0.27104086,1.7773338,-0.021681457,0.56579112,-0.022487016,0.59927153,0.084991501,0.65937851,0.82411759,False,False,monte_carlo_add_one,10000,99350,99351
binary,SECONDARY,S2_rna_age_gap_le_365d,sensitivity,Complement,43,0.16531671,1.1586738,0.14267753,0.93559912,-0.16464193,0.50912404,-0.15543241,0.43495811,0.3559644,0.68454693,1,False,False,monte_carlo_add_one,10000,99350,99351
binary,SECONDARY,S2_rna_age_gap_le_365d,sensitivity,DNA Repair,43,-0.13590075,1.2191308,-0.11147348,-0.73098052,-0.48844278,0.22651407,-0.4543341,0.18356295,0.46205379,0.74778236,1,False,False,monte_carlo_add_one,10000,99350,99351
binary,SECONDARY,S2_rna_age_gap_le_365d,sensitivity,E2F Targets,43,-0.2936487,1.0988655,-0.26722897,-1.7523375,-0.61017475,0.035727693,-0.62780227,0.031262747,0.089191081,0.65937851,0.83871613,False,False,monte_carlo_add_one,10000,99350,99351
binary,SECONDARY,S2_rna_age_gap_le_365d,sensitivity,Epithelial Mesenchymal Transition,43,0.22984199,1.1903384,0.19308962,1.2661733,-0.11138278,0.59308296,-0.10503135,0.48755811,0.21677832,0.66298926,0.99220078,False,False,monte_carlo_add_one,10000,99350,99351
binary,SECONDARY,S2_rna_age_gap_le_365d,sensitivity,Estrogen Response Early,43,0.054485272,1.3260378,0.041088777,0.26943713,-0.33435399,0.45192755,-0.27370322,0.33977478,0.78382162,0.90536401,1,False,False,monte_carlo_add_one,10000,99350,99351
binary,SECONDARY,S2_rna_age_gap_le_365d,sensitivity,Estrogen Response Late,43,0.11827149,1.2066874,0.09801337,0.64271665,-0.23248798,0.4792685,-0.21346385,0.39230317,0.52344766,0.74778236,1,False,False,monte_carlo_add_one,10000,99350,99351
binary,SECONDARY,S2_rna_age_gap_le_365d,sensitivity,Fatty Acid Metabolism,43,0.061323453,1.1006063,0.05571788,0.36536657,-0.24873959,0.39277739,-0.27717744,0.32609369,0.7250275,0.88300694,1,False,False,monte_carlo_add_one,10000,99350,99351
binary,SECONDARY,S2_rna_age_gap_le_365d,sensitivity,G2-M Checkpoint,43,-0.24315236,1.0831694,-0.2244823,-1.4720289,-0.55863954,0.080718546,-0.59166094,0.071472199,0.14828517,0.66298926,0.95590441,False,False,monte_carlo_add_one,10000,99350,99351
binary,SECONDARY,S2_rna_age_gap_le_365d,sensitivity,Glycolysis,43,-0.11399032,1.2664312,-0.090009092,-0.59022909,-0.48816996,0.25828742,-0.39650891,0.21507072,0.55924408,0.77672788,1,False,False,monte_carlo_add_one,10000,99350,99351
binary,SECONDARY,S2_rna_age_gap_le_365d,sensitivity,Hedgehog Signaling,43,0.129279,1.2924118,0.10002926,0.65593575,-0.25076271,0.50446291,-0.20319085,0.40934966,0.51454855,0.74778236,1,False,False,monte_carlo_add_one,10000,99350,99351
binary,SECONDARY,S2_rna_age_gap_le_365d,sensitivity,Hypoxia,43,0.18177207,1.147868,0.15835624,1.0384113,-0.15158207,0.52928781,-0.1471858,0.44876312,0.30826917,0.68454693,0.99950005,False,False,monte_carlo_add_one,10000,99350,99351
binary,SECONDARY,S2_rna_age_gap_le_365d,sensitivity,IL-2/STAT5 Signaling,43,0.077716466,1.1641972,0.066755413,0.43774452,-0.25345723,0.42558906,-0.23334735,0.36457171,0.660034,0.85641436,1,False,False,monte_carlo_add_one,10000,99350,99351
binary,SECONDARY,S2_rna_age_gap_le_365d,sensitivity,IL-6/JAK/STAT3 Signaling,43,0.28909112,0.99604185,0.29023993,1.9032305,0.0054824628,0.58886593,0.0059885298,0.59169778,0.061093891,0.65937851,0.74412559,False,False,monte_carlo_add_one,10000,99350,99351
binary,SECONDARY,S2_rna_age_gap_le_365d,sensitivity,Inflammatory Response,43,0.27367211,1.0579686,0.25867697,1.6962583,-0.032850793,0.5858131,-0.032444106,0.56800401,0.095890411,0.65937851,0.870013,False,False,monte_carlo_add_one,10000,99350,99351
binary,SECONDARY,S2_rna_age_gap_le_365d,sensitivity,Interferon Alpha Response,43,-0.13667945,1.2157844,-0.1124208,-0.73719251,-0.49348648,0.22965095,-0.43803197,0.19171004,0.46925307,0.74778236,1,False,False,monte_carlo_add_one,10000,99350,99351
binary,SECONDARY,S2_rna_age_gap_le_365d,sensitivity,Interferon Gamma Response,43,-0.029453555,1.2233035,-0.024077062,-0.15788385,-0.38266802,0.33899083,-0.33016081,0.2810234,0.87291271,0.94881816,1,False,False,monte_carlo_add_one,10000,99350,99351
binary,SECONDARY,S2_rna_age_gap_le_365d,sensitivity,KRAS Signaling Dn,43,0.13600108,1.2045577,0.1129054,0.74037023,-0.22234337,0.48275142,-0.1883502,0.43130414,0.45765423,0.74778236,1,False,False,monte_carlo_add_one,10000,99350,99351
binary,SECONDARY,S2_rna_age_gap_le_365d,sensitivity,KRAS Signaling Up,43,0.14117651,1.0541895,0.13391948,0.87816876,-0.16076564,0.45420691,-0.16163502,0.43053314,0.3879612,0.70546517,1,False,False,monte_carlo_add_one,10000,99350,99351
binary,SECONDARY,S2_rna_age_gap_le_365d,sensitivity,Mitotic Spindle,43,0.03171295,1.2298285,0.025786483,0.16909327,-0.33012086,0.39592408,-0.27514435,0.32947975,0.86651335,0.94881816,1,False,False,monte_carlo_add_one,10000,99350,99351
binary,SECONDARY,S2_rna_age_gap_le_365d,sensitivity,Myc Targets V1,43,-0.25809726,1.2444394,-0.20740042,-1.3600155,-0.61647224,0.11545948,-0.57286475,0.088302968,0.17468253,0.66298926,0.98090191,False,False,monte_carlo_add_one,10000,99350,99351
binary,SECONDARY,S2_rna_age_gap_le_365d,sensitivity,Myc Targets V2,43,-0.23478492,1.3194418,-0.17794261,-1.1668477,-0.62250884,0.15486524,-0.50939296,0.12086768,0.23867613,0.66298926,0.99730027,False,False,monte_carlo_add_one,10000,99350,99351
binary,SECONDARY,S2_rna_age_gap_le_365d,sensitivity,Myogenesis,43,0.2385194,1.181715,0.20184174,1.3235648,-0.11707488,0.58810526,-0.10678198,0.50047144,0.19208079,0.66298926,0.98560144,False,False,monte_carlo_add_one,10000,99350,99351
binary,SECONDARY,S2_rna_age_gap_le_365d,sensitivity,Notch Signaling,43,0.098454862,1.5154916,0.064965626,0.4260081,-0.34545859,0.55397831,-0.24013034,0.37036382,0.670033,0.85641436,1,False,False,monte_carlo_add_one,10000,99350,99351
binary,SECONDARY,S2_rna_age_gap_le_365d,sensitivity,Oxidative Phosphorylation,43,-0.19574742,1.3317835,-0.14698141,-0.96382158,-0.57259914,0.20946665,-0.53150874,0.13463178,0.34766523,0.68454693,1,False,False,monte_carlo_add_one,10000,99350,99351
binary,SECONDARY,S2_rna_age_gap_le_365d,sensitivity,PI3K/AKT/mTOR  Signaling,43,0.0037226858,1.4374012,0.0025898725,0.01698293,-0.41338244,0.43812337,-0.31203827,0.30748704,0.98720128,0.98720128,1,False,False,monte_carlo_add_one,10000,99350,99351
binary,SECONDARY,S2_rna_age_gap_le_365d,sensitivity,Pancreas Beta Cells,43,0.012151189,1.2991391,0.0093532628,0.061333446,-0.36872207,0.39839818,-0.29517755,0.31489684,0.95430457,0.98720128,1,False,False,monte_carlo_add_one,10000,99350,99351
binary,SECONDARY,S2_rna_age_gap_le_365d,sensitivity,Pperoxisome,43,-0.16915595,1.1410719,-0.14824304,-0.97209459,-0.50843412,0.16363646,-0.46220092,0.14725148,0.34276572,0.68454693,1,False,False,monte_carlo_add_one,10000,99350,99351
binary,SECONDARY,S2_rna_age_gap_le_365d,sensitivity,Protein Secretion,43,-0.081346991,1.6213204,-0.050173298,-0.32900831,-0.57481447,0.38186295,-0.33494035,0.27569038,0.74172583,0.88300694,1,False,False,monte_carlo_add_one,10000,99350,99351
binary,SECONDARY,S2_rna_age_gap_le_365d,sensitivity,Reactive Oxygen Species Pathway,43,0.13212884,1.2844626,0.10286702,0.67454417,-0.23665669,0.5222035,-0.21273076,0.39240533,0.50574943,0.74778236,1,False,False,monte_carlo_add_one,10000,99350,99351
binary,SECONDARY,S2_rna_age_gap_le_365d,sensitivity,Spermatogenesis,43,-0.16753815,1.2635372,-0.13259455,-0.86948062,-0.54096587,0.1990142,-0.45144869,0.16316095,0.39506049,0.70546517,1,False,False,monte_carlo_add_one,10000,99350,99351
binary,SECONDARY,S2_rna_age_gap_le_365d,sensitivity,TGF-beta Signaling,43,0.19232955,1.3127889,0.14650454,0.96069454,-0.20101706,0.56737965,-0.14251927,0.50152189,0.33886611,0.68454693,1,False,False,monte_carlo_add_one,10000,99350,99351
binary,SECONDARY,S2_rna_age_gap_le_365d,sensitivity,TNF-alpha Signaling via NF-kB,43,0.29869351,1.2293421,0.24297021,1.5932622,-0.05071225,0.66030062,-0.044189007,0.56006011,0.11868813,0.65937851,0.91750825,False,False,monte_carlo_add_one,10000,99350,99351
binary,SECONDARY,S2_rna_age_gap_le_365d,sensitivity,UV Response Dn,43,0.18790681,1.2831857,0.14643774,0.96025647,-0.17487119,0.56627566,-0.15196407,0.43538208,0.33946605,0.68454693,1,False,False,monte_carlo_add_one,10000,99350,99351
binary,SECONDARY,S2_rna_age_gap_le_365d,sensitivity,UV Response Up,43,0.33592574,1.2378836,0.27137101,1.7794987,-0.032549839,0.69756619,-0.02767518,0.61275939,0.082891711,0.65937851,0.82271773,False,False,monte_carlo_add_one,10000,99350,99351
binary,SECONDARY,S2_rna_age_gap_le_365d,sensitivity,Unfolded Protein Response,43,0.054774626,1.3785717,0.039732881,0.26054592,-0.35904065,0.45965977,-0.25681992,0.37139948,0.79672033,0.90536401,1,False,False,monte_carlo_add_one,10000,99350,99351
binary,SECONDARY,S2_rna_age_gap_le_365d,sensitivity,Wnt-beta Catenin Signaling,43,-0.091972574,1.4953408,-0.061506097,-0.40332245,-0.55477452,0.32769044,-0.33876054,0.26637097,0.68513149,0.85641436,1,False,False,monte_carlo_add_one,10000,99350,99351
binary,SECONDARY,S2_rna_age_gap_le_365d,sensitivity,Xenobiotic Metabolism,43,0.28056072,0.98200583,0.28570169,1.8734713,-0.0024280501,0.56868224,-0.0024029975,0.59975819,0.069993001,0.65937851,0.76592341,False,False,monte_carlo_add_one,10000,99350,99351
binary,SECONDARY,S2_rna_age_gap_le_365d,sensitivity,heme Metabolism,43,0.34490706,1.3974953,0.24680374,1.6184003,-0.049907614,0.78985264,-0.047955102,0.49831176,0.11578842,0.65937851,0.90670933,False,False,monte_carlo_add_one,10000,99350,99351
binary,SECONDARY,S2_rna_age_gap_le_365d,sensitivity,mTORC1 Signaling,43,0.0030349927,1.1581883,0.0026204656,0.017183542,-0.34211232,0.34711023,-0.31234075,0.30487057,0.98430157,0.98720128,1,False,False,monte_carlo_add_one,10000,99350,99351
binary,SECONDARY,S2_rna_age_gap_le_365d,sensitivity,p53 Pathway,43,0.24945859,1.2547501,0.19881137,1.3036934,-0.11795785,0.61511763,-0.098652541,0.51535916,0.20047995,0.66298926,0.98770123,False,False,monte_carlo_add_one,10000,99350,99351
binary,SECONDARY,S6_leave_out_complete_response,sensitivity,Adipogenesis,56,0.20796709,1.419578,0.14649924,1.0962999,-0.15077134,0.59305403,-0.12412751,0.37704425,0.27787221,0.9831575,0.99840016,False,False,monte_carlo_add_one,10000,27434,27435
binary,SECONDARY,S6_leave_out_complete_response,sensitivity,Allograft Rejection,56,-0.047874606,1.3441253,-0.035617666,-0.26653821,-0.39031036,0.29396736,-0.30178809,0.22618185,0.79182082,0.9831575,1,False,False,monte_carlo_add_one,10000,27434,27435
binary,SECONDARY,S6_leave_out_complete_response,sensitivity,Androgen Response,56,-0.07941034,1.4901953,-0.053288547,-0.39877497,-0.46603706,0.29722918,-0.33078389,0.20071919,0.68683132,0.9831575,1,False,False,monte_carlo_add_one,10000,27434,27435
binary,SECONDARY,S6_leave_out_complete_response,sensitivity,Angiogenesis,56,-0.036113214,1.2839178,-0.028127357,-0.21048587,-0.36614525,0.30097724,-0.31858669,0.22776388,0.83691631,0.9831575,1,False,False,monte_carlo_add_one,10000,27434,27435
binary,SECONDARY,S6_leave_out_complete_response,sensitivity,Apical Junction,56,0.15920801,1.3770943,0.11561155,0.86515765,-0.19147694,0.52904446,-0.15796687,0.37097568,0.39446055,0.9831575,0.99990001,False,False,monte_carlo_add_one,10000,27434,27435
binary,SECONDARY,S6_leave_out_complete_response,sensitivity,Apical Surface,56,0.14625115,1.4343805,0.1019612,0.76300774,-0.22350318,0.51450331,-0.16128034,0.36964814,0.44355564,0.9831575,1,False,False,monte_carlo_add_one,10000,27434,27435
binary,SECONDARY,S6_leave_out_complete_response,sensitivity,Apoptosis,56,0.065053983,1.3687446,0.047528211,0.35566856,-0.27952997,0.4186789,-0.21670244,0.30909964,0.72982702,0.9831575,1,False,False,monte_carlo_add_one,10000,27434,27435
binary,SECONDARY,S6_leave_out_complete_response,sensitivity,Bile Acid Metabolism,56,0.31940779,1.2692497,0.25165086,1.8831826,0.0037061337,0.65728687,0.0031457187,0.50624798,0.072492751,0.9831575,0.73492651,False,False,monte_carlo_add_one,10000,27434,27435
binary,SECONDARY,S6_leave_out_complete_response,sensitivity,Cholesterol Homeostasis,56,0.052955275,1.3503813,0.039215054,0.29345859,-0.2951011,0.40687278,-0.22526864,0.31011329,0.77222278,0.9831575,1,False,False,monte_carlo_add_one,10000,27434,27435
binary,SECONDARY,S6_leave_out_complete_response,sensitivity,Coagulation,56,0.15624433,1.3006778,0.12012531,0.89893552,-0.1817371,0.49434884,-0.14324708,0.38889996,0.37746225,0.9831575,0.99990001,False,False,monte_carlo_add_one,10000,27434,27435
binary,SECONDARY,S6_leave_out_complete_response,sensitivity,Complement,56,0.063756935,1.3909266,0.045837742,0.34301825,-0.28506877,0.42633019,-0.21785233,0.30901878,0.73922608,0.9831575,1,False,False,monte_carlo_add_one,10000,27434,27435
binary,SECONDARY,S6_leave_out_complete_response,sensitivity,DNA Repair,56,-0.099170444,1.1032533,-0.089889095,-0.67266839,-0.38259371,0.18300026,-0.3695839,0.16570232,0.50234977,0.9831575,1,False,False,monte_carlo_add_one,10000,27434,27435
binary,SECONDARY,S6_leave_out_complete_response,sensitivity,E2F Targets,56,-0.17695597,1.0966286,-0.16136363,-1.2075348,-0.4529094,0.10614384,-0.46227516,0.094079694,0.23877612,0.9831575,0.99310069,False,False,monte_carlo_add_one,10000,27434,27435
binary,SECONDARY,S6_leave_out_complete_response,sensitivity,Epithelial Mesenchymal Transition,56,0.18495097,1.3508341,0.13691612,1.0245865,-0.15654774,0.54129635,-0.13019334,0.38069181,0.31166883,0.9831575,0.99950005,False,False,monte_carlo_add_one,10000,27434,27435
binary,SECONDARY,S6_leave_out_complete_response,sensitivity,Estrogen Response Early,56,0.00097382841,1.3245301,0.00073522557,0.0055019244,-0.33876091,0.34588757,-0.28386632,0.25725631,0.99480052,0.99480052,1,False,False,monte_carlo_add_one,10000,27434,27435
binary,SECONDARY,S6_leave_out_complete_response,sensitivity,Estrogen Response Late,56,0.033571546,1.2688627,0.026457982,0.19799341,-0.28962996,0.36589072,-0.24849142,0.28198837,0.84551545,0.9831575,1,False,False,monte_carlo_add_one,10000,27434,27435
binary,SECONDARY,S6_leave_out_complete_response,sensitivity,Fatty Acid Metabolism,56,0.074557601,1.258306,0.059252361,0.44340407,-0.25361523,0.40906376,-0.2246288,0.31487943,0.65963404,0.9831575,1,False,False,monte_carlo_add_one,10000,27434,27435
binary,SECONDARY,S6_leave_out_complete_response,sensitivity,G2-M Checkpoint,56,-0.11359295,1.0943914,-0.10379554,-0.77673471,-0.38493973,0.16706288,-0.39557808,0.14953361,0.44675532,0.9831575,1,False,False,monte_carlo_add_one,10000,27434,27435
binary,SECONDARY,S6_leave_out_complete_response,sensitivity,Glycolysis,56,-0.0038388497,1.29815,-0.0029571695,-0.02212943,-0.34408396,0.3303414,-0.27821775,0.25929666,0.98170183,0.99480052,1,False,False,monte_carlo_add_one,10000,27434,27435
binary,SECONDARY,S6_leave_out_complete_response,sensitivity,Hedgehog Signaling,56,0.13094311,1.291111,0.10141894,0.75894982,-0.19759953,0.46977339,-0.16579616,0.3589942,0.45575442,0.9831575,1,False,False,monte_carlo_add_one,10000,27434,27435
binary,SECONDARY,S6_leave_out_complete_response,sensitivity,Hypoxia,56,0.092000327,1.2639467,0.072788138,0.54469655,-0.22219712,0.42190402,-0.19326499,0.3289987,0.59054095,0.9831575,1,False,False,monte_carlo_add_one,10000,27434,27435
binary,SECONDARY,S6_leave_out_complete_response,sensitivity,IL-2/STAT5 Signaling,56,0.017500235,1.3203102,0.013254639,0.099188635,-0.3174453,0.35845694,-0.25737383,0.27199325,0.92040796,0.99480052,1,False,False,monte_carlo_add_one,10000,27434,27435
binary,SECONDARY,S6_leave_out_complete_response,sensitivity,IL-6/JAK/STAT3 Signaling,56,0.11089235,1.2788783,0.086710633,0.64888296,-0.21574387,0.43834929,-0.16607296,0.37096552,0.52014799,0.9831575,1,False,False,monte_carlo_add_one,10000,27434,27435
binary,SECONDARY,S6_leave_out_complete_response,sensitivity,Inflammatory Response,56,0.1659636,1.4100022,0.1177045,0.88081984,-0.1928295,0.52460972,-0.13633935,0.39662254,0.38666133,0.9831575,0.99990001,False,False,monte_carlo_add_one,10000,27434,27435
binary,SECONDARY,S6_leave_out_complete_response,sensitivity,Interferon Alpha Response,56,-0.089658946,1.2900186,-0.069502056,-0.52010576,-0.42032669,0.24558413,-0.34215213,0.19629971,0.60133987,0.9831575,1,False,False,monte_carlo_add_one,10000,27434,27435
binary,SECONDARY,S6_leave_out_complete_response,sensitivity,Interferon Gamma Response,56,-0.071498994,1.3136438,-0.054427993,-0.40730181,-0.40714381,0.26885737,-0.32789615,0.20721388,0.68913109,0.9831575,1,False,False,monte_carlo_add_one,10000,27434,27435
binary,SECONDARY,S6_leave_out_complete_response,sensitivity,KRAS Signaling Dn,56,0.11586754,1.2690573,0.091302051,0.68324199,-0.2180172,0.44853605,-0.17271012,0.37409694,0.49775022,0.9831575,1,False,False,monte_carlo_add_one,10000,27434,27435
binary,SECONDARY,S6_leave_out_complete_response,sensitivity,KRAS Signaling Up,56,0.09148094,1.3549874,0.067514234,0.50523027,-0.25571925,0.44272186,-0.19403417,0.3346977,0.62223778,0.9831575,1,False,False,monte_carlo_add_one,10000,27434,27435
binary,SECONDARY,S6_leave_out_complete_response,sensitivity,Mitotic Spindle,56,0.11143202,1.1636111,0.09576397,0.71663193,-0.18723663,0.41876003,-0.17483161,0.35455396,0.47055294,0.9831575,1,False,False,monte_carlo_add_one,10000,27434,27435
binary,SECONDARY,S6_leave_out_complete_response,sensitivity,Myc Targets V1,56,-0.11663001,1.2098288,-0.096402078,-0.7214071,-0.42708398,0.19939386,-0.3858962,0.16143826,0.47775222,0.9831575,1,False,False,monte_carlo_add_one,10000,27434,27435
binary,SECONDARY,S6_leave_out_complete_response,sensitivity,Myc Targets V2,56,-0.018631106,1.3935342,-0.013369679,-0.10004952,-0.37529991,0.33812939,-0.27919642,0.25226464,0.92140786,0.99480052,1,False,False,monte_carlo_add_one,10000,27434,27435
binary,SECONDARY,S6_leave_out_complete_response,sensitivity,Myogenesis,56,0.24691389,1.3835836,0.17845968,1.3354699,-0.10632827,0.61283311,-0.084132541,0.43571149,0.18808119,0.9831575,0.97930207,False,False,monte_carlo_add_one,10000,27434,27435
binary,SECONDARY,S6_leave_out_complete_response,sensitivity,Notch Signaling,56,0.12632776,1.4673978,0.08608965,0.64423595,-0.24570233,0.51054279,-0.17561396,0.3559452,0.51384862,0.9831575,1,False,False,monte_carlo_add_one,10000,27434,27435
binary,SECONDARY,S6_leave_out_complete_response,sensitivity,Oxidative Phosphorylation,56,-0.12342438,1.3058877,-0.094513783,-0.70727639,-0.45965873,0.22772958,-0.41358819,0.15754904,0.50274973,0.9831575,1,False,False,monte_carlo_add_one,10000,27434,27435
binary,SECONDARY,S6_leave_out_complete_response,sensitivity,PI3K/AKT/mTOR  Signaling,56,-0.0044612349,1.5725088,-0.0028370174,-0.021230294,-0.40736592,0.41004386,-0.27994784,0.25584883,0.98240176,0.99480052,1,False,False,monte_carlo_add_one,10000,27434,27435
binary,SECONDARY,S6_leave_out_complete_response,sensitivity,Pancreas Beta Cells,56,0.056871368,1.3367498,0.042544511,0.31837397,-0.28801286,0.41356319,-0.2215336,0.32050659,0.75242476,0.9831575,1,False,False,monte_carlo_add_one,10000,27434,27435
binary,SECONDARY,S6_leave_out_complete_response,sensitivity,Pperoxisome,56,0.098634637,1.2026833,0.082012148,0.61372272,-0.21808603,0.4156783,-0.18221642,0.35421445,0.55214479,0.9831575,1,False,False,monte_carlo_add_one,10000,27434,27435
binary,SECONDARY,S6_leave_out_complete_response,sensitivity,Protein Secretion,56,0.11992946,1.4868476,0.080660225,0.60360586,-0.27352775,0.4995727,-0.1742102,0.38551696,0.54484552,0.9831575,1,False,False,monte_carlo_add_one,10000,27434,27435
binary,SECONDARY,S6_leave_out_complete_response,sensitivity,Reactive Oxygen Species Pathway,56,-0.073705484,1.427224,-0.051642548,-0.38645744,-0.43928152,0.29753795,-0.32422345,0.20990517,0.7050295,0.9831575,1,False,False,monte_carlo_add_one,10000,27434,27435
binary,SECONDARY,S6_leave_out_complete_response,sensitivity,Spermatogenesis,56,-0.10385586,1.1740379,-0.088460403,-0.66197704,-0.40305227,0.1995419,-0.36672039,0.16802807,0.51524848,0.9831575,1,False,False,monte_carlo_add_one,10000,27434,27435
binary,SECONDARY,S6_leave_out_complete_response,sensitivity,TGF-beta Signaling,56,0.12346276,1.3349367,0.092485854,0.69210076,-0.21771661,0.46941702,-0.16618178,0.37215041,0.49755024,0.9831575,1,False,False,monte_carlo_add_one,10000,27434,27435
binary,SECONDARY,S6_leave_out_complete_response,sensitivity,TNF-alpha Signaling via NF-kB,56,0.10613861,1.4105079,0.075248508,0.56310827,-0.25999883,0.47151135,-0.1787741,0.35780103,0.57654235,0.9831575,1,False,False,monte_carlo_add_one,10000,27434,27435
binary,SECONDARY,S6_leave_out_complete_response,sensitivity,UV Response Dn,56,0.24842109,1.3967019,0.17786264,1.3310021,-0.10541137,0.61919767,-0.085426125,0.42082167,0.19088091,0.9831575,0.97970203,False,False,monte_carlo_add_one,10000,27434,27435
binary,SECONDARY,S6_leave_out_complete_response,sensitivity,UV Response Up,56,0.179005,1.3531392,0.13228869,0.98995789,-0.18417701,0.52237191,-0.13634355,0.40644554,0.33156684,0.9831575,0.99990001,False,False,monte_carlo_add_one,10000,27434,27435
binary,SECONDARY,S6_leave_out_complete_response,sensitivity,Unfolded Protein Response,56,0.13915354,1.3610278,0.10224151,0.76510538,-0.21129631,0.48704639,-0.16174981,0.36494121,0.45515448,0.9831575,1,False,False,monte_carlo_add_one,10000,27434,27435
binary,SECONDARY,S6_leave_out_complete_response,sensitivity,Wnt-beta Catenin Signaling,56,0.042838664,1.5251869,0.028087485,0.21018749,-0.36317232,0.43816679,-0.23029199,0.31849591,0.8370163,0.9831575,1,False,False,monte_carlo_add_one,10000,27434,27435
binary,SECONDARY,S6_leave_out_complete_response,sensitivity,Xenobiotic Metabolism,56,0.084448796,1.3225129,0.063854802,0.47784558,-0.2548789,0.42944087,-0.19977123,0.3264842,0.6370363,0.9831575,1,False,False,monte_carlo_add_one,10000,27434,27435
binary,SECONDARY,S6_leave_out_complete_response,sensitivity,heme Metabolism,56,0.0022033045,1.5482483,0.001423095,0.010649468,-0.39427473,0.40780392,-0.26488408,0.26325154,0.99020098,0.99480052,1,False,False,monte_carlo_add_one,10000,27434,27435
binary,SECONDARY,S6_leave_out_complete_response,sensitivity,mTORC1 Signaling,56,-0.08522922,1.1487194,-0.074194986,-0.55522443,-0.37817092,0.2169967,-0.3521715,0.18936056,0.58614139,0.9831575,1,False,False,monte_carlo_add_one,10000,27434,27435
binary,SECONDARY,S6_leave_out_complete_response,sensitivity,p53 Pathway,56,-0.0084127156,1.3836528,-0.0060800771,-0.04549913,-0.35904642,0.35141545,-0.27838554,0.25477387,0.9670033,0.99480052,1,False,False,monte_carlo_add_one,10000,27434,27435
binary,SECONDARY,S6_leave_out_partial_response,sensitivity,Adipogenesis,51,0.28007205,1.4970409,0.18708376,1.3360453,-0.11362922,0.70562225,-0.088583876,0.42853968,0.19018098,0.98830117,0.97980202,False,False,monte_carlo_add_one,10000,59421,59422
binary,SECONDARY,S6_leave_out_partial_response,sensitivity,Allograft Rejection,51,-0.058879581,1.2805758,-0.045978988,-0.32835565,-0.41029989,0.29225888,-0.33101434,0.2379415,0.74052595,0.98830117,1,False,False,monte_carlo_add_one,10000,59421,59422
binary,SECONDARY,S6_leave_out_partial_response,sensitivity,Androgen Response,51,-0.07980708,1.5415456,-0.051770819,-0.3697176,-0.49956733,0.34979294,-0.34991204,0.22676651,0.71052895,0.98830117,1,False,False,monte_carlo_add_one,10000,59421,59422
binary,SECONDARY,S6_leave_out_partial_response,sensitivity,Angiogenesis,51,0.038772589,1.3851575,0.027991466,0.19989905,-0.32934108,0.4359407,-0.27174985,0.29691308,0.84181582,0.98830117,1,False,False,monte_carlo_add_one,10000,59421,59422
binary,SECONDARY,S6_leave_out_partial_response,sensitivity,Apical Junction,51,0.1811382,1.3284415,0.13635391,0.97376172,-0.16944595,0.55218945,-0.14549255,0.39575223,0.34136586,0.98830117,0.99970003,False,False,monte_carlo_add_one,10000,59421,59422
binary,SECONDARY,S6_leave_out_partial_response,sensitivity,Apical Surface,51,0.090435798,1.4654688,0.061711174,0.44070593,-0.31577514,0.49369107,-0.23023083,0.34080275,0.66833317,0.98830117,1,False,False,monte_carlo_add_one,10000,59421,59422
binary,SECONDARY,S6_leave_out_partial_response,sensitivity,Apoptosis,51,0.080131284,1.4131675,0.056703317,0.40494268,-0.31006292,0.48562138,-0.23479475,0.3425537,0.68833117,0.98830117,1,False,False,monte_carlo_add_one,10000,59421,59422
binary,SECONDARY,S6_leave_out_partial_response,sensitivity,Bile Acid Metabolism,51,0.17510489,1.2875966,0.1359936,0.97118854,-0.17574082,0.52423289,-0.14620082,0.4070352,0.3359664,0.98830117,0.99970003,False,False,monte_carlo_add_one,10000,59421,59422
binary,SECONDARY,S6_leave_out_partial_response,sensitivity,Cholesterol Homeostasis,51,0.031587646,1.3659392,0.023125221,0.16514711,-0.33554908,0.4037742,-0.25302599,0.30644502,0.86911309,0.98830117,1,False,False,monte_carlo_add_one,10000,59421,59422
binary,SECONDARY,S6_leave_out_partial_response,sensitivity,Coagulation,51,0.23596012,1.3224236,0.17843006,1.2742455,-0.11959084,0.59661157,-0.096937037,0.46216453,0.20617938,0.98830117,0.98720128,False,False,monte_carlo_add_one,10000,59421,59422
binary,SECONDARY,S6_leave_out_partial_response,sensitivity,Complement,51,0.050465836,1.3599127,0.037109614,0.26501566,-0.31940402,0.4252784,-0.24934856,0.31937977,0.79192081,0.98830117,1,False,False,monte_carlo_add_one,10000,59421,59422
binary,SECONDARY,S6_leave_out_partial_response,sensitivity,DNA Repair,51,-0.029722478,1.0944945,-0.027156351,-0.19393514,-0.32122171,0.26227502,-0.30625149,0.25192486,0.85261474,0.98830117,1,False,False,monte_carlo_add_one,10000,59421,59422
binary,SECONDARY,S6_leave_out_partial_response,sensitivity,E2F Targets,51,-0.12257663,1.1610017,-0.10557833,-0.7539801,-0.43213965,0.19355369,-0.39999541,0.16638529,0.44585541,0.98830117,1,False,False,monte_carlo_add_one,10000,59421,59422
binary,SECONDARY,S6_leave_out_partial_response,sensitivity,Epithelial Mesenchymal Transition,51,0.23218619,1.3356153,0.17384212,1.241481,-0.12287614,0.60935515,-0.10700321,0.43452025,0.22427757,0.98830117,0.98990101,False,False,monte_carlo_add_one,10000,59421,59422
binary,SECONDARY,S6_leave_out_partial_response,sensitivity,Estrogen Response Early,51,-0.0061066829,1.2495732,-0.0048870148,-0.034900266,-0.33791817,0.33938772,-0.29285196,0.27617672,0.9740026,0.98830117,1,False,False,monte_carlo_add_one,10000,59421,59422
binary,SECONDARY,S6_leave_out_partial_response,sensitivity,Estrogen Response Late,51,0.084631656,1.3153325,0.064342403,0.45949666,-0.27201783,0.44637952,-0.22438479,0.33763874,0.6480352,0.98830117,1,False,False,monte_carlo_add_one,10000,59421,59422
binary,SECONDARY,S6_leave_out_partial_response,sensitivity,Fatty Acid Metabolism,51,-0.049469078,1.2839361,-0.038529236,-0.27515378,-0.39571313,0.31165949,-0.34316257,0.2338546,0.7820218,0.98830117,1,False,False,monte_carlo_add_one,10000,59421,59422
binary,SECONDARY,S6_leave_out_partial_response,sensitivity,G2-M Checkpoint,51,-0.075131282,1.1796903,-0.063687293,-0.45481825,-0.39204117,0.25024096,-0.35397737,0.21052103,0.6430357,0.98830117,1,False,False,monte_carlo_add_one,10000,59421,59422
binary,SECONDARY,S6_leave_out_partial_response,sensitivity,Glycolysis,51,0.0091465738,1.4081427,0.0064954878,0.046387061,-0.37536998,0.40399323,-0.29665524,0.28373674,0.96070393,0.98830117,1,False,False,monte_carlo_add_one,10000,59421,59422
binary,SECONDARY,S6_leave_out_partial_response,sensitivity,Hedgehog Signaling,51,0.12738928,1.2083577,0.10542348,0.75287426,-0.1966094,0.46893845,-0.17818467,0.37627935,0.46085391,0.98830117,1,False,False,monte_carlo_add_one,10000,59421,59422
binary,SECONDARY,S6_leave_out_partial_response,sensitivity,Hypoxia,51,0.11160219,1.3069225,0.085393118,0.60982884,-0.24094964,0.47861228,-0.20643459,0.36202585,0.55054495,0.98830117,1,False,False,monte_carlo_add_one,10000,59421,59422
binary,SECONDARY,S6_leave_out_partial_response,sensitivity,IL-2/STAT5 Signaling,51,0.026526638,1.3156228,0.020162799,0.14399119,-0.33214679,0.39355211,-0.27054442,0.30256574,0.88531147,0.98830117,1,False,False,monte_carlo_add_one,10000,59421,59422
binary,SECONDARY,S6_leave_out_partial_response,sensitivity,IL-6/JAK/STAT3 Signaling,51,0.093509086,1.2674933,0.073774816,0.52685757,-0.25391579,0.4394942,-0.1947437,0.38781488,0.59854015,0.98830117,1,False,False,monte_carlo_add_one,10000,59421,59422
binary,SECONDARY,S6_leave_out_partial_response,sensitivity,Inflammatory Response,51,0.14138415,1.4130768,0.10005412,0.71452931,-0.24916962,0.52064949,-0.17883131,0.40070972,0.47975202,0.98830117,1,False,False,monte_carlo_add_one,10000,59421,59422
binary,SECONDARY,S6_leave_out_partial_response,sensitivity,Interferon Alpha Response,51,-0.16558347,1.3253358,-0.12493699,-0.89222856,-0.52626962,0.19709167,-0.4238935,0.14899911,0.37746225,0.98830117,1,False,False,monte_carlo_add_one,10000,59421,59422
binary,SECONDARY,S6_leave_out_partial_response,sensitivity,Interferon Gamma Response,51,-0.15045112,1.3578266,-0.11080289,-0.79129092,-0.52711139,0.2202051,-0.40591532,0.16566267,0.42425757,0.98830117,1,False,False,monte_carlo_add_one,10000,59421,59422
binary,SECONDARY,S6_leave_out_partial_response,sensitivity,KRAS Signaling Dn,51,0.022588284,1.1994675,0.018831926,0.13448685,-0.29631451,0.34920347,-0.2527617,0.30646467,0.89131087,0.98830117,1,False,False,monte_carlo_add_one,10000,59421,59422
binary,SECONDARY,S6_leave_out_partial_response,sensitivity,KRAS Signaling Up,51,0.14618905,1.3509827,0.10820941,0.77276978,-0.21709721,0.52283252,-0.16531451,0.40013906,0.44475552,0.98830117,1,False,False,monte_carlo_add_one,10000,59421,59422
binary,SECONDARY,S6_leave_out_partial_response,sensitivity,Mitotic Spindle,51,0.089477585,1.2252801,0.073026228,0.52151158,-0.24029863,0.42495285,-0.2056157,0.35589477,0.61513849,0.98830117,1,False,False,monte_carlo_add_one,10000,59421,59422
binary,SECONDARY,S6_leave_out_partial_response,sensitivity,Myc Targets V1,51,-0.094924455,1.109377,-0.085565551,-0.61106026,-0.39170307,0.20769299,-0.36846585,0.19103027,0.53794621,0.98830117,1,False,False,monte_carlo_add_one,10000,59421,59422
binary,SECONDARY,S6_leave_out_partial_response,sensitivity,Myc Targets V2,51,0.051012714,1.2356276,0.041284862,0.29483289,-0.27135777,0.39403704,-0.22967938,0.33082333,0.7730227,0.98830117,1,False,False,monte_carlo_add_one,10000,59421,59422
binary,SECONDARY,S6_leave_out_partial_response,sensitivity,Myogenesis,51,0.1991988,1.349627,0.14759545,1.0540424,-0.16195998,0.57649451,-0.13467057,0.4096782,0.29997,0.98830117,0.99870013,False,False,monte_carlo_add_one,10000,59421,59422
binary,SECONDARY,S6_leave_out_partial_response,sensitivity,Notch Signaling,51,0.17566033,1.427851,0.12302427,0.87856902,-0.2105766,0.56229236,-0.15310988,0.40838056,0.38926107,0.98830117,1,False,False,monte_carlo_add_one,10000,59421,59422
binary,SECONDARY,S6_leave_out_partial_response,sensitivity,Oxidative Phosphorylation,51,-0.22620403,1.3572169,-0.16666757,-1.1902445,-0.58289608,0.16006949,-0.50954963,0.10452735,0.23857614,0.98830117,0.99350065,False,False,monte_carlo_add_one,10000,59421,59422
binary,SECONDARY,S6_leave_out_partial_response,sensitivity,PI3K/AKT/mTOR  Signaling,51,-0.055781876,1.5153545,-0.036811106,-0.26288388,-0.47100788,0.36965634,-0.33286739,0.24487499,0.79512049,0.98830117,1,False,False,monte_carlo_add_one,10000,59421,59422
binary,SECONDARY,S6_leave_out_partial_response,sensitivity,Pancreas Beta Cells,51,-0.020541472,1.3003822,-0.015796488,-0.11280949,-0.3723645,0.33304367,-0.29411404,0.26931341,0.9090091,0.98830117,1,False,False,monte_carlo_add_one,10000,59421,59422
binary,SECONDARY,S6_leave_out_partial_response,sensitivity,Pperoxisome,51,-0.097187743,1.2206567,-0.079619224,-0.56859499,-0.43096434,0.23368878,-0.35428145,0.20448098,0.57584242,0.98830117,1,False,False,monte_carlo_add_one,10000,59421,59422
binary,SECONDARY,S6_leave_out_partial_response,sensitivity,Protein Secretion,51,-0.003377792,1.5406982,-0.0021923775,-0.015656707,-0.44006686,0.40806614,-0.26713036,0.30861703,0.98830117,0.98830117,1,False,False,monte_carlo_add_one,10000,59421,59422
binary,SECONDARY,S6_leave_out_partial_response,sensitivity,Reactive Oxygen Species Pathway,51,0.014248846,1.524541,0.0093463189,0.066746067,-0.405536,0.42472214,-0.27337872,0.28573519,0.94690531,0.98830117,1,False,False,monte_carlo_add_one,10000,59421,59422
binary,SECONDARY,S6_leave_out_partial_response,sensitivity,Spermatogenesis,51,-0.16038818,1.2518326,-0.12812271,-0.91497914,-0.48420499,0.17781119,-0.41618351,0.14455103,0.36836316,0.98830117,1,False,False,monte_carlo_add_one,10000,59421,59422
binary,SECONDARY,S6_leave_out_partial_response,sensitivity,TGF-beta Signaling,51,0.048578975,1.4684661,0.03308144,0.23624873,-0.34881335,0.45324229,-0.23678792,0.32858043,0.81011899,0.98830117,1,False,False,monte_carlo_add_one,10000,59421,59422
binary,SECONDARY,S6_leave_out_partial_response,sensitivity,TNF-alpha Signaling via NF-kB,51,0.084775151,1.4540852,0.058301362,0.41635501,-0.31853512,0.48250644,-0.21437471,0.35812216,0.68323168,0.98830117,1,False,False,monte_carlo_add_one,10000,59421,59422
binary,SECONDARY,S6_leave_out_partial_response,sensitivity,UV Response Dn,51,0.14704807,1.3535282,0.10864057,0.77584883,-0.21198476,0.52981436,-0.17946831,0.3626967,0.4509549,0.98830117,1,False,False,monte_carlo_add_one,10000,59421,59422
binary,SECONDARY,S6_leave_out_partial_response,sensitivity,UV Response Up,51,0.16158013,1.3012256,0.12417534,0.88678931,-0.19665133,0.50794093,-0.15304289,0.42313561,0.37826217,0.98830117,1,False,False,monte_carlo_add_one,10000,59421,59422
binary,SECONDARY,S6_leave_out_partial_response,sensitivity,Unfolded Protein Response,51,0.12633355,1.4237075,0.088735605,0.63369897,-0.26011396,0.5100483,-0.18328612,0.37851442,0.52694731,0.98830117,1,False,False,monte_carlo_add_one,10000,59421,59422
binary,SECONDARY,S6_leave_out_partial_response,sensitivity,Wnt-beta Catenin Signaling,51,0.063788256,1.5185119,0.042007083,0.29999058,-0.3482615,0.47401116,-0.22364047,0.34433856,0.75922408,0.98830117,1,False,False,monte_carlo_add_one,10000,59421,59422
binary,SECONDARY,S6_leave_out_partial_response,sensitivity,Xenobiotic Metabolism,51,0.084656717,1.3619864,0.062156798,0.44388833,-0.28141912,0.45045618,-0.21854727,0.33478026,0.66333367,0.98830117,1,False,False,monte_carlo_add_one,10000,59421,59422
binary,SECONDARY,S6_leave_out_partial_response,sensitivity,heme Metabolism,51,0.14747885,1.7138757,0.086049912,0.61451929,-0.31950613,0.62128357,-0.20099384,0.35656014,0.53964604,0.98830117,1,False,False,monte_carlo_add_one,10000,59421,59422
binary,SECONDARY,S6_leave_out_partial_response,sensitivity,mTORC1 Signaling,51,-0.10610133,1.2413914,-0.085469685,-0.61037564,-0.43632542,0.23572357,-0.38092889,0.18826148,0.5440456,0.98830117,1,False,False,monte_carlo_add_one,10000,59421,59422
binary,SECONDARY,S6_leave_out_partial_response,sensitivity,p53 Pathway,51,-0.018151073,1.3748065,-0.013202639,-0.094285699,-0.39160026,0.36765704,-0.30529518,0.26687453,0.92440756,0.98830117,1,False,False,monte_carlo_add_one,10000,59421,59422
binary,SECONDARY,S6_leave_out_progressive_disease,sensitivity,Adipogenesis,56,0.27282984,1.2532742,0.21769366,1.6290702,-0.048364142,0.60698427,-0.041982269,0.45952189,0.11158884,0.42023575,0.87741226,False,False,monte_carlo_add_one,10000,33199,33200
binary,SECONDARY,S6_leave_out_progressive_disease,sensitivity,Allograft Rejection,56,0.10639928,1.2448743,0.085469897,0.63959814,-0.21700857,0.42986737,-0.18542003,0.35081951,0.52794721,0.71845088,1,False,False,monte_carlo_add_one,10000,33199,33200
binary,SECONDARY,S6_leave_out_progressive_disease,sensitivity,Androgen Response,56,0.0013790837,1.5893175,0.0008677207,0.0064934271,-0.41324719,0.41911453,-0.26987545,0.27172767,0.99550045,0.99550045,1,False,False,monte_carlo_add_one,10000,33199,33200
binary,SECONDARY,S6_leave_out_progressive_disease,sensitivity,Angiogenesis,56,0.16639177,1.3285969,0.12523872,0.93720073,-0.17235589,0.52208825,-0.14620945,0.38101685,0.35316468,0.60462704,0.99990001,False,False,monte_carlo_add_one,10000,33199,33200
binary,SECONDARY,S6_leave_out_progressive_disease,sensitivity,Apical Junction,56,0.3268414,1.3594106,0.24042876,1.7992041,-0.022697723,0.68658649,-0.018294061,0.49535773,0.076492351,0.42023575,0.77912209,False,False,monte_carlo_add_one,10000,33199,33200
binary,SECONDARY,S6_leave_out_progressive_disease,sensitivity,Apical Surface,56,0.26424849,1.4831684,0.17816486,1.3332638,-0.12138919,0.65167045,-0.084897392,0.44793064,0.19128087,0.45543065,0.97620238,False,False,monte_carlo_add_one,10000,33199,33200
binary,SECONDARY,S6_leave_out_progressive_disease,sensitivity,Apoptosis,56,0.24639566,1.2402078,0.19867289,1.4867317,-0.070577409,0.57977759,-0.063316052,0.44830964,0.14058594,0.42023575,0.93790621,False,False,monte_carlo_add_one,10000,33199,33200
binary,SECONDARY,S6_leave_out_progressive_disease,sensitivity,Bile Acid Metabolism,56,0.2828098,1.3742567,0.20579111,1.5399996,-0.073276252,0.63781086,-0.055379212,0.46334645,0.13248675,0.42023575,0.91990801,False,False,monte_carlo_add_one,10000,33199,33200
binary,SECONDARY,S6_leave_out_progressive_disease,sensitivity,Cholesterol Homeostasis,56,0.25191535,1.2917611,0.19501699,1.4593735,-0.080530697,0.58664623,-0.062919371,0.47204423,0.15128487,0.42023575,0.94560544,False,False,monte_carlo_add_one,10000,33199,33200
binary,SECONDARY,S6_leave_out_progressive_disease,sensitivity,Coagulation,56,0.36293622,1.2487405,0.29064182,2.1749643,0.046299405,0.69501901,0.039863575,0.55136994,0.03379662,0.42023575,0.50494951,False,False,monte_carlo_add_one,10000,33199,33200
binary,SECONDARY,S6_leave_out_progressive_disease,sensitivity,Complement,56,0.25939425,1.297031,0.19999079,1.496594,-0.067136209,0.60036984,-0.057001374,0.45410597,0.13688631,0.42023575,0.93490651,False,False,monte_carlo_add_one,10000,33199,33200
binary,SECONDARY,S6_leave_out_progressive_disease,sensitivity,DNA Repair,56,-0.079296638,1.1794161,-0.067233808,-0.50313175,-0.37914195,0.22993215,-0.33439436,0.19805041,0.61023898,0.71845088,1,False,False,monte_carlo_add_one,10000,33199,33200
binary,SECONDARY,S6_leave_out_progressive_disease,sensitivity,E2F Targets,56,-0.17686437,1.1539778,-0.15326497,-1.14693,-0.46067959,0.12106476,-0.43912989,0.10168001,0.25617438,0.51629452,0.99550045,False,False,monte_carlo_add_one,10000,33199,33200
binary,SECONDARY,S6_leave_out_progressive_disease,sensitivity,Epithelial Mesenchymal Transition,56,0.29983811,1.3585708,0.22070113,1.651576,-0.046344072,0.66664542,-0.037995723,0.47077745,0.10178982,0.42023575,0.86821318,False,False,monte_carlo_add_one,10000,33199,33200
binary,SECONDARY,S6_leave_out_progressive_disease,sensitivity,Estrogen Response Early,56,0.088914692,1.3156561,0.067582014,0.50573749,-0.246227,0.43481366,-0.20425522,0.32507271,0.61113889,0.71845088,1,False,False,monte_carlo_add_one,10000,33199,33200
binary,SECONDARY,S6_leave_out_progressive_disease,sensitivity,Estrogen Response Late,56,0.18811527,1.2573441,0.14961319,1.1196026,-0.13265613,0.51472803,-0.1177292,0.40238164,0.26237376,0.51629452,0.99680032,False,False,monte_carlo_add_one,10000,33199,33200
binary,SECONDARY,S6_leave_out_progressive_disease,sensitivity,Fatty Acid Metabolism,56,0.078702904,1.1940643,0.065911783,0.49323862,-0.22800845,0.38955854,-0.20934314,0.32613655,0.61483852,0.71845088,1,False,False,monte_carlo_add_one,10000,33199,33200
binary,SECONDARY,S6_leave_out_progressive_disease,sensitivity,G2-M Checkpoint,56,-0.10582759,1.1635503,-0.090952308,-0.68062475,-0.39687271,0.19161802,-0.36714043,0.16383341,0.49345065,0.71845088,1,False,False,monte_carlo_add_one,10000,33199,33200
binary,SECONDARY,S6_leave_out_progressive_disease,sensitivity,Glycolysis,56,0.09470754,1.4086259,0.06723399,0.50313311,-0.25652374,0.45425175,-0.19638293,0.32407249,0.62143786,0.71845088,1,False,False,monte_carlo_add_one,10000,33199,33200
binary,SECONDARY,S6_leave_out_progressive_disease,sensitivity,Hedgehog Signaling,56,0.21552239,1.3289052,0.16218042,1.2136471,-0.13140542,0.55893789,-0.10319743,0.42758497,0.23217678,0.51629452,0.99080092,False,False,monte_carlo_add_one,10000,33199,33200
binary,SECONDARY,S6_leave_out_progressive_disease,sensitivity,Hypoxia,56,0.28046702,1.2789407,0.21929634,1.6410636,-0.046102373,0.62177207,-0.039575744,0.46810458,0.10088991,0.42023575,0.87261274,False,False,monte_carlo_add_one,10000,33199,33200
binary,SECONDARY,S6_leave_out_progressive_disease,sensitivity,IL-2/STAT5 Signaling,56,0.19913125,1.2680794,0.15703374,1.1751329,-0.13168748,0.53182625,-0.11652539,0.41080238,0.23857614,0.51629452,0.99360064,False,False,monte_carlo_add_one,10000,33199,33200
binary,SECONDARY,S6_leave_out_progressive_disease,sensitivity,IL-6/JAK/STAT3 Signaling,56,0.30817332,1.064119,0.28960419,2.1671993,0.036916701,0.58853994,0.037230814,0.56051628,0.03239676,0.42023575,0.51014899,False,False,monte_carlo_add_one,10000,33199,33200
binary,SECONDARY,S6_leave_out_progressive_disease,sensitivity,Inflammatory Response,56,0.35536363,1.2223153,0.29072992,2.1756235,0.038171795,0.67756815,0.033926576,0.55963412,0.03189681,0.42023575,0.50454955,False,False,monte_carlo_add_one,10000,33199,33200
binary,SECONDARY,S6_leave_out_progressive_disease,sensitivity,Interferon Alpha Response,56,0.010759928,1.2632633,0.0085175658,0.063739626,-0.31188418,0.34242999,-0.25677622,0.27700173,0.950005,0.98958854,1,False,False,monte_carlo_add_one,10000,33199,33200
binary,SECONDARY,S6_leave_out_progressive_disease,sensitivity,Interferon Gamma Response,56,0.095582244,1.2794342,0.074706652,0.55905339,-0.22761656,0.43071304,-0.1902947,0.34749351,0.57694231,0.71845088,1,False,False,monte_carlo_add_one,10000,33199,33200
binary,SECONDARY,S6_leave_out_progressive_disease,sensitivity,KRAS Signaling Dn,56,0.22610282,1.2452952,0.18156564,1.3587128,-0.099626913,0.54496215,-0.07997419,0.45860035,0.18038196,0.4509549,0.97080292,False,False,monte_carlo_add_one,10000,33199,33200
binary,SECONDARY,S6_leave_out_progressive_disease,sensitivity,KRAS Signaling Up,56,0.28324085,1.2591727,0.22494201,1.6833119,-0.041353975,0.61580571,-0.037186788,0.48086618,0.093890611,0.42023575,0.85091491,False,False,monte_carlo_add_one,10000,33199,33200
binary,SECONDARY,S6_leave_out_progressive_disease,sensitivity,Mitotic Spindle,56,0.14558474,1.2495421,0.11651047,0.87188454,-0.17966339,0.47146656,-0.1459711,0.38897985,0.38176182,0.60462704,1,False,False,monte_carlo_add_one,10000,33199,33200
binary,SECONDARY,S6_leave_out_progressive_disease,sensitivity,Myc Targets V1,56,-0.1556897,1.2030328,-0.12941435,-0.96844828,-0.45688915,0.16798087,-0.42133361,0.13325834,0.33436656,0.59708315,0.99990001,False,False,monte_carlo_add_one,10000,33199,33200
binary,SECONDARY,S6_leave_out_progressive_disease,sensitivity,Myc Targets V2,56,-0.079844047,1.3587611,-0.058762387,-0.43973744,-0.42836086,0.27743098,-0.34022985,0.20178113,0.65453455,0.72726061,1,False,False,monte_carlo_add_one,10000,33199,33200
binary,SECONDARY,S6_leave_out_progressive_disease,sensitivity,Myogenesis,56,0.30302096,1.3326774,0.22737758,1.701538,-0.029659759,0.65839101,-0.025271041,0.47251499,0.096590341,0.42023575,0.84081592,False,False,monte_carlo_add_one,10000,33199,33200
binary,SECONDARY,S6_leave_out_progressive_disease,sensitivity,Notch Signaling,56,0.10505771,1.4618197,0.071867764,0.5378091,-0.26590209,0.48934972,-0.1887007,0.34228312,0.5850415,0.71845088,1,False,False,monte_carlo_add_one,10000,33199,33200
binary,SECONDARY,S6_leave_out_progressive_disease,sensitivity,Oxidative Phosphorylation,56,-0.26619348,1.3601735,-0.19570554,-1.4645261,-0.60218481,0.1005832,-0.53575997,0.066613024,0.14758524,0.42023575,0.94470553,False,False,monte_carlo_add_one,10000,33199,33200
binary,SECONDARY,S6_leave_out_progressive_disease,sensitivity,PI3K/AKT/mTOR  Signaling,56,0.13272479,1.5208714,0.087268913,0.65306075,-0.26515969,0.52278141,-0.18390253,0.34488557,0.50864914,0.71845088,1,False,False,monte_carlo_add_one,10000,33199,33200
binary,SECONDARY,S6_leave_out_progressive_disease,sensitivity,Pancreas Beta Cells,56,0.15488548,1.361421,0.11376751,0.85135812,-0.19742911,0.50037885,-0.14689739,0.38668178,0.3869613,0.60462704,1,False,False,monte_carlo_add_one,10000,33199,33200
binary,SECONDARY,S6_leave_out_progressive_disease,sensitivity,Pperoxisome,56,-0.018788915,1.2662081,-0.014838726,-0.11104286,-0.35350596,0.30628269,-0.2796451,0.25158619,0.91270873,0.97447702,1,False,False,monte_carlo_add_one,10000,33199,33200
binary,SECONDARY,S6_leave_out_progressive_disease,sensitivity,Protein Secretion,56,-0.020987622,1.5055547,-0.013940126,-0.10431835,-0.42246886,0.35583678,-0.26966011,0.27126295,0.9160084,0.97447702,1,False,False,monte_carlo_add_one,10000,33199,33200
binary,SECONDARY,S6_leave_out_progressive_disease,sensitivity,Reactive Oxygen Species Pathway,56,0.082608621,1.2891817,0.064078339,0.47951838,-0.24305463,0.42274801,-0.20432828,0.32821205,0.62713729,0.71845088,1,False,False,monte_carlo_add_one,10000,33199,33200
binary,SECONDARY,S6_leave_out_progressive_disease,sensitivity,Spermatogenesis,56,-0.087307138,1.3248108,-0.065901588,-0.49316233,-0.42797736,0.25507969,-0.34708396,0.19178829,0.61993801,0.71845088,1,False,False,monte_carlo_add_one,10000,33199,33200
binary,SECONDARY,S6_leave_out_progressive_disease,sensitivity,TGF-beta Signaling,56,0.2838725,1.4045887,0.20210364,1.5124052,-0.085990356,0.64250105,-0.060269266,0.50237454,0.13248675,0.42023575,0.92860714,False,False,monte_carlo_add_one,10000,33199,33200
binary,SECONDARY,S6_leave_out_progressive_disease,sensitivity,TNF-alpha Signaling via NF-kB,56,0.35833973,1.2703133,0.28208768,2.1109509,0.028824007,0.68862565,0.023121868,0.57483923,0.0389961,0.42023575,0.55264474,False,False,monte_carlo_add_one,10000,33199,33200
binary,SECONDARY,S6_leave_out_progressive_disease,sensitivity,UV Response Dn,56,0.26896264,1.4526496,0.18515314,1.3855592,-0.10424913,0.65071252,-0.078678395,0.43467913,0.169983,0.44732369,0.96550345,False,False,monte_carlo_add_one,10000,33199,33200
binary,SECONDARY,S6_leave_out_progressive_disease,sensitivity,UV Response Up,56,0.33746223,1.3077743,0.25804318,1.9310184,-0.0051501746,0.67926378,-0.0040972897,0.5447133,0.059394061,0.42023575,0.68953105,False,False,monte_carlo_add_one,10000,33199,33200
binary,SECONDARY,S6_leave_out_progressive_disease,sensitivity,Unfolded Protein Response,56,0.16906271,1.389925,0.12163441,0.91022857,-0.18897271,0.52243149,-0.13892278,0.39412969,0.36826317,0.60462704,0.99990001,False,False,monte_carlo_add_one,10000,33199,33200
binary,SECONDARY,S6_leave_out_progressive_disease,sensitivity,Wnt-beta Catenin Signaling,56,0.098119193,1.5258269,0.064305586,0.48121894,-0.30931958,0.47972166,-0.19039387,0.3567478,0.63223678,0.71845088,1,False,False,monte_carlo_add_one,10000,33199,33200
binary,SECONDARY,S6_leave_out_progressive_disease,sensitivity,Xenobiotic Metabolism,56,0.28481681,1.2503723,0.2277856,1.7045913,-0.035240006,0.6136291,-0.030887534,0.48341381,0.095290471,0.42023575,0.83921608,False,False,monte_carlo_add_one,10000,33199,33200
binary,SECONDARY,S6_leave_out_progressive_disease,sensitivity,heme Metabolism,56,0.20580014,1.3545236,0.15193544,1.1369807,-0.146785,0.56741276,-0.1182952,0.41088671,0.26847315,0.51629452,0.99630037,False,False,monte_carlo_add_one,10000,33199,33200
binary,SECONDARY,S6_leave_out_progressive_disease,sensitivity,mTORC1 Signaling,56,-0.0030272171,1.1876899,-0.0025488278,-0.019073681,-0.30427554,0.30866268,-0.27568512,0.25798766,0.98370163,0.99550045,1,False,False,monte_carlo_add_one,10000,33199,33200
binary,SECONDARY,S6_leave_out_progressive_disease,sensitivity,p53 Pathway,56,0.18924743,1.2962265,0.14599873,1.0925545,-0.13900649,0.53169698,-0.11759117,0.4061413,0.279972,0.51846667,0.99810019,False,False,monte_carlo_add_one,10000,33199,33200
binary,SECONDARY,S6_leave_out_stable_disease,sensitivity,Adipogenesis,52,0.34550975,1.4478381,0.23863839,1.7208459,-0.035809053,0.75462185,-0.030255632,0.48311419,0.093790621,0.71440224,0.82751725,False,False,monte_carlo_add_one,10000,67903,67904
binary,SECONDARY,S6_leave_out_stable_disease,sensitivity,Allograft Rejection,52,-0.017816013,1.3835165,-0.01287734,-0.092859823,-0.38677021,0.35220472,-0.29057117,0.26363832,0.92790721,0.94490551,1,False,False,monte_carlo_add_one,10000,67903,67904
binary,SECONDARY,S6_leave_out_stable_disease,sensitivity,Androgen Response,52,-0.047677366,1.55839,-0.030593989,-0.22061639,-0.45800689,0.3681259,-0.3102792,0.24329005,0.82451755,0.94490551,1,False,False,monte_carlo_add_one,10000,67903,67904
binary,SECONDARY,S6_leave_out_stable_disease,sensitivity,Angiogenesis,52,0.057387736,1.3566002,0.042302615,0.30504849,-0.30183793,0.42474959,-0.25077236,0.30366103,0.7590241,0.94490551,1,False,False,monte_carlo_add_one,10000,67903,67904
binary,SECONDARY,S6_leave_out_stable_disease,sensitivity,Apical Junction,52,0.24450941,1.4012968,0.17448795,1.2582505,-0.11495942,0.63113433,-0.088853706,0.44170932,0.21707829,0.71440224,0.98670133,False,False,monte_carlo_add_one,10000,67903,67904
binary,SECONDARY,S6_leave_out_stable_disease,sensitivity,Apical Surface,52,0.30727804,1.3997607,0.21952183,1.5829944,-0.074594114,0.67992833,-0.05626393,0.50517103,0.12018798,0.71440224,0.89781022,False,False,monte_carlo_add_one,10000,67903,67904
binary,SECONDARY,S6_leave_out_stable_disease,sensitivity,Apoptosis,52,0.10073948,1.3967878,0.072122246,0.52008091,-0.27125402,0.47868654,-0.20699252,0.34889788,0.60143986,0.94490551,1,False,False,monte_carlo_add_one,10000,67903,67904
binary,SECONDARY,S6_leave_out_stable_disease,sensitivity,Bile Acid Metabolism,52,0.247403,1.3324063,0.18568135,1.3389672,-0.11421021,0.60640576,-0.088793662,0.46459302,0.17918208,0.71440224,0.9730027,False,False,monte_carlo_add_one,10000,67903,67904
binary,SECONDARY,S6_leave_out_stable_disease,sensitivity,Cholesterol Homeostasis,52,0.093202008,1.3199772,0.070608801,0.50916731,-0.26298988,0.44631259,-0.2028103,0.36210205,0.61433857,0.94490551,1,False,False,monte_carlo_add_one,10000,67903,67904
binary,SECONDARY,S6_leave_out_stable_disease,sensitivity,Coagulation,52,0.25807654,1.3305901,0.19395646,1.3986399,-0.094270636,0.61749342,-0.075152173,0.47742548,0.16338366,0.71440224,0.96140386,False,False,monte_carlo_add_one,10000,67903,67904
binary,SECONDARY,S6_leave_out_stable_disease,sensitivity,Complement,52,0.17973875,1.4866414,0.12090256,0.87184073,-0.21249913,0.58502014,-0.15130118,0.39781538,0.38146185,0.84698427,1,False,False,monte_carlo_add_one,10000,67903,67904
binary,SECONDARY,S6_leave_out_stable_disease,sensitivity,DNA Repair,52,-0.17646225,1.1392197,-0.15489747,-1.1169815,-0.48149746,0.13538387,-0.45394312,0.11953365,0.26857314,0.71440224,0.99730027,False,False,monte_carlo_add_one,10000,67903,67904
binary,SECONDARY,S6_leave_out_stable_disease,sensitivity,E2F Targets,52,-0.34493,0.99364122,-0.34713737,-2.5032431,-0.60773104,-0.082755467,-0.63721927,-0.08607045,0.01659834,0.57827551,0.28837116,False,False,monte_carlo_add_one,10000,67903,67904
binary,SECONDARY,S6_leave_out_stable_disease,sensitivity,Epithelial Mesenchymal Transition,52,0.26022769,1.3917503,0.18697873,1.3483228,-0.10237121,0.6457386,-0.084984071,0.4383942,0.18418158,0.71440224,0.97170283,False,False,monte_carlo_add_one,10000,67903,67904
binary,SECONDARY,S6_leave_out_stable_disease,sensitivity,Estrogen Response Early,52,-0.02246555,1.3386171,-0.016782655,-0.12102145,-0.37543027,0.33068635,-0.30910648,0.23940431,0.90570943,0.94490551,1,False,False,monte_carlo_add_one,10000,67903,67904
binary,SECONDARY,S6_leave_out_stable_disease,sensitivity,Estrogen Response Late,52,0.040679525,1.3346369,0.030479846,0.21979329,-0.30676888,0.39611275,-0.25504891,0.28933351,0.82761724,0.94490551,1,False,False,monte_carlo_add_one,10000,67903,67904
binary,SECONDARY,S6_leave_out_stable_disease,sensitivity,Fatty Acid Metabolism,52,0.069970566,1.2563759,0.055692384,0.40160349,-0.26502833,0.4146337,-0.23827786,0.31598715,0.68963104,0.94490551,1,False,False,monte_carlo_add_one,10000,67903,67904
binary,SECONDARY,S6_leave_out_stable_disease,sensitivity,G2-M Checkpoint,52,-0.30280638,0.97540819,-0.31044068,-2.2386196,-0.56554319,-0.047101543,-0.60089242,-0.048410853,0.0269973,0.57827551,0.46165383,False,False,monte_carlo_add_one,10000,67903,67904
binary,SECONDARY,S6_leave_out_stable_disease,sensitivity,Glycolysis,52,-0.035966578,1.3959296,-0.025765324,-0.18579639,-0.41052832,0.34069866,-0.32122599,0.2378274,0.85231477,0.94490551,1,False,False,monte_carlo_add_one,10000,67903,67904
binary,SECONDARY,S6_leave_out_stable_disease,sensitivity,Hedgehog Signaling,52,0.1270283,1.3152676,0.096579814,0.69644694,-0.22370454,0.48156453,-0.18782299,0.36152966,0.49125087,0.84698427,1,False,False,monte_carlo_add_one,10000,67903,67904
binary,SECONDARY,S6_leave_out_stable_disease,sensitivity,Hypoxia,52,0.14479409,1.3188747,0.10978609,0.79167874,-0.20326153,0.50671807,-0.17287958,0.37184855,0.42955704,0.84698427,1,False,False,monte_carlo_add_one,10000,67903,67904
binary,SECONDARY,S6_leave_out_stable_disease,sensitivity,IL-2/STAT5 Signaling,52,0.038129353,1.3918819,0.0273941,0.19754166,-0.33191907,0.41422615,-0.2552452,0.29207141,0.84061594,0.94490551,1,False,False,monte_carlo_add_one,10000,67903,67904
binary,SECONDARY,S6_leave_out_stable_disease,sensitivity,IL-6/JAK/STAT3 Signaling,52,0.21381691,1.2982818,0.16469222,1.1876125,-0.13616703,0.5549106,-0.098406249,0.48052382,0.23827617,0.71440224,0.99290071,False,False,monte_carlo_add_one,10000,67903,67904
binary,SECONDARY,S6_leave_out_stable_disease,sensitivity,Inflammatory Response,52,0.22052878,1.4589292,0.15115798,1.0900157,-0.17006905,0.60968023,-0.11792457,0.44363288,0.27147285,0.71440224,0.99780022,False,False,monte_carlo_add_one,10000,67903,67904
binary,SECONDARY,S6_leave_out_stable_disease,sensitivity,Interferon Alpha Response,52,0.083068984,1.319688,0.062945926,0.45390953,-0.27323434,0.43568895,-0.20711566,0.35706723,0.64613539,0.94490551,1,False,False,monte_carlo_add_one,10000,67903,67904
binary,SECONDARY,S6_leave_out_stable_disease,sensitivity,Interferon Gamma Response,52,0.070570936,1.4121027,0.049975783,0.36038049,-0.30132839,0.44614085,-0.21855184,0.33749898,0.71982802,0.94490551,1,False,False,monte_carlo_add_one,10000,67903,67904
binary,SECONDARY,S6_leave_out_stable_disease,sensitivity,KRAS Signaling Dn,52,0.052926156,1.2548489,0.042177315,0.30414494,-0.28356557,0.38954364,-0.2355225,0.32386221,0.75282472,0.94490551,1,False,False,monte_carlo_add_one,10000,67903,67904
binary,SECONDARY,S6_leave_out_stable_disease,sensitivity,KRAS Signaling Up,52,0.15259363,1.3958712,0.10931784,0.78830218,-0.21635237,0.52772707,-0.16343043,0.38635526,0.42635736,0.84698427,1,False,False,monte_carlo_add_one,10000,67903,67904
binary,SECONDARY,S6_leave_out_stable_disease,sensitivity,Mitotic Spindle,52,-0.022291258,1.152402,-0.0193433,-0.13948652,-0.328889,0.29211102,-0.30571308,0.25815722,0.88971103,0.94490551,1,False,False,monte_carlo_add_one,10000,67903,67904
binary,SECONDARY,S6_leave_out_stable_disease,sensitivity,Myc Targets V1,52,-0.33697758,1.1136556,-0.30258689,-2.1819851,-0.62792406,-0.029214041,-0.65266608,-0.02443407,0.03469653,0.57827551,0.50054995,False,False,monte_carlo_add_one,10000,67903,67904
binary,SECONDARY,S6_leave_out_stable_disease,sensitivity,Myc Targets V2,52,-0.27277073,1.3054796,-0.20894293,-1.5067089,-0.62274615,0.074105458,-0.50116907,0.057997128,0.14428557,0.71440224,0.92870713,False,False,monte_carlo_add_one,10000,67903,67904
binary,SECONDARY,S6_leave_out_stable_disease,sensitivity,Myogenesis,52,0.29070304,1.4057039,0.20680246,1.4912738,-0.076898545,0.6840715,-0.06080685,0.47008067,0.1389861,0.71440224,0.93360664,False,False,monte_carlo_add_one,10000,67903,67904
binary,SECONDARY,S6_leave_out_stable_disease,sensitivity,Notch Signaling,52,0.27883093,1.431565,0.1947735,1.4045317,-0.10512492,0.66975962,-0.075850971,0.48022369,0.16448355,0.71440224,0.95990401,False,False,monte_carlo_add_one,10000,67903,67904
binary,SECONDARY,S6_leave_out_stable_disease,sensitivity,Oxidative Phosphorylation,52,-0.2306985,1.3375771,-0.17247492,-1.2437343,-0.58013517,0.14497529,-0.52429237,0.099813294,0.21927807,0.71440224,0.98870113,False,False,monte_carlo_add_one,10000,67903,67904
binary,SECONDARY,S6_leave_out_stable_disease,sensitivity,PI3K/AKT/mTOR  Signaling,52,-0.096619869,1.508857,-0.06403514,-0.46176396,-0.50356309,0.31190562,-0.36520386,0.20129528,0.65173483,0.94490551,1,False,False,monte_carlo_add_one,10000,67903,67904
binary,SECONDARY,S6_leave_out_stable_disease,sensitivity,Pancreas Beta Cells,52,0.046885319,1.2305036,0.038102544,0.27476135,-0.28245847,0.38157292,-0.23543077,0.32986269,0.78432157,0.94490551,1,False,False,monte_carlo_add_one,10000,67903,67904
binary,SECONDARY,S6_leave_out_stable_disease,sensitivity,Pperoxisome,52,-0.12714233,1.1889411,-0.10693745,-0.77113692,-0.45139734,0.19487753,-0.38131233,0.17766329,0.44765523,0.84698427,1,False,False,monte_carlo_add_one,10000,67903,67904
binary,SECONDARY,S6_leave_out_stable_disease,sensitivity,Protein Secretion,52,0.01535937,1.5878095,0.0096733078,0.069755214,-0.41001572,0.42713646,-0.24726973,0.30358024,0.94490551,0.94490551,1,False,False,monte_carlo_add_one,10000,67903,67904
binary,SECONDARY,S6_leave_out_stable_disease,sensitivity,Reactive Oxygen Species Pathway,52,0.14241979,1.4764849,0.096458686,0.69557348,-0.25382803,0.53920959,-0.17550552,0.38056599,0.4859514,0.84698427,1,False,False,monte_carlo_add_one,10000,67903,67904
binary,SECONDARY,S6_leave_out_stable_disease,sensitivity,Spermatogenesis,52,-0.22553557,1.2578709,-0.17929946,-1.2929468,-0.56318276,0.1166277,-0.49433487,0.090979668,0.20137986,0.71440224,0.98260174,False,False,monte_carlo_add_one,10000,67903,67904
binary,SECONDARY,S6_leave_out_stable_disease,sensitivity,TGF-beta Signaling,52,0.2237709,1.4363766,0.15578846,1.1234066,-0.16994847,0.60750206,-0.11430135,0.47100122,0.26247375,0.71440224,0.99690031,False,False,monte_carlo_add_one,10000,67903,67904
binary,SECONDARY,S6_leave_out_stable_disease,sensitivity,TNF-alpha Signaling via NF-kB,52,0.1406702,1.4234065,0.098826444,0.71264762,-0.24430588,0.51372874,-0.16967388,0.39494352,0.47975202,0.84698427,1,False,False,monte_carlo_add_one,10000,67903,67904
binary,SECONDARY,S6_leave_out_stable_disease,sensitivity,UV Response Dn,52,0.29667737,1.3942044,0.21279331,1.5344744,-0.066695432,0.68689027,-0.05686062,0.4571043,0.13428657,0.71440224,0.91770823,False,False,monte_carlo_add_one,10000,67903,67904
binary,SECONDARY,S6_leave_out_stable_disease,sensitivity,UV Response Up,52,0.11599199,1.3348666,0.086894072,0.62660206,-0.24030437,0.47784513,-0.18783025,0.36655016,0.53324668,0.88874446,1,False,False,monte_carlo_add_one,10000,67903,67904
binary,SECONDARY,S6_leave_out_stable_disease,sensitivity,Unfolded Protein Response,52,0.014804253,1.3594533,0.010889857,0.078527876,-0.34911313,0.38242565,-0.25849146,0.30095898,0.93560644,0.94490551,1,False,False,monte_carlo_add_one,10000,67903,67904
binary,SECONDARY,S6_leave_out_stable_disease,sensitivity,Wnt-beta Catenin Signaling,52,-0.079438689,1.4510248,-0.054746609,-0.39478341,-0.47913757,0.30546368,-0.30831534,0.24293627,0.69483052,0.94490551,1,False,False,monte_carlo_add_one,10000,67903,67904
binary,SECONDARY,S6_leave_out_stable_disease,sensitivity,Xenobiotic Metabolism,52,0.16702102,1.326843,0.12587851,0.90772285,-0.18200518,0.53102112,-0.14302046,0.40580158,0.36736326,0.84698427,0.99990001,False,False,monte_carlo_add_one,10000,67903,67904
binary,SECONDARY,S6_leave_out_stable_disease,sensitivity,heme Metabolism,52,0.18250272,1.6956613,0.10762923,0.77612543,-0.27074863,0.64310516,-0.17246148,0.37414808,0.45035496,0.84698427,1,False,False,monte_carlo_add_one,10000,67903,67904
binary,SECONDARY,S6_leave_out_stable_disease,sensitivity,mTORC1 Signaling,52,-0.1483979,1.1255992,-0.13183902,-0.95070471,-0.45864501,0.15594752,-0.4260191,0.14333125,0.34716528,0.84698427,0.99980002,False,False,monte_carlo_add_one,10000,67903,67904
binary,SECONDARY,S6_leave_out_stable_disease,sensitivity,p53 Pathway,52,-0.017267613,1.333883,-0.012945373,-0.093350415,-0.37042813,0.34447234,-0.30018676,0.26039479,0.93010699,0.94490551,1,False,False,monte_carlo_add_one,10000,67903,67904
binary,SECONDARY,S6_leave_out_very_good_partial_response,sensitivity,Adipogenesis,37,0.35082091,1.4878754,0.23578649,1.4342332,-0.093966891,0.85700814,-0.072684874,0.54711975,0.16318368,0.54640369,0.95410459,False,False,monte_carlo_add_one,10000,62599,62600
binary,SECONDARY,S6_leave_out_very_good_partial_response,sensitivity,Allograft Rejection,37,0.021064636,1.3828255,0.015233039,0.09265896,-0.40680885,0.45929052,-0.30087078,0.35938645,0.92330767,0.94215068,1,False,False,monte_carlo_add_one,10000,62599,62600
binary,SECONDARY,S6_leave_out_very_good_partial_response,sensitivity,Androgen Response,37,0.13929161,1.487585,0.093636068,0.56956597,-0.33456487,0.61537787,-0.2263974,0.4432543,0.56994301,0.71242876,1,False,False,monte_carlo_add_one,10000,62599,62600
binary,SECONDARY,S6_leave_out_very_good_partial_response,sensitivity,Angiogenesis,37,0.25455239,1.3576753,0.18749136,1.1404654,-0.16048801,0.69596679,-0.12967527,0.51718661,0.26227377,0.54640369,0.99610039,False,False,monte_carlo_add_one,10000,62599,62600
binary,SECONDARY,S6_leave_out_very_good_partial_response,sensitivity,Apical Junction,37,0.497469,1.3111339,0.37941891,2.3079151,0.084361264,0.91309691,0.067669013,0.74669018,0.03029697,0.489951,0.4269573,False,False,monte_carlo_add_one,10000,62599,62600
binary,SECONDARY,S6_leave_out_very_good_partial_response,sensitivity,Apical Surface,37,0.32366476,1.6294585,0.19863332,1.2082393,-0.19473451,0.83754907,-0.12516683,0.53771652,0.2389761,0.54640369,0.99270073,False,False,monte_carlo_add_one,10000,62599,62600
binary,SECONDARY,S6_leave_out_very_good_partial_response,sensitivity,Apoptosis,37,0.16523428,1.511843,0.10929328,0.66480508,-0.29847213,0.65337686,-0.20911848,0.45451362,0.51254875,0.65929305,1,False,False,monte_carlo_add_one,10000,62599,62600
binary,SECONDARY,S6_leave_out_very_good_partial_response,sensitivity,Bile Acid Metabolism,37,0.50730271,1.5357259,0.33033414,2.0093442,0.010637125,0.9990776,0.0069537791,0.70414872,0.050794921,0.489951,0.63473653,False,False,monte_carlo_add_one,10000,62599,62600
binary,SECONDARY,S6_leave_out_very_good_partial_response,sensitivity,Cholesterol Homeostasis,37,0.42311681,1.3466127,0.31420825,1.9112542,-0.0043415074,0.86153864,-0.0031591053,0.69504863,0.063293671,0.489951,0.70352965,False,False,monte_carlo_add_one,10000,62599,62600
binary,SECONDARY,S6_leave_out_very_good_partial_response,sensitivity,Coagulation,37,0.30644541,1.4340062,0.2136988,1.299879,-0.14281428,0.76093786,-0.099877753,0.5668112,0.2039796,0.54640369,0.98270173,False,False,monte_carlo_add_one,10000,62599,62600
binary,SECONDARY,S6_leave_out_very_good_partial_response,sensitivity,Complement,37,0.23028705,1.5348531,0.1500385,0.91264854,-0.24738843,0.71725037,-0.15972761,0.50802476,0.369963,0.59945618,1,False,False,monte_carlo_add_one,10000,62599,62600
binary,SECONDARY,S6_leave_out_very_good_partial_response,sensitivity,DNA Repair,37,-0.088019321,1.1222352,-0.078432151,-0.47708415,-0.43777129,0.26197919,-0.41364338,0.24903652,0.63383662,0.72303881,1,False,False,monte_carlo_add_one,10000,62599,62600
binary,SECONDARY,S6_leave_out_very_good_partial_response,sensitivity,E2F Targets,37,-0.065168353,1.2262008,-0.053146559,-0.3232779,-0.44799828,0.3255166,-0.41196642,0.26366785,0.74752525,0.81252744,1,False,False,monte_carlo_add_one,10000,62599,62600
binary,SECONDARY,S6_leave_out_very_good_partial_response,sensitivity,Epithelial Mesenchymal Transition,37,0.2424728,1.404632,0.17262372,1.0500291,-0.18886417,0.68840367,-0.14395148,0.50906111,0.29877012,0.57049851,0.9990001,False,False,monte_carlo_add_one,10000,62599,62600
binary,SECONDARY,S6_leave_out_very_good_partial_response,sensitivity,Estrogen Response Early,37,0.19312848,1.3139969,0.14697788,0.89403154,-0.21966574,0.62238189,-0.18853626,0.46168947,0.37166283,0.59945618,1,False,False,monte_carlo_add_one,10000,62599,62600
binary,SECONDARY,S6_leave_out_very_good_partial_response,sensitivity,Estrogen Response Late,37,0.34009965,1.4409117,0.23603088,1.4357198,-0.11274247,0.79800936,-0.084269132,0.5739205,0.15728427,0.54640369,0.95380462,False,False,monte_carlo_add_one,10000,62599,62600
binary,SECONDARY,S6_leave_out_very_good_partial_response,sensitivity,Fatty Acid Metabolism,37,0.27106691,1.4169472,0.19130347,1.1636536,-0.18173432,0.73725907,-0.13030903,0.5580109,0.25277472,0.54640369,0.9950005,False,False,monte_carlo_add_one,10000,62599,62600
binary,SECONDARY,S6_leave_out_very_good_partial_response,sensitivity,G2-M Checkpoint,37,0.0019716519,1.2333262,0.001598646,0.0097241837,-0.3848452,0.39749638,-0.34905917,0.31674932,0.99030097,0.99030097,1,False,False,monte_carlo_add_one,10000,62599,62600
binary,SECONDARY,S6_leave_out_very_good_partial_response,sensitivity,Glycolysis,37,0.44045117,1.2023474,0.36632606,2.2282744,0.071120332,0.8346667,0.066235231,0.68105978,0.03009699,0.489951,0.47905209,False,False,monte_carlo_add_one,10000,62599,62600
binary,SECONDARY,S6_leave_out_very_good_partial_response,sensitivity,Hedgehog Signaling,37,0.27781427,1.1493905,0.24170573,1.4702385,-0.085274848,0.64701201,-0.076739997,0.61942916,0.15078492,0.54640369,0.94370563,False,False,monte_carlo_add_one,10000,62599,62600
binary,SECONDARY,S6_leave_out_very_good_partial_response,sensitivity,Hypoxia,37,0.28205531,1.4177671,0.19894334,1.2101251,-0.15709489,0.73480315,-0.11773799,0.5423571,0.23447655,0.54640369,0.99270073,False,False,monte_carlo_add_one,10000,62599,62600
binary,SECONDARY,S6_leave_out_very_good_partial_response,sensitivity,IL-2/STAT5 Signaling,37,0.17518873,1.3734419,0.12755453,0.7758839,-0.24977668,0.60916174,-0.18341489,0.47771421,0.44165583,0.63379376,1,False,False,monte_carlo_add_one,10000,62599,62600
binary,SECONDARY,S6_leave_out_very_good_partial_response,sensitivity,IL-6/JAK/STAT3 Signaling,37,0.10083915,1.330233,0.075805626,0.46110762,-0.32908238,0.5178879,-0.2281421,0.45791305,0.65073493,0.72303881,1,False,False,monte_carlo_add_one,10000,62599,62600
binary,SECONDARY,S6_leave_out_very_good_partial_response,sensitivity,Inflammatory Response,37,0.18890151,1.4665203,0.12880934,0.78351662,-0.2743262,0.64452285,-0.17680879,0.52092666,0.44365563,0.63379376,1,False,False,monte_carlo_add_one,10000,62599,62600
binary,SECONDARY,S6_leave_out_very_good_partial_response,sensitivity,Interferon Alpha Response,37,-0.18568597,1.1299072,-0.16433736,-0.99962511,-0.54636255,0.17475438,-0.49593624,0.16731524,0.3269673,0.58387018,0.99960004,False,False,monte_carlo_add_one,10000,62599,62600
binary,SECONDARY,S6_leave_out_very_good_partial_response,sensitivity,Interferon Gamma Response,37,-0.11702612,1.3291174,-0.088047994,-0.53557504,-0.53194201,0.31137004,-0.40216292,0.25334415,0.5960404,0.71707115,1,False,False,monte_carlo_add_one,10000,62599,62600
binary,SECONDARY,S6_leave_out_very_good_partial_response,sensitivity,KRAS Signaling Dn,37,0.41093705,1.2396023,0.33150716,2.0164793,0.019310099,0.81064291,0.014334064,0.72137498,0.051294871,0.489951,0.62923708,False,False,monte_carlo_add_one,10000,62599,62600
binary,SECONDARY,S6_leave_out_very_good_partial_response,sensitivity,KRAS Signaling Up,37,0.16020776,1.4720014,0.10883669,0.66202775,-0.30014364,0.6267398,-0.20377693,0.47212962,0.51424858,0.65929305,1,False,False,monte_carlo_add_one,10000,62599,62600
binary,SECONDARY,S6_leave_out_very_good_partial_response,sensitivity,Mitotic Spindle,37,0.22882686,1.1767264,0.19446055,1.1828574,-0.15710449,0.59781299,-0.1257059,0.60616034,0.24527547,0.54640369,0.99390061,False,False,monte_carlo_add_one,10000,62599,62600
binary,SECONDARY,S6_leave_out_very_good_partial_response,sensitivity,Myc Targets V1,37,-0.178804,1.2492301,-0.14313136,-0.87063409,-0.57290663,0.22411116,-0.53055641,0.17154077,0.38986101,0.60915783,1,False,False,monte_carlo_add_one,10000,62599,62600
binary,SECONDARY,S6_leave_out_very_good_partial_response,sensitivity,Myc Targets V2,37,-0.060022812,1.5135961,-0.039655767,-0.24121661,-0.55885202,0.41038021,-0.38789322,0.28414473,0.80941906,0.84314485,1,False,False,monte_carlo_add_one,10000,62599,62600
binary,SECONDARY,S6_leave_out_very_good_partial_response,sensitivity,Myogenesis,37,0.35605766,1.3762109,0.25872318,1.5737517,-0.074338285,0.80707905,-0.057881562,0.60017032,0.12338766,0.54640369,0.90750925,False,False,monte_carlo_add_one,10000,62599,62600
binary,SECONDARY,S6_leave_out_very_good_partial_response,sensitivity,Notch Signaling,37,0.061108097,1.4486966,0.042181433,0.25657964,-0.39197556,0.51628297,-0.28941507,0.37244947,0.80131987,0.84314485,1,False,False,monte_carlo_add_one,10000,62599,62600
binary,SECONDARY,S6_leave_out_very_good_partial_response,sensitivity,Oxidative Phosphorylation,37,-0.21362311,1.1177609,-0.19111699,-1.1625193,-0.57300028,0.14998732,-0.5130847,0.1453428,0.25967403,0.54640369,0.99510049,False,False,monte_carlo_add_one,10000,62599,62600
binary,SECONDARY,S6_leave_out_very_good_partial_response,sensitivity,PI3K/AKT/mTOR  Signaling,37,0.31895268,1.3720322,0.23246735,1.4140437,-0.10616944,0.7622265,-0.08098601,0.59558134,0.16538346,0.54640369,0.95990401,False,False,monte_carlo_add_one,10000,62599,62600
binary,SECONDARY,S6_leave_out_very_good_partial_response,sensitivity,Pancreas Beta Cells,37,0.37698175,1.2977798,0.29048207,1.7669334,-0.026616951,0.79554351,-0.021650939,0.63074928,0.088191181,0.489951,0.80221978,False,False,monte_carlo_add_one,10000,62599,62600
binary,SECONDARY,S6_leave_out_very_good_partial_response,sensitivity,Pperoxisome,37,0.21732137,1.2624067,0.17214845,1.0471382,-0.17827124,0.61540456,-0.14285922,0.5244385,0.30216978,0.57049851,0.9990001,False,False,monte_carlo_add_one,10000,62599,62600
binary,SECONDARY,S6_leave_out_very_good_partial_response,sensitivity,Protein Secretion,37,0.43211329,1.204755,0.35867316,2.1817237,0.045235048,0.81062693,0.034224823,0.79621763,0.03809619,0.489951,0.51264874,False,False,monte_carlo_add_one,10000,62599,62600
binary,SECONDARY,S6_leave_out_very_good_partial_response,sensitivity,Reactive Oxygen Species Pathway,37,0.16263528,1.4433752,0.11267707,0.68538783,-0.29601652,0.6176275,-0.19743747,0.49161129,0.50094991,0.65929305,1,False,False,monte_carlo_add_one,10000,62599,62600
binary,SECONDARY,S6_leave_out_very_good_partial_response,sensitivity,Spermatogenesis,37,0.16591348,1.3640165,0.12163598,0.73988278,-0.26090032,0.59837158,-0.20708759,0.45850584,0.4709529,0.65410126,1,False,False,monte_carlo_add_one,10000,62599,62600
binary,SECONDARY,S6_leave_out_very_good_partial_response,sensitivity,TGF-beta Signaling,37,0.27267881,1.4461283,0.18855782,1.1469525,-0.19268307,0.72307013,-0.12920624,0.57977689,0.25787421,0.54640369,0.99580042,False,False,monte_carlo_add_one,10000,62599,62600
binary,SECONDARY,S6_leave_out_very_good_partial_response,sensitivity,TNF-alpha Signaling via NF-kB,37,0.11323202,1.4727216,0.076886238,0.46768073,-0.35503033,0.57743822,-0.23080679,0.44645855,0.64033597,0.72303881,1,False,False,monte_carlo_add_one,10000,62599,62600
binary,SECONDARY,S6_leave_out_very_good_partial_response,sensitivity,UV Response Dn,37,0.23633426,1.3864585,0.17045895,1.0368613,-0.19956432,0.68137888,-0.14997054,0.51307107,0.30806919,0.57049851,0.9990001,False,False,monte_carlo_add_one,10000,62599,62600
binary,SECONDARY,S6_leave_out_very_good_partial_response,sensitivity,UV Response Up,37,0.40474532,1.3929399,0.29056913,1.767463,-0.044317356,0.8458732,-0.03272981,0.65408563,0.084891511,0.489951,0.80211979,False,False,monte_carlo_add_one,10000,62599,62600
binary,SECONDARY,S6_leave_out_very_good_partial_response,sensitivity,Unfolded Protein Response,37,0.3036062,1.472501,0.20618404,1.2541686,-0.16709789,0.76805568,-0.11500465,0.56671309,0.21837816,0.54640369,0.98850115,False,False,monte_carlo_add_one,10000,62599,62600
binary,SECONDARY,S6_leave_out_very_good_partial_response,sensitivity,Wnt-beta Catenin Signaling,37,0.38288719,1.2682063,0.30191238,1.8364613,-0.029794893,0.78814331,-0.021506131,0.69326926,0.073792621,0.489951,0.75492451,False,False,monte_carlo_add_one,10000,62599,62600
binary,SECONDARY,S6_leave_out_very_good_partial_response,sensitivity,Xenobiotic Metabolism,37,0.33443376,1.4041828,0.23816967,1.4487296,-0.11057192,0.7820795,-0.083040926,0.60357046,0.159984,0.54640369,0.94970503,False,False,monte_carlo_add_one,10000,62599,62600
binary,SECONDARY,S6_leave_out_very_good_partial_response,sensitivity,heme Metabolism,37,0.28714785,1.8699924,0.15355563,0.93404242,-0.28791963,0.89479336,-0.16134441,0.48762935,0.35506449,0.59945618,1,False,False,monte_carlo_add_one,10000,62599,62600
binary,SECONDARY,S6_leave_out_very_good_partial_response,sensitivity,mTORC1 Signaling,37,0.10273616,1.2043019,0.085307643,0.51890613,-0.27200142,0.49622223,-0.24124854,0.42165767,0.60233977,0.71707115,1,False,False,monte_carlo_add_one,10000,62599,62600
binary,SECONDARY,S6_leave_out_very_good_partial_response,sensitivity,p53 Pathway,37,0.18184999,1.3319928,0.13652476,0.83044768,-0.231356,0.60339006,-0.17794626,0.49110397,0.4159584,0.63024001,1,False,False,monte_carlo_add_one,10000,62599,62600
binary,SECONDARY,S6_line1_only,sensitivity,Adipogenesis,48,0.24792293,1.3697688,0.18099618,1.2539784,-0.13650861,0.63604993,-0.11130282,0.45179017,0.21887811,0.75192481,0.98430157,False,False,monte_carlo_add_one,10000,36895,36896
binary,SECONDARY,S6_line1_only,sensitivity,Allograft Rejection,48,-0.0023789027,1.3930073,-0.001707746,-0.011831611,-0.39294783,0.38488004,-0.2949716,0.29039747,0.98920108,0.98920108,1,False,False,monte_carlo_add_one,10000,36895,36896
binary,SECONDARY,S6_line1_only,sensitivity,Androgen Response,48,0.1071615,1.5204438,0.070480411,0.48830261,-0.32621677,0.53082317,-0.22412141,0.36344068,0.63153685,0.80966262,1,False,False,monte_carlo_add_one,10000,36895,36896
binary,SECONDARY,S6_line1_only,sensitivity,Angiogenesis,48,0.14620615,1.4349556,0.10188898,0.70590753,-0.2538156,0.54861648,-0.19962331,0.3722775,0.48055194,0.77508378,1,False,False,monte_carlo_add_one,10000,36895,36896
binary,SECONDARY,S6_line1_only,sensitivity,Apical Junction,48,0.31238367,1.4023242,0.22276137,1.5433361,-0.081009209,0.71888572,-0.063133754,0.49705828,0.13148685,0.75192481,0.90860914,False,False,monte_carlo_add_one,10000,36895,36896
binary,SECONDARY,S6_line1_only,sensitivity,Apical Surface,48,0.20520065,1.5135736,0.13557362,0.9392816,-0.22561124,0.6350387,-0.15549869,0.43147313,0.35326467,0.77057512,0.99970003,False,False,monte_carlo_add_one,10000,36895,36896
binary,SECONDARY,S6_line1_only,sensitivity,Apoptosis,48,0.13245316,1.435079,0.092296773,0.6394508,-0.27376501,0.53067598,-0.20744692,0.36927389,0.52054795,0.80221708,1,False,False,monte_carlo_add_one,10000,36895,36896
binary,SECONDARY,S6_line1_only,sensitivity,Bile Acid Metabolism,48,0.25315246,1.3506145,0.18743502,1.2985879,-0.12410236,0.63993357,-0.097383563,0.47787128,0.2069793,0.75192481,0.97820218,False,False,monte_carlo_add_one,10000,36895,36896
binary,SECONDARY,S6_line1_only,sensitivity,Cholesterol Homeostasis,48,0.065732993,1.3470779,0.048796726,0.33807363,-0.31245187,0.44531427,-0.24343035,0.34306517,0.73422658,0.87491251,1,False,False,monte_carlo_add_one,10000,36895,36896
binary,SECONDARY,S6_line1_only,sensitivity,Coagulation,48,0.317058,1.2868281,0.24638722,1.7070208,-0.037601269,0.68018152,-0.032693828,0.52619287,0.096890311,0.75192481,0.82321768,False,False,monte_carlo_add_one,10000,36895,36896
binary,SECONDARY,S6_line1_only,sensitivity,Complement,48,0.18478749,1.457579,0.12677699,0.87833677,-0.22185858,0.58934794,-0.16513712,0.40569699,0.3849615,0.77508378,0.99990001,False,False,monte_carlo_add_one,10000,36895,36896
binary,SECONDARY,S6_line1_only,sensitivity,DNA Repair,48,-0.16797297,1.1666419,-0.14397989,-0.99752193,-0.49026954,0.16313077,-0.45003312,0.1407515,0.32156784,0.77057512,0.99880012,False,False,monte_carlo_add_one,10000,36895,36896
binary,SECONDARY,S6_line1_only,sensitivity,E2F Targets,48,-0.23120525,1.1737187,-0.19698524,-1.3647538,-0.54743215,0.10125137,-0.53179675,0.083935262,0.17388261,0.75192481,0.96590341,False,False,monte_carlo_add_one,10000,36895,36896
binary,SECONDARY,S6_line1_only,sensitivity,Epithelial Mesenchymal Transition,48,0.28640359,1.4290011,0.20042223,1.3885659,-0.11736793,0.69675482,-0.096021966,0.46421721,0.17248275,0.75192481,0.96040396,False,False,monte_carlo_add_one,10000,36895,36896
binary,SECONDARY,S6_line1_only,sensitivity,Estrogen Response Early,48,0.045118851,1.3595696,0.033186129,0.22992025,-0.33112436,0.4323194,-0.26970894,0.31280138,0.81511849,0.88599836,1,False,False,monte_carlo_add_one,10000,36895,36896
binary,SECONDARY,S6_line1_only,sensitivity,Estrogen Response Late,48,0.10068379,1.3258033,0.075941731,0.52613974,-0.26958395,0.48086979,-0.22010266,0.36067585,0.59364064,0.80221708,1,False,False,monte_carlo_add_one,10000,36895,36896
binary,SECONDARY,S6_line1_only,sensitivity,Fatty Acid Metabolism,48,0.096930218,1.2103915,0.08008171,0.55482236,-0.24202461,0.44271031,-0.20924065,0.37000505,0.58634137,0.80221708,1,False,False,monte_carlo_add_one,10000,36895,36896
binary,SECONDARY,S6_line1_only,sensitivity,G2-M Checkpoint,48,-0.15579454,1.1579549,-0.13454284,-0.93214013,-0.47289747,0.17028047,-0.45916535,0.13946801,0.35446455,0.77057512,0.99970003,False,False,monte_carlo_add_one,10000,36895,36896
binary,SECONDARY,S6_line1_only,sensitivity,Glycolysis,48,0.11993974,1.3482939,0.088956669,0.61630988,-0.24977015,0.51471066,-0.20763293,0.37197473,0.54724528,0.80221708,1,False,False,monte_carlo_add_one,10000,36895,36896
binary,SECONDARY,S6_line1_only,sensitivity,Hedgehog Signaling,48,0.25059633,1.3239797,0.18927505,1.311336,-0.1191288,0.62783141,-0.096799089,0.47998738,0.19608039,0.75192481,0.97640236,False,False,monte_carlo_add_one,10000,36895,36896
binary,SECONDARY,S6_line1_only,sensitivity,Hypoxia,48,0.19267487,1.3770347,0.13992013,0.96939507,-0.18940747,0.58387788,-0.15435119,0.41374361,0.33206679,0.77057512,0.99930007,False,False,monte_carlo_add_one,10000,36895,36896
binary,SECONDARY,S6_line1_only,sensitivity,IL-2/STAT5 Signaling,48,0.11268491,1.4060552,0.080142597,0.5552442,-0.2812253,0.50843219,-0.21431844,0.36479911,0.58154185,0.80221708,1,False,False,monte_carlo_add_one,10000,36895,36896
binary,SECONDARY,S6_line1_only,sensitivity,IL-6/JAK/STAT3 Signaling,48,0.22728453,1.2375487,0.18365704,1.2724133,-0.12401739,0.56942856,-0.10243856,0.49548645,0.20657934,0.75192481,0.98180182,False,False,monte_carlo_add_one,10000,36895,36896
binary,SECONDARY,S6_line1_only,sensitivity,Inflammatory Response,48,0.20690859,1.3672557,0.15133131,1.0484541,-0.18058641,0.58835791,-0.13589565,0.44241473,0.3049695,0.77057512,0.99810019,False,False,monte_carlo_add_one,10000,36895,36896
binary,SECONDARY,S6_line1_only,sensitivity,Interferon Alpha Response,48,-0.012597419,1.3072844,-0.0096363262,-0.066762427,-0.37388643,0.35544828,-0.29370905,0.28525323,0.9460054,0.96531163,1,False,False,monte_carlo_add_one,10000,36895,36896
binary,SECONDARY,S6_line1_only,sensitivity,Interferon Gamma Response,48,0.03195126,1.3991152,0.022836761,0.15821772,-0.35789451,0.42110667,-0.25997203,0.31829378,0.87281272,0.90917992,1,False,False,monte_carlo_add_one,10000,36895,36896
binary,SECONDARY,S6_line1_only,sensitivity,KRAS Signaling Dn,48,0.26436571,1.2499528,0.21150056,1.4653189,-0.075541403,0.61672377,-0.06111066,0.52420247,0.14628537,0.75192481,0.93690631,False,False,monte_carlo_add_one,10000,36895,36896
binary,SECONDARY,S6_line1_only,sensitivity,KRAS Signaling Up,48,0.21905885,1.3635416,0.16065433,1.1130458,-0.16653787,0.60098875,-0.12992509,0.43827322,0.26857314,0.77057512,0.99560044,False,False,monte_carlo_add_one,10000,36895,36896
binary,SECONDARY,S6_line1_only,sensitivity,Mitotic Spindle,48,0.15242517,1.2451496,0.12241515,0.84811702,-0.20001024,0.50521694,-0.16590447,0.41665314,0.39476052,0.77508378,0.99990001,False,False,monte_carlo_add_one,10000,36895,36896
binary,SECONDARY,S6_line1_only,sensitivity,Myc Targets V1,48,-0.27251169,1.1202065,-0.24326915,-1.6854181,-0.58057895,0.045588964,-0.57919536,0.039726735,0.094690531,0.75192481,0.83551645,False,False,monte_carlo_add_one,10000,36895,36896
binary,SECONDARY,S6_line1_only,sensitivity,Myc Targets V2,48,-0.23284633,1.2048246,-0.19326159,-1.3389556,-0.56961717,0.10782459,-0.49530296,0.093222712,0.19138086,0.75192481,0.97110289,False,False,monte_carlo_add_one,10000,36895,36896
binary,SECONDARY,S6_line1_only,sensitivity,Myogenesis,48,0.25243529,1.4288912,0.17666516,1.2239721,-0.13988668,0.65574824,-0.11187392,0.4451948,0.22557744,0.75192481,0.98760124,False,False,monte_carlo_add_one,10000,36895,36896
binary,SECONDARY,S6_line1_only,sensitivity,Notch Signaling,48,0.057454821,1.5217358,0.037756107,0.26158198,-0.36967898,0.48779875,-0.26278633,0.32272254,0.79462054,0.88291171,1,False,False,monte_carlo_add_one,10000,36895,36896
binary,SECONDARY,S6_line1_only,sensitivity,Oxidative Phosphorylation,48,-0.21362481,1.4305507,-0.14933047,-1.0345918,-0.60959823,0.19671081,-0.50513249,0.12457356,0.30186981,0.77057512,0.99840016,False,False,monte_carlo_add_one,10000,36895,36896
binary,SECONDARY,S6_line1_only,sensitivity,PI3K/AKT/mTOR  Signaling,48,0.067539181,1.5506897,0.043554285,0.30175294,-0.37212231,0.50898085,-0.26026596,0.32737003,0.76022398,0.87491251,1,False,False,monte_carlo_add_one,10000,36895,36896
binary,SECONDARY,S6_line1_only,sensitivity,Pancreas Beta Cells,48,0.13569763,1.2978534,0.10455544,0.72438131,-0.22066735,0.50108641,-0.1700182,0.41352923,0.46775322,0.77508378,1,False,False,monte_carlo_add_one,10000,36895,36896
binary,SECONDARY,S6_line1_only,sensitivity,Pperoxisome,48,-0.054144745,1.2415479,-0.043610677,-0.30214364,-0.41044978,0.29464408,-0.31621207,0.26521548,0.76992301,0.87491251,1,False,False,monte_carlo_add_one,10000,36895,36896
binary,SECONDARY,S6_line1_only,sensitivity,Protein Secretion,48,0.12451787,1.4761637,0.084352345,0.58441019,-0.31596808,0.52950571,-0.20169795,0.41650896,0.56914309,0.80221708,1,False,False,monte_carlo_add_one,10000,36895,36896
binary,SECONDARY,S6_line1_only,sensitivity,Reactive Oxygen Species Pathway,48,-0.042584702,1.4494403,-0.029380102,-0.20355132,-0.45538295,0.35980986,-0.31254171,0.26323762,0.84281572,0.89661247,1,False,False,monte_carlo_add_one,10000,36895,36896
binary,SECONDARY,S6_line1_only,sensitivity,Spermatogenesis,48,-0.14161587,1.2809973,-0.11055126,-0.7659216,-0.50289139,0.22038821,-0.41109652,0.1755381,0.45315468,0.77508378,1,False,False,monte_carlo_add_one,10000,36895,36896
binary,SECONDARY,S6_line1_only,sensitivity,TGF-beta Signaling,48,0.19732515,1.4460097,0.13646184,0.94543538,-0.21662739,0.5988724,-0.14847423,0.45495294,0.34756524,0.77057512,0.99970003,False,False,monte_carlo_add_one,10000,36895,36896
binary,SECONDARY,S6_line1_only,sensitivity,TNF-alpha Signaling via NF-kB,48,0.16723845,1.4098849,0.11861851,0.82181316,-0.23016971,0.55725166,-0.16962644,0.41631319,0.40745925,0.77508378,1,False,False,monte_carlo_add_one,10000,36895,36896
binary,SECONDARY,S6_line1_only,sensitivity,UV Response Dn,48,0.29523154,1.444417,0.20439495,1.4160897,-0.10696662,0.7155921,-0.086921458,0.4641011,0.16388361,0.75192481,0.95340466,False,False,monte_carlo_add_one,10000,36895,36896
binary,SECONDARY,S6_line1_only,sensitivity,UV Response Up,48,0.27202778,1.2971376,0.2097139,1.4529405,-0.089309524,0.63515615,-0.07286571,0.50216704,0.1549845,0.75192481,0.94160584,False,False,monte_carlo_add_one,10000,36895,36896
binary,SECONDARY,S6_line1_only,sensitivity,Unfolded Protein Response,48,0.067200749,1.3223488,0.050819231,0.35208596,-0.29921701,0.43971491,-0.23136213,0.35112806,0.73392661,0.87491251,1,False,False,monte_carlo_add_one,10000,36895,36896
binary,SECONDARY,S6_line1_only,sensitivity,Wnt-beta Catenin Signaling,48,-0.070155528,1.460083,-0.048049001,-0.33289325,-0.49810555,0.32742266,-0.31164138,0.26753735,0.74142586,0.87491251,1,False,False,monte_carlo_add_one,10000,36895,36896
binary,SECONDARY,S6_line1_only,sensitivity,Xenobiotic Metabolism,48,0.25014269,1.3202516,0.18946592,1.3126584,-0.11708525,0.62075327,-0.09466871,0.48040476,0.19308069,0.75192481,0.97620238,False,False,monte_carlo_add_one,10000,36895,36896
binary,SECONDARY,S6_line1_only,sensitivity,heme Metabolism,48,0.11726117,1.6569092,0.070771031,0.49031609,-0.36339545,0.58109899,-0.2166722,0.38020692,0.62863714,0.80966262,1,False,False,monte_carlo_add_one,10000,36895,36896
binary,SECONDARY,S6_line1_only,sensitivity,mTORC1 Signaling,48,-0.13850099,1.2374197,-0.11192726,-0.7754548,-0.49099562,0.2120654,-0.43371682,0.16800673,0.4349565,0.77508378,1,False,False,monte_carlo_add_one,10000,36895,36896
binary,SECONDARY,S6_line1_only,sensitivity,p53 Pathway,48,0.14139143,1.3948416,0.10136737,0.70229375,-0.2504967,0.53561868,-0.19784193,0.37881728,0.47905209,0.77508378,1,False,False,monte_carlo_add_one,10000,36895,36896
binary,SECONDARY,S6_line2plus_only,sensitivity,Adipogenesis,15,0.40923301,1.5960286,0.25640706,0.99306027,-0.27563524,1.2683006,-0.35539818,0.64222244,0.3895874,0.99200439,1,False,False,exact_enumeration,32768,50664,50665
binary,SECONDARY,S6_line2plus_only,sensitivity,Allograft Rejection,15,0.0097371847,1.1117179,0.0087586831,0.033922234,-0.52607184,0.54488427,-0.53763086,0.54949118,0.97357178,0.99200439,1,False,False,exact_enumeration,32768,50664,50665
binary,SECONDARY,S6_line2plus_only,sensitivity,Androgen Response,15,-0.43900589,1.5614837,-0.28114663,-1.0888762,-1.1950805,0.36164764,-0.97581636,0.23040689,0.293396,0.99200439,0.99993896,False,False,exact_enumeration,32768,50664,50665
binary,SECONDARY,S6_line2plus_only,sensitivity,Angiogenesis,15,-0.10659965,1.0024176,-0.10634255,-0.41186293,-0.59706471,0.40228101,-0.78717234,0.40000789,0.68609619,0.99200439,1,False,False,exact_enumeration,32768,50664,50665
binary,SECONDARY,S6_line2plus_only,sensitivity,Apical Junction,15,0.12666654,1.2546211,0.10096,0.39101638,-0.49806343,0.73626773,-0.47492512,0.65762183,0.70098877,0.99200439,1,False,False,exact_enumeration,32768,50664,50665
binary,SECONDARY,S6_line2plus_only,sensitivity,Apical Surface,15,0.26926223,1.3901751,0.19368943,0.75015594,-0.40198112,0.92522095,-0.33905341,0.73628914,0.46374512,0.99200439,1,False,False,exact_enumeration,32768,50664,50665
binary,SECONDARY,S6_line2plus_only,sensitivity,Apoptosis,15,0.12414984,1.2196811,0.10178876,0.39422619,-0.49947581,0.71340287,-0.3969446,0.69945798,0.70428467,0.99200439,1,False,False,exact_enumeration,32768,50664,50665
binary,SECONDARY,S6_line2plus_only,sensitivity,Bile Acid Metabolism,15,0.42807364,1.395378,0.3067797,1.1881527,-0.24584064,1.1147181,-0.21930108,0.85287076,0.25396729,0.99200439,0.99957275,False,False,exact_enumeration,32768,50664,50665
binary,SECONDARY,S6_line2plus_only,sensitivity,Cholesterol Homeostasis,15,0.44274694,1.3133771,0.33710574,1.3056049,-0.2152526,1.061085,-0.17289172,1.0840854,0.20892334,0.99200439,0.99786377,False,False,exact_enumeration,32768,50664,50665
binary,SECONDARY,S6_line2plus_only,sensitivity,Coagulation,15,0.083190032,1.4520043,0.057293239,0.22189576,-0.6713894,0.77363473,-0.47357209,0.66143366,0.82678223,0.99200439,1,False,False,exact_enumeration,32768,50664,50665
binary,SECONDARY,S6_line2plus_only,sensitivity,Complement,15,0.050967704,1.2717193,0.040077793,0.15522062,-0.60732849,0.64161744,-0.4374441,0.68941843,0.89239502,0.99200439,1,False,False,exact_enumeration,32768,50664,50665
binary,SECONDARY,S6_line2plus_only,sensitivity,DNA Repair,15,0.1384676,0.99357064,0.13936362,0.53975296,-0.33787133,0.63122746,-0.40374405,0.7126067,0.60766602,0.99200439,1,False,False,exact_enumeration,32768,50664,50665
binary,SECONDARY,S6_line2plus_only,sensitivity,E2F Targets,15,-0.033692147,0.96874895,-0.034779028,-0.1346986,-0.51635084,0.42660385,-0.55692998,0.54444936,0.89459229,0.99200439,1,False,False,exact_enumeration,32768,50664,50665
binary,SECONDARY,S6_line2plus_only,sensitivity,Epithelial Mesenchymal Transition,15,0.10839216,1.1643519,0.09309227,0.36054481,-0.47609327,0.67573294,-0.45105824,0.67291025,0.71929932,0.99200439,1,False,False,exact_enumeration,32768,50664,50665
binary,SECONDARY,S6_line2plus_only,sensitivity,Estrogen Response Early,15,0.033950699,1.1740874,0.02891667,0.11199378,-0.52678099,0.62589456,-0.63745356,0.5231165,0.91241455,0.99200439,1,False,False,exact_enumeration,32768,50664,50665
binary,SECONDARY,S6_line2plus_only,sensitivity,Estrogen Response Late,15,0.20164016,1.3331375,0.15125234,0.58579779,-0.43680973,0.86898962,-0.48617068,0.63070819,0.56573486,0.99200439,1,False,False,exact_enumeration,32768,50664,50665
binary,SECONDARY,S6_line2plus_only,sensitivity,Fatty Acid Metabolism,15,0.018616808,1.5071855,0.012352034,0.047839224,-0.69360489,0.78238586,-0.66805958,0.48906551,0.96429443,0.99200439,1,False,False,exact_enumeration,32768,50664,50665
binary,SECONDARY,S6_line2plus_only,sensitivity,G2-M Checkpoint,15,-0.031327918,1.0590188,-0.029582021,-0.11457068,-0.56443234,0.46302411,-0.53874662,0.58831509,0.91113281,0.99200439,1,False,False,exact_enumeration,32768,50664,50665
binary,SECONDARY,S6_line2plus_only,sensitivity,Glycolysis,15,-0.050781272,1.4358626,-0.035366387,-0.13697343,-0.7663828,0.65649432,-0.60184717,0.51621255,0.89312744,0.99200439,1,False,False,exact_enumeration,32768,50664,50665
binary,SECONDARY,S6_line2plus_only,sensitivity,Hedgehog Signaling,15,-0.088849563,1.0657691,-0.083366619,-0.32287753,-0.60978828,0.42494392,-0.71710449,0.42915278,0.75109863,0.99200439,1,False,False,exact_enumeration,32768,50664,50665
binary,SECONDARY,S6_line2plus_only,sensitivity,Hypoxia,15,0.12536078,1.1123611,0.11269792,0.43647716,-0.44413169,0.65945875,-0.40260476,0.72678406,0.66900635,0.99200439,1,False,False,exact_enumeration,32768,50664,50665
binary,SECONDARY,S6_line2plus_only,sensitivity,IL-2/STAT5 Signaling,15,0.0052238066,1.0933637,0.0047777393,0.018504105,-0.51782529,0.55526293,-0.64433269,0.49989374,0.98449707,0.99200439,1,False,False,exact_enumeration,32768,50664,50665
binary,SECONDARY,S6_line2plus_only,sensitivity,IL-6/JAK/STAT3 Signaling,15,-0.0092076987,1.2927084,-0.0071227964,-0.027586472,-0.69793925,0.57502553,-0.46416672,0.62572133,0.98052979,0.99200439,1,False,False,exact_enumeration,32768,50664,50665
binary,SECONDARY,S6_line2plus_only,sensitivity,Inflammatory Response,15,0.25225534,1.5079268,0.1672862,0.64789665,-0.5442199,0.93796135,-0.30131448,0.87900789,0.54156494,0.99200439,1,False,False,exact_enumeration,32768,50664,50665
binary,SECONDARY,S6_line2plus_only,sensitivity,Interferon Alpha Response,15,-0.21658651,1.2046034,-0.17979902,-0.69635863,-0.78021533,0.3773664,-0.77880746,0.3379377,0.4921875,0.99200439,1,False,False,exact_enumeration,32768,50664,50665
binary,SECONDARY,S6_line2plus_only,sensitivity,Interferon Gamma Response,15,-0.21865441,1.1499919,-0.19013561,-0.73639205,-0.75009261,0.36880958,-0.86446279,0.30957054,0.47564697,0.99200439,1,False,False,exact_enumeration,32768,50664,50665
binary,SECONDARY,S6_line2plus_only,sensitivity,KRAS Signaling Dn,15,-0.20831739,1.2079724,-0.17245212,-0.66790418,-0.80009505,0.36005737,-0.77897184,0.34037294,0.51123047,0.99200439,1,False,False,exact_enumeration,32768,50664,50665
binary,SECONDARY,S6_line2plus_only,sensitivity,KRAS Signaling Up,15,0.0040552934,1.3775968,0.0029437447,0.011401074,-0.71180454,0.64773454,-0.47855553,0.64356245,0.99200439,0.99200439,1,False,False,exact_enumeration,32768,50664,50665
binary,SECONDARY,S6_line2plus_only,sensitivity,Mitotic Spindle,15,-0.0500315,1.0450212,-0.047876063,-0.18542319,-0.55593635,0.45405716,-0.60543446,0.50080048,0.85498047,0.99200439,1,False,False,exact_enumeration,32768,50664,50665
binary,SECONDARY,S6_line2plus_only,sensitivity,Myc Targets V1,15,0.13487684,1.3327879,0.10119903,0.39194216,-0.51547657,0.78608607,-0.45766978,0.64925192,0.70739746,0.99200439,1,False,False,exact_enumeration,32768,50664,50665
binary,SECONDARY,S6_line2plus_only,sensitivity,Myc Targets V2,15,0.42314356,1.7141152,0.2468583,0.95607807,-0.43336926,1.2346579,-0.25913294,0.89930669,0.34844971,0.99200439,1,False,False,exact_enumeration,32768,50664,50665
binary,SECONDARY,S6_line2plus_only,sensitivity,Myogenesis,15,0.34631009,1.1906672,0.29085382,1.126472,-0.23186054,0.93122281,-0.22576583,0.88366644,0.27435303,0.99200439,0.99993896,False,False,exact_enumeration,32768,50664,50665
binary,SECONDARY,S6_line2plus_only,sensitivity,Notch Signaling,15,0.46075243,1.1689202,0.39416928,1.5266111,-0.10664401,1.0329233,-0.090816026,1.0763054,0.15185547,0.99200439,0.98284912,False,False,exact_enumeration,32768,50664,50665
binary,SECONDARY,S6_line2plus_only,sensitivity,Oxidative Phosphorylation,15,-0.20399032,0.8426477,-0.24208257,-0.93758177,-0.62344917,0.20716561,-0.81050929,0.29136435,0.36071777,0.99200439,1,False,False,exact_enumeration,32768,50664,50665
binary,SECONDARY,S6_line2plus_only,sensitivity,PI3K/AKT/mTOR  Signaling,15,-0.030877054,1.4286899,-0.021612145,-0.083703479,-0.73975042,0.64416955,-0.58159602,0.52756243,0.9329834,0.99200439,1,False,False,exact_enumeration,32768,50664,50665
binary,SECONDARY,S6_line2plus_only,sensitivity,Pancreas Beta Cells,15,0.019053092,1.3971472,0.01363714,0.052816417,-0.65722144,0.71014968,-0.6210411,0.52021938,0.95727539,0.99200439,1,False,False,exact_enumeration,32768,50664,50665
binary,SECONDARY,S6_line2plus_only,sensitivity,Pperoxisome,15,0.1890011,1.2162392,0.15539798,0.60185377,-0.3587802,0.82775641,-0.50822979,0.59597243,0.57550049,0.99200439,1,False,False,exact_enumeration,32768,50664,50665
binary,SECONDARY,S6_line2plus_only,sensitivity,Protein Secretion,15,-0.029201276,1.5858489,-0.018413656,-0.071315783,-0.86205757,0.69349198,-0.5092298,0.61346942,0.9442749,0.99200439,1,False,False,exact_enumeration,32768,50664,50665
binary,SECONDARY,S6_line2plus_only,sensitivity,Reactive Oxygen Species Pathway,15,0.3804144,1.3664893,0.27838812,1.0781926,-0.2381593,1.0766721,-0.26218562,0.74454354,0.31011963,0.99200439,0.99993896,False,False,exact_enumeration,32768,50664,50665
binary,SECONDARY,S6_line2plus_only,sensitivity,Spermatogenesis,15,0.045271183,1.2810658,0.035338688,0.13686615,-0.53903531,0.69386951,-0.72382511,0.47855298,0.89562988,0.99200439,1,False,False,exact_enumeration,32768,50664,50665
binary,SECONDARY,S6_line2plus_only,sensitivity,TGF-beta Signaling,15,0.15211793,1.3609914,0.11176995,0.43288314,-0.55125535,0.7989922,-0.38207632,0.78130961,0.67156982,0.99200439,1,False,False,exact_enumeration,32768,50664,50665
binary,SECONDARY,S6_line2plus_only,sensitivity,TNF-alpha Signaling via NF-kB,15,0.16214954,1.4289676,0.11347321,0.43947986,-0.61563366,0.79453111,-0.33130213,0.93069413,0.65551758,0.99200439,1,False,False,exact_enumeration,32768,50664,50665
binary,SECONDARY,S6_line2plus_only,sensitivity,UV Response Dn,15,0.066001263,1.2629028,0.052261555,0.20240813,-0.5588608,0.67860404,-0.48667736,0.64862275,0.83892822,0.99200439,1,False,False,exact_enumeration,32768,50664,50665
binary,SECONDARY,S6_line2plus_only,sensitivity,UV Response Up,15,0.09900965,1.4958266,0.066190593,0.25635507,-0.66281331,0.79934003,-0.44865894,0.72124366,0.79748535,0.99200439,1,False,False,exact_enumeration,32768,50664,50665
binary,SECONDARY,S6_line2plus_only,sensitivity,Unfolded Protein Response,15,0.38006379,1.6390494,0.23188062,0.89806979,-0.4404536,1.1755366,-0.29681414,0.85833081,0.3793335,0.99200439,1,False,False,exact_enumeration,32768,50664,50665
binary,SECONDARY,S6_line2plus_only,sensitivity,Wnt-beta Catenin Signaling,15,0.57754528,1.4724823,0.39222563,1.5190833,-0.12976405,1.2831913,-0.10359969,0.94124146,0.1529541,0.99200439,0.98406982,False,False,exact_enumeration,32768,50664,50665
binary,SECONDARY,S6_line2plus_only,sensitivity,Xenobiotic Metabolism,15,-0.032864792,1.3811653,-0.023794974,-0.092157537,-0.71311974,0.62432866,-0.60440506,0.50685167,0.92736816,0.99200439,1,False,False,exact_enumeration,32768,50664,50665
binary,SECONDARY,S6_line2plus_only,sensitivity,heme Metabolism,15,0.27950136,1.5638509,0.17872635,0.69220417,-0.31456624,1.1660226,-0.61189881,0.50483254,0.72625732,0.99200439,1,False,False,exact_enumeration,32768,50664,50665
binary,SECONDARY,S6_line2plus_only,sensitivity,mTORC1 Signaling,15,0.20538682,0.96802137,0.21217178,0.82173778,-0.25861351,0.68766831,-0.3189248,0.7544189,0.4317627,0.99200439,1,False,False,exact_enumeration,32768,50664,50665
binary,SECONDARY,S6_line2plus_only,sensitivity,p53 Pathway,15,-0.20192634,1.1804726,-0.17105552,-0.66249517,-0.82201986,0.34749993,-0.67191945,0.40788377,0.53045654,0.99200439,1,False,False,exact_enumeration,32768,50664,50665
binary,SECONDARY,S7_discovery_trainval_pairs,descriptive,Adipogenesis,40,0.20017483,1.2960816,0.15444617,0.97680332,-0.18679565,0.6152733,-0.16555526,0.45863768,0.33816618,0.95627937,0.99980002,False,False,monte_carlo_add_one,10000,10070,10071
binary,SECONDARY,S7_discovery_trainval_pairs,descriptive,Allograft Rejection,40,-0.15956716,1.3608302,-0.11725722,-0.74159978,-0.57325996,0.26496179,-0.4387423,0.19940226,0.46275372,0.95627937,1,False,False,monte_carlo_add_one,10000,10070,10071
binary,SECONDARY,S7_discovery_trainval_pairs,descriptive,Androgen Response,40,-0.25617264,1.5082301,-0.16984984,-1.0742247,-0.72160704,0.21838385,-0.51216691,0.14687096,0.29487051,0.95627937,0.99890011,False,False,monte_carlo_add_one,10000,10070,10071
binary,SECONDARY,S7_discovery_trainval_pairs,descriptive,Angiogenesis,40,0.0087681,1.2502421,0.0070131218,0.044354877,-0.36234456,0.40590269,-0.33809865,0.30996951,0.9660034,0.97920208,1,False,False,monte_carlo_add_one,10000,10070,10071
binary,SECONDARY,S7_discovery_trainval_pairs,descriptive,Apical Junction,40,0.17047755,1.1946263,0.14270367,0.90253727,-0.18995517,0.53708791,-0.16901449,0.46456411,0.37986201,0.95627937,1,False,False,monte_carlo_add_one,10000,10070,10071
binary,SECONDARY,S7_discovery_trainval_pairs,descriptive,Apical Surface,40,0.1164818,1.4798338,0.078712763,0.49782322,-0.33063155,0.58269737,-0.24260162,0.39920697,0.62433757,0.95627937,1,False,False,monte_carlo_add_one,10000,10070,10071
binary,SECONDARY,S7_discovery_trainval_pairs,descriptive,Apoptosis,40,-0.0092414988,1.2890541,-0.0071692095,-0.045342062,-0.39213656,0.39434354,-0.32882442,0.31664006,0.96740326,0.97920208,1,False,False,monte_carlo_add_one,10000,10070,10071
binary,SECONDARY,S7_discovery_trainval_pairs,descriptive,Bile Acid Metabolism,40,0.17531293,1.4288363,0.12269631,0.77599958,-0.25492104,0.62569982,-0.19645362,0.43688525,0.44635536,0.95627937,1,False,False,monte_carlo_add_one,10000,10070,10071
binary,SECONDARY,S7_discovery_trainval_pairs,descriptive,Cholesterol Homeostasis,40,0.20576789,1.3185413,0.15605722,0.98699251,-0.19183608,0.61610214,-0.15274772,0.48921025,0.33256674,0.95627937,0.99980002,False,False,monte_carlo_add_one,10000,10070,10071
binary,SECONDARY,S7_discovery_trainval_pairs,descriptive,Coagulation,40,0.248245,1.2289106,0.20200412,1.2775862,-0.11857315,0.63571881,-0.10507048,0.51691518,0.21367863,0.95627937,0.98670133,False,False,monte_carlo_add_one,10000,10070,10071
binary,SECONDARY,S7_discovery_trainval_pairs,descriptive,Complement,40,0.079828726,1.3732611,0.058130773,0.36765129,-0.33494453,0.50926016,-0.26465687,0.380505,0.71632837,0.95627937,1,False,False,monte_carlo_add_one,10000,10070,10071
binary,SECONDARY,S7_discovery_trainval_pairs,descriptive,DNA Repair,40,-0.14744184,1.2150457,-0.12134675,-0.76746422,-0.5155869,0.22903636,-0.45625965,0.19173423,0.44755524,0.95627937,1,False,False,monte_carlo_add_one,10000,10070,10071
binary,SECONDARY,S7_discovery_trainval_pairs,descriptive,E2F Targets,40,-0.15584749,1.1347925,-0.13733566,-0.86858701,-0.50553167,0.18997435,-0.46223265,0.17243647,0.39286071,0.95627937,1,False,False,monte_carlo_add_one,10000,10070,10071
binary,SECONDARY,S7_discovery_trainval_pairs,descriptive,Epithelial Mesenchymal Transition,40,0.14687411,1.1494155,0.12778157,0.80816159,-0.19843705,0.51294393,-0.1909322,0.439235,0.4339566,0.95627937,1,False,False,monte_carlo_add_one,10000,10070,10071
binary,SECONDARY,S7_discovery_trainval_pairs,descriptive,Estrogen Response Early,40,-0.066516011,1.0914285,-0.060943996,-0.38544367,-0.40093167,0.27492449,-0.41451224,0.24963396,0.70742926,0.95627937,1,False,False,monte_carlo_add_one,10000,10070,10071
binary,SECONDARY,S7_discovery_trainval_pairs,descriptive,Estrogen Response Late,40,0.074765536,1.1921675,0.062713952,0.39663786,-0.28608155,0.44481965,-0.27242204,0.36661742,0.70352965,0.95627937,1,False,False,monte_carlo_add_one,10000,10070,10071
binary,SECONDARY,S7_discovery_trainval_pairs,descriptive,Fatty Acid Metabolism,40,0.11576746,1.3369546,0.086590422,0.54764591,-0.28013948,0.53158527,-0.22758183,0.40018938,0.59414059,0.95627937,1,False,False,monte_carlo_add_one,10000,10070,10071
binary,SECONDARY,S7_discovery_trainval_pairs,descriptive,G2-M Checkpoint,40,-0.11353412,1.1466086,-0.099017323,-0.62624054,-0.46671319,0.24016111,-0.42981325,0.21331918,0.53194681,0.95627937,1,False,False,monte_carlo_add_one,10000,10070,10071
binary,SECONDARY,S7_discovery_trainval_pairs,descriptive,Glycolysis,40,0.030091421,1.3406926,0.022444684,0.14195265,-0.36411278,0.4532319,-0.3108581,0.32075423,0.89221078,0.97920208,1,False,False,monte_carlo_add_one,10000,10070,10071
binary,SECONDARY,S7_discovery_trainval_pairs,descriptive,Hedgehog Signaling,40,-0.11537747,1.2180397,-0.094723901,-0.59908655,-0.48439093,0.26611524,-0.45020895,0.21260056,0.54544546,0.95627937,1,False,False,monte_carlo_add_one,10000,10070,10071
binary,SECONDARY,S7_discovery_trainval_pairs,descriptive,Hypoxia,40,0.062932877,1.2284514,0.051229442,0.32400344,-0.30244986,0.44638155,-0.28841075,0.34705056,0.74982502,0.95627937,1,False,False,monte_carlo_add_one,10000,10070,10071
binary,SECONDARY,S7_discovery_trainval_pairs,descriptive,IL-2/STAT5 Signaling,40,-0.0053185235,1.3206567,-0.004027181,-0.025470129,-0.41036413,0.40475371,-0.33291644,0.31556,0.97920208,0.97920208,1,False,False,monte_carlo_add_one,10000,10070,10071
binary,SECONDARY,S7_discovery_trainval_pairs,descriptive,IL-6/JAK/STAT3 Signaling,40,0.077000298,1.1548826,0.0666737,0.42168151,-0.27679916,0.42947827,-0.23348698,0.41955534,0.67373263,0.95627937,1,False,False,monte_carlo_add_one,10000,10070,10071
binary,SECONDARY,S7_discovery_trainval_pairs,descriptive,Inflammatory Response,40,0.14426747,1.3716804,0.10517571,0.66518961,-0.26772029,0.5734284,-0.20328886,0.44248219,0.5190481,0.95627937,1,False,False,monte_carlo_add_one,10000,10070,10071
binary,SECONDARY,S7_discovery_trainval_pairs,descriptive,Interferon Alpha Response,40,-0.078050615,1.3002761,-0.060026188,-0.37963895,-0.47058089,0.31806139,-0.38427984,0.25391495,0.70762924,0.95627937,1,False,False,monte_carlo_add_one,10000,10070,10071
binary,SECONDARY,S7_discovery_trainval_pairs,descriptive,Interferon Gamma Response,40,-0.13034651,1.3547773,-0.0962125,-0.60850128,-0.5351319,0.2810156,-0.41864494,0.21628925,0.56114389,0.95627937,1,False,False,monte_carlo_add_one,10000,10070,10071
binary,SECONDARY,S7_discovery_trainval_pairs,descriptive,KRAS Signaling Dn,40,0.10411395,1.1796719,0.088256698,0.55818437,-0.26003339,0.4606525,-0.23135524,0.40883972,0.57094291,0.95627937,1,False,False,monte_carlo_add_one,10000,10070,10071
binary,SECONDARY,S7_discovery_trainval_pairs,descriptive,KRAS Signaling Up,40,0.10745138,1.235463,0.086972559,0.55006276,-0.26458418,0.49064836,-0.23289802,0.40209406,0.58574143,0.95627937,1,False,False,monte_carlo_add_one,10000,10070,10071
binary,SECONDARY,S7_discovery_trainval_pairs,descriptive,Mitotic Spindle,40,0.077063661,1.180811,0.065263335,0.41276157,-0.28592284,0.43742342,-0.24750634,0.39533794,0.68283172,0.95627937,1,False,False,monte_carlo_add_one,10000,10070,10071
binary,SECONDARY,S7_discovery_trainval_pairs,descriptive,Myc Targets V1,40,-0.14101907,1.2376331,-0.11394254,-0.72063591,-0.50859929,0.24870556,-0.46658094,0.1959243,0.48755124,0.95627937,1,False,False,monte_carlo_add_one,10000,10070,10071
binary,SECONDARY,S7_discovery_trainval_pairs,descriptive,Myc Targets V2,40,-0.017224914,1.4541683,-0.0118452,-0.074915622,-0.45879111,0.43277394,-0.33123735,0.30938862,0.93950605,0.97920208,1,False,False,monte_carlo_add_one,10000,10070,10071
binary,SECONDARY,S7_discovery_trainval_pairs,descriptive,Myogenesis,40,0.1946683,1.3410281,0.14516347,0.91809442,-0.20442904,0.62285207,-0.16958901,0.46111487,0.37236276,0.95627937,0.99990001,False,False,monte_carlo_add_one,10000,10070,10071
binary,SECONDARY,S7_discovery_trainval_pairs,descriptive,Notch Signaling,40,-0.10105916,1.3021477,-0.077609598,-0.49084619,-0.5150712,0.28249361,-0.37931232,0.25163714,0.62913709,0.95627937,1,False,False,monte_carlo_add_one,10000,10070,10071
binary,SECONDARY,S7_discovery_trainval_pairs,descriptive,Oxidative Phosphorylation,40,-0.30068512,1.4727999,-0.20415884,-1.2912139,-0.74301527,0.16560728,-0.63917123,0.096356727,0.20507949,0.95627937,0.98510149,False,False,monte_carlo_add_one,10000,10070,10071
binary,SECONDARY,S7_discovery_trainval_pairs,descriptive,PI3K/AKT/mTOR  Signaling,40,0.078150138,1.4677877,0.05324349,0.3367414,-0.36266319,0.53145241,-0.26393471,0.37215075,0.73632637,0.95627937,1,False,False,monte_carlo_add_one,10000,10070,10071
binary,SECONDARY,S7_discovery_trainval_pairs,descriptive,Pancreas Beta Cells,40,0.13941085,1.3394839,0.10407803,0.65824727,-0.26952456,0.53924428,-0.20726826,0.43305811,0.51084892,0.95627937,1,False,False,monte_carlo_add_one,10000,10070,10071
binary,SECONDARY,S7_discovery_trainval_pairs,descriptive,Pperoxisome,40,-0.16430275,1.2951509,-0.12685993,-0.80233264,-0.56192634,0.2262057,-0.44564799,0.18870359,0.43055694,0.95627937,1,False,False,monte_carlo_add_one,10000,10070,10071
binary,SECONDARY,S7_discovery_trainval_pairs,descriptive,Protein Secretion,40,0.10770008,1.4737992,0.073076491,0.46217631,-0.34291147,0.54797866,-0.22633866,0.42727699,0.65673433,0.95627937,1,False,False,monte_carlo_add_one,10000,10070,10071
binary,SECONDARY,S7_discovery_trainval_pairs,descriptive,Reactive Oxygen Species Pathway,40,0.01240898,1.4489992,0.0085638281,0.054162404,-0.43077568,0.45259281,-0.29194376,0.34753266,0.95920408,0.97920208,1,False,False,monte_carlo_add_one,10000,10070,10071
binary,SECONDARY,S7_discovery_trainval_pairs,descriptive,Spermatogenesis,40,0.019052899,1.3347785,0.014274203,0.090277987,-0.39432877,0.42596621,-0.31390663,0.33050198,0.92950705,0.97920208,1,False,False,monte_carlo_add_one,10000,10070,10071
binary,SECONDARY,S7_discovery_trainval_pairs,descriptive,TGF-beta Signaling,40,0.29387772,1.4429197,0.2036688,1.2881146,-0.15605114,0.73201635,-0.10698779,0.5737146,0.20857914,0.95627937,0.98530147,False,False,monte_carlo_add_one,10000,10070,10071
binary,SECONDARY,S7_discovery_trainval_pairs,descriptive,TNF-alpha Signaling via NF-kB,40,0.040014648,1.3803212,0.028989375,0.18334491,-0.37416708,0.46773917,-0.28475865,0.35398983,0.86021398,0.97920208,1,False,False,monte_carlo_add_one,10000,10070,10071
binary,SECONDARY,S7_discovery_trainval_pairs,descriptive,UV Response Dn,40,0.059203799,1.1964159,0.049484297,0.31296618,-0.30885199,0.4293478,-0.26284586,0.38067873,0.7650235,0.95627937,1,False,False,monte_carlo_add_one,10000,10070,10071
binary,SECONDARY,S7_discovery_trainval_pairs,descriptive,UV Response Up,40,0.12568698,1.2176405,0.10322175,0.65283166,-0.25379832,0.51295207,-0.22635264,0.42152856,0.51924808,0.95627937,1,False,False,monte_carlo_add_one,10000,10070,10071
binary,SECONDARY,S7_discovery_trainval_pairs,descriptive,Unfolded Protein Response,40,0.25270591,1.2781197,0.19771694,1.2504717,-0.14479756,0.63797156,-0.11085416,0.57935692,0.22137786,0.95627937,0.99010099,False,False,monte_carlo_add_one,10000,10070,10071
binary,SECONDARY,S7_discovery_trainval_pairs,descriptive,Wnt-beta Catenin Signaling,40,0.11585699,1.3080371,0.088573164,0.56018587,-0.28600895,0.51459409,-0.22229457,0.42637447,0.57214279,0.95627937,1,False,False,monte_carlo_add_one,10000,10070,10071
binary,SECONDARY,S7_discovery_trainval_pairs,descriptive,Xenobiotic Metabolism,40,0.13841519,1.2868825,0.10755854,0.68025992,-0.24951746,0.54053026,-0.20615016,0.42802043,0.51084892,0.95627937,1,False,False,monte_carlo_add_one,10000,10070,10071
binary,SECONDARY,S7_discovery_trainval_pairs,descriptive,heme Metabolism,40,-0.071285758,1.6745151,-0.042570985,-0.26924255,-0.57741475,0.44028642,-0.36187704,0.27790059,0.79012099,0.96356218,1,False,False,monte_carlo_add_one,10000,10070,10071
binary,SECONDARY,S7_discovery_trainval_pairs,descriptive,mTORC1 Signaling,40,-0.13746145,1.2201964,-0.11265519,-0.71249395,-0.50868816,0.24425271,-0.44099776,0.20372794,0.48935106,0.95627937,1,False,False,monte_carlo_add_one,10000,10070,10071
binary,SECONDARY,S7_discovery_trainval_pairs,descriptive,p53 Pathway,40,-0.016250451,1.1840654,-0.013724285,-0.086799999,-0.37905747,0.35290996,-0.34792082,0.29847891,0.93470653,0.97920208,1,False,False,monte_carlo_add_one,10000,10070,10071
